¡∂ªÁ¿œ,∫–∑˘,¡ˆ¡°∏Ì,√§ºˆ¿ßƒ°,¡∂ªÁ¿œ,ºˆø¬,pH,DO,≈ı∏Ìµµ,≈πµµ,Chl-a ,¿Ø«ÿ≥≤¡∂∑˘ºº∆˜ºˆ,Microcystis,Anabaena,Oscillatoria,Aphanizomenon,¡ˆø¿Ω∫πŒ,2MIB,Microcystin-LR 
2023-01-02,«œ√µ,Ω¬√Ã∫∏,±§ªÍ,2023.01.02,,,,,,,,,,,,,,
2012-01-23,«œ√µ,Ω¬√Ã∫∏,±§ªÍ,2012.01.23,5.9,8.4,12.9,,,96.9,0.0,0.0,0.0,0.0,0.0,,,
2012-01-24,«œ√µ,Ω¬√Ã∫∏,±§ªÍ,2012.01.24,4.6,7.7,14.4,,,56.9,0.0,0.0,0.0,0.0,0.0,,,
2012-01-26,«œ√µ,Ω¬√Ã∫∏,±§ªÍ,2012.01.26,4.2,8.4,15.4,,,70.4,0.0,0.0,0.0,0.0,0.0,,,
2012-01-27,«œ√µ,Ω¬√Ã∫∏,±§ªÍ,2012.01.27,4.3,7.9,15.6,,,75.5,0.0,0.0,0.0,0.0,0.0,,,
2012-01-30,«œ√µ,Ω¬√Ã∫∏,±§ªÍ,2012.01.30,5.9,8.5,16.3,,,54.4,0.0,0.0,0.0,0.0,0.0,,,
2012-01-05,«œ√µ,Ω¬√Ã∫∏,±§ªÍ,2012.01.05,6.3,8.0,14.2,,,23.6,0.0,0.0,0.0,0.0,0.0,,,
2012-01-09,«œ√µ,Ω¬√Ã∫∏,±§ªÍ,2012.01.09,5.9,7.9,14.3,,,25.4,0.0,0.0,0.0,0.0,0.0,,,
2012-01-12,«œ√µ,Ω¬√Ã∫∏,±§ªÍ,2012.01.12,5.1,7.6,13.5,,,33.4,0.0,0.0,0.0,0.0,0.0,,,
2012-01-17,«œ√µ,Ω¬√Ã∫∏,±§ªÍ,2012.01.17,8.2,8.3,14.3,,,73.4,0.0,0.0,0.0,0.0,0.0,,,
2012-01-18,«œ√µ,Ω¬√Ã∫∏,±§ªÍ,2012.01.18,6.1,7.2,12.8,,,66.6,0.0,0.0,0.0,0.0,0.0,,,
2012-01-19,«œ√µ,Ω¬√Ã∫∏,±§ªÍ,2012.01.19,7.8,8.4,15.1,,,84.8,0.0,0.0,0.0,0.0,0.0,,,
2012-01-20,«œ√µ,Ω¬√Ã∫∏,±§ªÍ,2012.01.20,9.4,8.2,14.1,,,83.0,0.0,0.0,0.0,0.0,0.0,,,
2012-01-21,«œ√µ,Ω¬√Ã∫∏,±§ªÍ,2012.01.21,8.7,8.1,13.0,,,86.7,0.0,0.0,0.0,0.0,0.0,,,
2012-01-22,«œ√µ,Ω¬√Ã∫∏,±§ªÍ,2012.01.22,6.4,8.0,11.8,,,64.3,0.0,0.0,0.0,0.0,0.0,,,
2012-02-02,«œ√µ,Ω¬√Ã∫∏,±§ªÍ,2012.02.02,4.8,7.6,14.1,,,51.4,0.0,0.0,0.0,0.0,0.0,,,
2012-02-06,«œ√µ,Ω¬√Ã∫∏,±§ªÍ,2012.02.06,4.7,8.3,12.8,,,40.4,0.0,0.0,0.0,0.0,0.0,,,
2012-02-09,«œ√µ,Ω¬√Ã∫∏,±§ªÍ,2012.02.09,6.1,7.3,13.6,,,30.2,0.0,0.0,0.0,0.0,0.0,,,
2012-02-13,«œ√µ,Ω¬√Ã∫∏,±§ªÍ,2012.02.13,6.7,7.6,13.1,,,70.1,0.0,0.0,0.0,0.0,0.0,,,
2012-02-16,«œ√µ,Ω¬√Ã∫∏,±§ªÍ,2012.02.16,6.9,8.0,13.2,,,103.7,0.0,0.0,0.0,0.0,0.0,,,
2012-02-20,«œ√µ,Ω¬√Ã∫∏,±§ªÍ,2012.02.20,7.1,8.0,13.9,,,49.6,0.0,0.0,0.0,0.0,0.0,,,
2012-02-23,«œ√µ,Ω¬√Ã∫∏,±§ªÍ,2012.02.23,8.3,7.8,13.9,,,80.2,0.0,0.0,0.0,0.0,0.0,,,
2012-02-27,«œ√µ,Ω¬√Ã∫∏,±§ªÍ,2012.02.27,8.1,7.9,13.6,,,43.6,0.0,0.0,0.0,0.0,0.0,,,
2012-03-05,«œ√µ,Ω¬√Ã∫∏,±§ªÍ,2012.03.05,10.5,7.4,10.6,,,63.1,0.0,0.0,0.0,0.0,0.0,,,
2012-03-12,«œ√µ,Ω¬√Ã∫∏,±§ªÍ,2012.03.12,7.2,8.1,12.9,,,53.9,0.0,0.0,0.0,0.0,0.0,,,
2012-03-15,«œ√µ,Ω¬√Ã∫∏,±§ªÍ,2012.03.15,9.6,7.6,12.7,,,43.6,0.0,0.0,0.0,0.0,0.0,,,
2012-03-19,«œ√µ,Ω¬√Ã∫∏,±§ªÍ,2012.03.19,10.3,7.8,12.4,,,67.4,0.0,0.0,0.0,0.0,0.0,,,
2012-03-22,«œ√µ,Ω¬√Ã∫∏,±§ªÍ,2012.03.22,10.6,7.8,12.4,,,82.6,0.0,0.0,0.0,0.0,0.0,,,
2012-03-26,«œ√µ,Ω¬√Ã∫∏,±§ªÍ,2012.03.26,10.0,8.3,12.2,,,92.4,0.0,0.0,0.0,0.0,0.0,,,
2012-04-02,«œ√µ,Ω¬√Ã∫∏,±§ªÍ,2012.04.02,12.8,7.3,11.1,,,90.3,0.0,0.0,0.0,0.0,0.0,,,
2012-04-09,«œ√µ,Ω¬√Ã∫∏,±§ªÍ,2012.04.09,15.8,8.9,16.5,,,162.3,0.0,0.0,0.0,0.0,0.0,,,
2012-04-10,«œ√µ,Ω¬√Ã∫∏,±§ªÍ,2012.04.10,15.1,7.8,13.4,,,151.1,0.0,0.0,0.0,0.0,0.0,,,
2012-04-12,«œ√µ,Ω¬√Ã∫∏,±§ªÍ,2012.04.12,17.0,8.8,18.0,,,138.8,0.0,0.0,0.0,0.0,0.0,,,
2012-04-16,«œ√µ,Ω¬√Ã∫∏,±§ªÍ,2012.04.16,18.4,7.5,14.3,,,66.9,0.0,0.0,0.0,0.0,0.0,,,
2012-04-23,«œ√µ,Ω¬√Ã∫∏,±§ªÍ,2012.04.23,17.3,7.4,7.0,,,30.3,0.0,0.0,0.0,0.0,0.0,,,
2012-04-26,«œ√µ,Ω¬√Ã∫∏,±§ªÍ,2012.04.26,17.2,7.2,8.1,,,61.3,0.0,0.0,0.0,0.0,0.0,,,
2012-04-30,«œ√µ,Ω¬√Ã∫∏,±§ªÍ,2012.04.30,18.6,7.1,11.6,,,62.0,0.0,0.0,0.0,0.0,0.0,,,
2012-05-29,«œ√µ,Ω¬√Ã∫∏,±§ªÍ,2012.05.29,28.1,8.7,14.1,,,83.3,0.0,0.0,0.0,0.0,0.0,,,
2012-05-30,«œ√µ,Ω¬√Ã∫∏,±§ªÍ,2012.05.30,23.5,7.0,8.1,,,76.6,500.0,0.0,500.0,0.0,0.0,,,
2012-05-31,«œ√µ,Ω¬√Ã∫∏,±§ªÍ,2012.05.31,24.2,8.0,10.3,,,120.9,0.0,0.0,0.0,0.0,0.0,,,
2012-05-03,«œ√µ,Ω¬√Ã∫∏,±§ªÍ,2012.05.03,21.1,7.3,11.3,,,70.9,0.0,0.0,0.0,0.0,0.0,,,
2012-05-07,«œ√µ,Ω¬√Ã∫∏,±§ªÍ,2012.05.07,24.6,8.7,13.8,,,76.9,0.0,0.0,0.0,0.0,0.0,,,
2012-05-10,«œ√µ,Ω¬√Ã∫∏,±§ªÍ,2012.05.10,23.7,7.3,10.8,,,114.8,0.0,0.0,0.0,0.0,0.0,,,
2012-05-14,«œ√µ,Ω¬√Ã∫∏,±§ªÍ,2012.05.14,21.3,6.7,8.0,,,41.2,0.0,0.0,0.0,0.0,0.0,,,
2012-05-15,«œ√µ,Ω¬√Ã∫∏,±§ªÍ,2012.05.15,20.8,6.5,5.1,,,18.3,0.0,0.0,0.0,0.0,0.0,,,
2012-05-17,«œ√µ,Ω¬√Ã∫∏,±§ªÍ,2012.05.17,22.2,7.2,9.8,,,64.3,0.0,0.0,0.0,0.0,0.0,,,
2012-05-21,«œ√µ,Ω¬√Ã∫∏,±§ªÍ,2012.05.21,27.0,8.8,17.2,,,67.3,0.0,0.0,0.0,0.0,0.0,,,
2012-05-23,«œ√µ,Ω¬√Ã∫∏,±§ªÍ,2012.05.23,22.7,7.7,10.4,,,82.8,0.0,0.0,0.0,0.0,0.0,,,
2012-05-25,«œ√µ,Ω¬√Ã∫∏,±§ªÍ,2012.05.25,23.8,8.5,13.2,,,98.0,0.0,0.0,0.0,0.0,0.0,,,
2012-06-25,«œ√µ,Ω¬√Ã∫∏,±§ªÍ,2012.06.25,26.3,7.2,4.7,,,36.1,0.0,0.0,0.0,0.0,0.0,,,
2012-06-28,«œ√µ,Ω¬√Ã∫∏,±§ªÍ,2012.06.28,27.0,7.4,10.4,,,50.2,0.0,0.0,0.0,0.0,0.0,,,
2012-06-04,«œ√µ,Ω¬√Ã∫∏,±§ªÍ,2012.06.04,25.0,8.1,13.1,,,89.8,0.0,0.0,0.0,0.0,0.0,,,
2012-06-05,«œ√µ,Ω¬√Ã∫∏,±§ªÍ,2012.06.05,25.9,8.9,12.0,,,64.7,0.0,0.0,0.0,0.0,0.0,,,
2012-06-07,«œ√µ,Ω¬√Ã∫∏,±§ªÍ,2012.06.07,25.0,8.4,9.4,,,93.5,0.0,0.0,0.0,0.0,0.0,,,
2012-06-11,«œ√µ,Ω¬√Ã∫∏,±§ªÍ,2012.06.11,25.7,8.7,11.8,,,156.5,0.0,0.0,0.0,0.0,0.0,,,
2012-06-13,«œ√µ,Ω¬√Ã∫∏,±§ªÍ,2012.06.13,26.1,8.0,10.8,,,72.5,0.0,0.0,0.0,0.0,0.0,,,
2012-06-14,«œ√µ,Ω¬√Ã∫∏,±§ªÍ,2012.06.14,27.0,8.3,14.2,,,112.8,0.0,0.0,0.0,0.0,0.0,,,
2012-06-18,«œ√µ,Ω¬√Ã∫∏,±§ªÍ,2012.06.18,25.4,7.8,11.5,,,176.3,0.0,0.0,0.0,0.0,0.0,,,
2012-06-19,«œ√µ,Ω¬√Ã∫∏,±§ªÍ,2012.06.19,25.7,7.9,11.4,,,143.5,0.0,0.0,0.0,0.0,0.0,,,
2012-06-22,«œ√µ,Ω¬√Ã∫∏,±§ªÍ,2012.06.22,26.3,7.6,9.2,,,93.6,0.0,0.0,0.0,0.0,0.0,,,
2012-07-02,«œ√µ,Ω¬√Ã∫∏,±§ªÍ,2012.07.02,25.8,7.3,7.2,,,85.7,0.0,0.0,0.0,0.0,0.0,,,
2012-07-04,«œ√µ,Ω¬√Ã∫∏,±§ªÍ,2012.07.04,25.8,7.6,12.1,,,146.9,0.0,0.0,0.0,0.0,0.0,,,
2012-07-12,«œ√µ,Ω¬√Ã∫∏,±§ªÍ,2012.07.12,24.2,6.4,6.6,,,9.1,0.0,0.0,0.0,0.0,0.0,,,
2012-07-16,«œ√µ,Ω¬√Ã∫∏,±§ªÍ,2012.07.16,23.0,6.8,9.3,,,5.1,0.0,0.0,0.0,0.0,0.0,,,
2012-07-24,«œ√µ,Ω¬√Ã∫∏,±§ªÍ,2012.07.24,29.2,8.6,15.4,,,71.2,0.0,0.0,0.0,0.0,0.0,,,
2012-07-26,«œ√µ,Ω¬√Ã∫∏,±§ªÍ,2012.07.26,31.4,9.3,13.0,,,29.9,3725.0,0.0,3725.0,0.0,0.0,,,
2012-07-31,«œ√µ,Ω¬√Ã∫∏,±§ªÍ,2012.07.31,31.5,8.1,9.3,,,71.2,325.0,0.0,150.0,175.0,0.0,,,
2012-08-02,«œ√µ,Ω¬√Ã∫∏,±§ªÍ,2012.08.02,30.8,7.1,8.0,,,60.9,0.0,0.0,0.0,0.0,0.0,,,
2012-08-03,«œ√µ,Ω¬√Ã∫∏,±§ªÍ,2012.08.03,31.3,8.4,9.1,,,77.6,3025.0,2075.0,0.0,950.0,0.0,,,
2012-08-07,«œ√µ,Ω¬√Ã∫∏,±§ªÍ,2012.08.07,30.2,7.5,7.0,,,71.0,1850.0,1750.0,0.0,100.0,0.0,,,
2012-08-08,«œ√µ,Ω¬√Ã∫∏,±§ªÍ,2012.08.08,31.5,8.8,9.0,,,100.3,2050.0,2050.0,0.0,0.0,0.0,,,
2012-08-14,«œ√µ,Ω¬√Ã∫∏,±§ªÍ,2012.08.14,27.4,6.4,4.2,,,26.4,325.0,0.0,0.0,0.0,0.0,,,
2012-08-23,«œ√µ,Ω¬√Ã∫∏,±§ªÍ,2012.08.23,26.1,7.4,7.7,,,13.4,0.0,0.0,0.0,0.0,0.0,,,
2012-08-27,«œ√µ,Ω¬√Ã∫∏,±§ªÍ,2012.08.27,26.7,6.3,6.6,,,9.0,0.0,0.0,0.0,0.0,0.0,,,
2012-09-04,«œ√µ,Ω¬√Ã∫∏,±§ªÍ,2012.09.04,25.1,7.3,7.9,,,7.1,375.0,0.0,0.0,0.0,375.0,,,
2012-09-11,«œ√µ,Ω¬√Ã∫∏,±§ªÍ,2012.09.11,23.5,7.7,8.6,,,4.9,0.0,0.0,0.0,0.0,0.0,,,
2012-09-18,«œ√µ,Ω¬√Ã∫∏,±§ªÍ,2012.09.18,20.2,7.5,9.3,,,5.1,1825.0,0.0,0.0,450.0,1375.0,,,
2012-09-25,«œ√µ,Ω¬√Ã∫∏,±§ªÍ,2012.09.25,23.0,7.2,9.6,,,25.7,1350.0,0.0,950.0,0.0,400.0,,,
2012-10-02,«œ√µ,Ω¬√Ã∫∏,±§ªÍ,2012.10.02,21.2,7.3,11.5,,,34.6,0.0,0.0,0.0,0.0,0.0,,,
2012-10-08,«œ√µ,Ω¬√Ã∫∏,±§ªÍ,2012.10.08,21.3,7.0,12.9,,,43.2,125.0,0.0,0.0,0.0,125.0,,,
2012-10-16,«œ√µ,Ω¬√Ã∫∏,±§ªÍ,2012.10.16,18.8,7.1,11.5,,,86.9,0.0,0.0,0.0,0.0,0.0,,,
2012-10-24,«œ√µ,Ω¬√Ã∫∏,±§ªÍ,2012.10.24,17.2,7.1,7.2,,,16.0,0.0,0.0,0.0,0.0,0.0,,,
2012-10-30,«œ√µ,Ω¬√Ã∫∏,±§ªÍ,2012.10.30,16.5,6.9,7.5,,,12.4,0.0,0.0,0.0,0.0,0.0,,,
2012-11-08,«œ√µ,Ω¬√Ã∫∏,±§ªÍ,2012.11.08,15.0,7.2,8.1,,,21.0,0.0,0.0,0.0,0.0,0.0,,,
2012-11-12,«œ√µ,Ω¬√Ã∫∏,±§ªÍ,2012.11.12,14.2,7.2,8.9,,,24.1,0.0,0.0,0.0,0.0,0.0,,,
2012-11-20,«œ√µ,Ω¬√Ã∫∏,±§ªÍ,2012.11.20,10.7,7.2,8.1,,,14.1,0.0,0.0,0.0,0.0,0.0,,,
2012-11-28,«œ√µ,Ω¬√Ã∫∏,±§ªÍ,2012.11.28,9.3,7.5,11.7,,,14.8,0.0,0.0,0.0,0.0,0.0,,,
2012-12-04,«œ√µ,Ω¬√Ã∫∏,±§ªÍ,2012.12.04,8.1,7.6,11.1,,,23.9,0.0,0.0,0.0,0.0,0.0,,,
2012-12-10,«œ√µ,Ω¬√Ã∫∏,±§ªÍ,2012.12.10,4.8,7.6,12.4,,,14.0,0.0,0.0,0.0,0.0,0.0,,,
2012-12-17,«œ√µ,Ω¬√Ã∫∏,±§ªÍ,2012.12.17,6.8,7.3,11.1,,,6.0,0.0,0.0,0.0,0.0,0.0,,,
2012-12-26,«œ√µ,Ω¬√Ã∫∏,±§ªÍ,2012.12.26,3.7,7.1,14.4,,,3.5,20.0,0.0,0.0,20.0,0.0,,,
2013-01-04,«œ√µ,Ω¬√Ã∫∏,±§ªÍ,2013.01.04,3.1,7.1,10.8,,,4.1,0.0,0.0,0.0,0.0,0.0,,,
2013-01-10,«œ√µ,Ω¬√Ã∫∏,±§ªÍ,2013.01.10,3.4,7.3,11.7,,,4.9,0.0,0.0,0.0,0.0,0.0,,,
2013-01-15,«œ√µ,Ω¬√Ã∫∏,±§ªÍ,2013.01.15,4.3,6.6,12.2,,,12.1,0.0,0.0,0.0,0.0,0.0,,,
2013-01-23,«œ√µ,Ω¬√Ã∫∏,±§ªÍ,2013.01.23,5.9,7.1,10.6,,,17.3,0.0,0.0,0.0,0.0,0.0,,,
2013-01-28,«œ√µ,Ω¬√Ã∫∏,±§ªÍ,2013.01.28,3.3,7.3,13.1,,,23.0,0.0,0.0,0.0,0.0,0.0,,,
2013-02-06,«œ√µ,Ω¬√Ã∫∏,±§ªÍ,2013.02.06,5.8,7.2,9.9,,,5.8,0.0,0.0,0.0,0.0,0.0,,,
2013-02-12,«œ√µ,Ω¬√Ã∫∏,±§ªÍ,2013.02.12,3.4,7.2,12.2,,,2.6,0.0,0.0,0.0,0.0,0.0,,,
2013-02-18,«œ√µ,Ω¬√Ã∫∏,±§ªÍ,2013.02.18,5.3,7.2,10.8,,,4.1,0.0,0.0,0.0,0.0,0.0,,,
2013-02-25,«œ√µ,Ω¬√Ã∫∏,±§ªÍ,2013.02.25,5.6,7.2,11.5,,,5.5,0.0,0.0,0.0,0.0,0.0,,,
2013-03-07,«œ√µ,Ω¬√Ã∫∏,±§ªÍ,2013.03.07,9.2,7.2,13.5,,,96.4,0.0,0.0,0.0,0.0,0.0,,,
2013-03-12,«œ√µ,Ω¬√Ã∫∏,±§ªÍ,2013.03.12,13.3,8.2,14.7,,,80.7,0.0,0.0,0.0,0.0,0.0,,,
2013-03-19,«œ√µ,Ω¬√Ã∫∏,±§ªÍ,2013.03.19,13.2,7.2,8.8,,,23.6,0.0,0.0,0.0,0.0,0.0,,,
2013-03-27,«œ√µ,Ω¬√Ã∫∏,±§ªÍ,2013.03.27,12.9,7.6,12.6,,,46.9,0.0,0.0,0.0,0.0,0.0,,,
2013-04-01,«œ√µ,Ω¬√Ã∫∏,±§ªÍ,2013.04.01,13.4,7.6,12.9,,,64.0,0.0,0.0,0.0,0.0,0.0,,,
2013-04-10,«œ√µ,Ω¬√Ã∫∏,±§ªÍ,2013.04.10,12.0,8.1,10.0,,,77.4,0.0,0.0,0.0,0.0,0.0,,,
2013-04-15,«œ√µ,Ω¬√Ã∫∏,±§ªÍ,2013.04.15,15.7,8.9,15.1,,,106.7,0.0,0.0,0.0,0.0,0.0,,,
2013-04-17,«œ√µ,Ω¬√Ã∫∏,±§ªÍ,2013.04.17,15.4,7.8,11.8,,,84.9,0.0,0.0,0.0,0.0,0.0,,,
2013-04-22,«œ√µ,Ω¬√Ã∫∏,±§ªÍ,2013.04.22,15.5,7.0,6.7,,,15.7,0.0,0.0,0.0,0.0,0.0,,,
2013-04-30,«œ√µ,Ω¬√Ã∫∏,±§ªÍ,2013.04.30,17.3,7.1,5.5,,,7.7,0.0,0.0,0.0,0.0,0.0,,,
2013-05-07,«œ√µ,Ω¬√Ã∫∏,±§ªÍ,2013.05.07,20.3,8.4,16.3,,,48.8,0.0,0.0,0.0,0.0,0.0,,,
2013-05-14,«œ√µ,Ω¬√Ã∫∏,±§ªÍ,2013.05.14,23.2,8.1,10.4,,,96.1,0.0,0.0,0.0,0.0,0.0,,,
2013-05-20,«œ√µ,Ω¬√Ã∫∏,±§ªÍ,2013.05.20,22.4,7.0,8.9,,,115.6,0.0,0.0,0.0,0.0,0.0,,,
2013-05-22,«œ√µ,Ω¬√Ã∫∏,±§ªÍ,2013.05.22,22.8,7.6,8.4,,,101.0,100.0,0.0,100.0,0.0,0.0,,,
2013-05-27,«œ√µ,Ω¬√Ã∫∏,±§ªÍ,2013.05.27,22.2,7.2,5.7,,,40.7,0.0,0.0,0.0,0.0,0.0,,,
2013-06-03,«œ√µ,Ω¬√Ã∫∏,±§ªÍ,2013.06.03,23.0,7.1,8.9,,,87.3,0.0,0.0,0.0,0.0,0.0,,,
2013-06-04,«œ√µ,Ω¬√Ã∫∏,±§ªÍ,2013.06.04,23.1,7.6,8.5,,,59.8,0.0,0.0,0.0,0.0,0.0,,,
2013-06-10,«œ√µ,Ω¬√Ã∫∏,±§ªÍ,2013.06.10,25.5,7.5,8.3,,,61.7,1225.0,0.0,1225.0,0.0,0.0,,,
2013-06-12,«œ√µ,Ω¬√Ã∫∏,±§ªÍ,2013.06.12,24.8,7.7,8.2,,,25.4,100.0,0.0,0.0,0.0,100.0,,,
2013-06-17,«œ√µ,Ω¬√Ã∫∏,±§ªÍ,2013.06.17,25.5,7.2,7.2,,,88.7,0.0,0.0,0.0,0.0,0.0,,,
2013-06-24,«œ√µ,Ω¬√Ã∫∏,±§ªÍ,2013.06.24,26.6,7.3,6.9,,,57.1,0.0,0.0,0.0,0.0,0.0,,,
2013-06-26,«œ√µ,Ω¬√Ã∫∏,±§ªÍ,2013.06.26,25.7,7.1,6.3,,,30.7,0.0,0.0,0.0,0.0,0.0,,,
2013-07-02,«œ√µ,Ω¬√Ã∫∏,±§ªÍ,2013.07.02,27.2,7.4,7.5,,,45.0,0.0,0.0,0.0,0.0,0.0,,,
2013-07-08,«œ√µ,Ω¬√Ã∫∏,±§ªÍ,2013.07.08,23.6,7.2,7.6,,,2.5,0.0,0.0,0.0,0.0,0.0,,,
2013-07-16,«œ√µ,Ω¬√Ã∫∏,±§ªÍ,2013.07.16,28.2,7.5,7.7,,,38.7,0.0,0.0,0.0,0.0,0.0,,,
2013-07-23,«œ√µ,Ω¬√Ã∫∏,±§ªÍ,2013.07.23,28.6,7.9,7.9,,,82.8,0.0,0.0,0.0,0.0,0.0,,,
2013-07-30,«œ√µ,Ω¬√Ã∫∏,±§ªÍ,2013.07.30,27.7,7.0,4.8,,,28.6,125.0,0.0,0.0,125.0,0.0,,,
2013-08-05,«œ√µ,Ω¬√Ã∫∏,±§ªÍ,2013.08.05,29.2,7.6,6.4,,,98.7,200.0,0.0,200.0,0.0,0.0,,,
2013-08-08,«œ√µ,Ω¬√Ã∫∏,±§ªÍ,2013.08.08,30.1,8.2,7.5,,,98.6,0.0,0.0,0.0,0.0,0.0,,,
2013-08-13,«œ√µ,Ω¬√Ã∫∏,±§ªÍ,2013.08.13,32.5,8.5,8.1,,,70.9,1325.0,1325.0,0.0,0.0,0.0,,,
2013-08-14,«œ√µ,Ω¬√Ã∫∏,±§ªÍ,2013.08.14,32.1,8.2,6.4,,,55.1,1650.0,1450.0,75.0,125.0,0.0,,,
2013-08-19,«œ√µ,Ω¬√Ã∫∏,±§ªÍ,2013.08.19,31.2,7.9,7.6,,,45.3,2900.0,2300.0,0.0,250.0,350.0,,,
2013-08-22,«œ√µ,Ω¬√Ã∫∏,±§ªÍ,2013.08.22,30.5,7.8,5.2,,,93.1,3400.0,2650.0,0.0,750.0,0.0,,,
2013-08-26,«œ√µ,Ω¬√Ã∫∏,±§ªÍ,2013.08.26,26.2,6.8,6.1,,,2.6,0.0,0.0,0.0,0.0,0.0,,,
2013-09-03,«œ√µ,Ω¬√Ã∫∏,±§ªÍ,2013.09.03,25.4,6.9,6.5,,,41.7,0.0,0.0,0.0,0.0,0.0,,,
2013-09-11,«œ√µ,Ω¬√Ã∫∏,±§ªÍ,2013.09.11,24.6,8.0,8.5,,,49.1,0.0,0.0,0.0,0.0,0.0,,,
2013-09-16,«œ√µ,Ω¬√Ã∫∏,±§ªÍ,2013.09.16,24.5,7.1,6.5,,,24.1,0.0,0.0,0.0,0.0,0.0,,,
2013-09-24,«œ√µ,Ω¬√Ã∫∏,±§ªÍ,2013.09.24,26.6,9.0,12.5,,,50.4,0.0,0.0,0.0,0.0,0.0,,,
2013-10-01,«œ√µ,Ω¬√Ã∫∏,±§ªÍ,2013.10.01,23.3,7.6,7.9,,,48.2,1300.0,300.0,100.0,900.0,0.0,,,
2013-10-08,«œ√µ,Ω¬√Ã∫∏,±§ªÍ,2013.10.08,22.6,7.1,9.8,,,69.0,0.0,0.0,0.0,0.0,0.0,,,
2013-10-14,«œ√µ,Ω¬√Ã∫∏,±§ªÍ,2013.10.14,21.8,7.0,8.4,,,44.0,0.0,0.0,0.0,0.0,0.0,,,
2013-10-22,«œ√µ,Ω¬√Ã∫∏,±§ªÍ,2013.10.22,19.1,7.6,10.9,,,83.2,0.0,0.0,0.0,0.0,0.0,,,
2013-10-30,«œ√µ,Ω¬√Ã∫∏,±§ªÍ,2013.10.30,16.6,8.2,10.6,,,57.1,0.0,0.0,0.0,0.0,0.0,,,
2013-11-04,«œ√µ,Ω¬√Ã∫∏,±§ªÍ,2013.11.04,16.9,7.3,9.8,,,56.5,0.0,0.0,0.0,0.0,0.0,,,
2013-11-12,«œ√µ,Ω¬√Ã∫∏,±§ªÍ,2013.11.12,13.7,7.9,10.0,,,35.5,0.0,0.0,0.0,0.0,0.0,,,
2013-11-20,«œ√µ,Ω¬√Ã∫∏,±§ªÍ,2013.11.20,11.6,7.8,12.0,,,92.8,0.0,0.0,0.0,0.0,0.0,,,
2013-11-27,«œ√µ,Ω¬√Ã∫∏,±§ªÍ,2013.11.27,9.8,7.7,9.9,,,17.4,0.0,0.0,0.0,0.0,0.0,,,
2013-12-03,«œ√µ,Ω¬√Ã∫∏,±§ªÍ,2013.12.03,8.0,7.2,10.1,,,16.2,0.0,0.0,0.0,0.0,0.0,,,
2013-12-11,«œ√µ,Ω¬√Ã∫∏,±§ªÍ,2013.12.11,8.7,7.5,10.7,,,19.4,0.0,0.0,0.0,0.0,0.0,,,
2013-12-16,«œ√µ,Ω¬√Ã∫∏,±§ªÍ,2013.12.16,7.2,7.4,12.1,,,9.6,0.0,0.0,0.0,0.0,0.0,,,
2013-12-24,«œ√µ,Ω¬√Ã∫∏,±§ªÍ,2013.12.24,6.3,7.4,11.9,,,3.3,0.0,0.0,0.0,0.0,0.0,,,
2014-01-07,«œ√µ,Ω¬√Ã∫∏,±§ªÍ,2014.01.07,6.2,7.3,14.7,,,12.0,0.0,0.0,0.0,0.0,0.0,,,
2014-01-13,«œ√µ,Ω¬√Ã∫∏,±§ªÍ,2014.01.13,5.2,7.5,12.2,,,32.6,0.0,0.0,0.0,0.0,0.0,,,
2014-01-22,«œ√µ,Ω¬√Ã∫∏,±§ªÍ,2014.01.22,5.3,7.7,14.8,,,28.3,0.0,0.0,0.0,0.0,0.0,,,
2014-01-28,«œ√µ,Ω¬√Ã∫∏,±§ªÍ,2014.01.28,6.3,7.6,11.4,,,32.1,0.0,0.0,0.0,0.0,0.0,,,
2014-02-04,«œ√µ,Ω¬√Ã∫∏,±§ªÍ,2014.02.04,8.0,7.5,12.2,,,73.5,0.0,0.0,0.0,0.0,0.0,,,
2014-02-10,«œ√µ,Ω¬√Ã∫∏,±§ªÍ,2014.02.10,6.0,7.8,11.5,,,79.1,0.0,0.0,0.0,0.0,0.0,,,
2014-02-18,«œ√µ,Ω¬√Ã∫∏,±§ªÍ,2014.02.18,7.7,7.5,12.9,,,52.9,0.0,0.0,0.0,0.0,0.0,,,
2014-02-24,«œ√µ,Ω¬√Ã∫∏,±§ªÍ,2014.02.24,8.5,7.6,12.5,,,24.2,0.0,0.0,0.0,0.0,0.0,,,
2014-03-04,«œ√µ,Ω¬√Ã∫∏,±§ªÍ,2014.03.04,10.2,7.0,9.1,,,21.5,0.0,0.0,0.0,0.0,0.0,,,
2014-03-10,«œ√µ,Ω¬√Ã∫∏,±§ªÍ,2014.03.10,8.8,7.8,11.9,,,66.8,0.0,0.0,0.0,0.0,0.0,11,¡§∑Æ«—∞ËπÃ∏∏,
2014-03-18,«œ√µ,Ω¬√Ã∫∏,±§ªÍ,2014.03.18,11.1,7.3,7.8,,,33.8,0.0,0.0,0.0,0.0,0.0,11,¡§∑Æ«—∞ËπÃ∏∏,
2014-03-24,«œ√µ,Ω¬√Ã∫∏,±§ªÍ,2014.03.24,11.6,8.2,12.2,,,91.0,575.0,0.0,575.0,0.0,0.0,12,¡§∑Æ«—∞ËπÃ∏∏,
2014-04-01,«œ√µ,Ω¬√Ã∫∏,±§ªÍ,2014.04.01,15.9,7.1,4.6,,,24.5,0.0,0.0,0.0,0.0,0.0,10,¡§∑Æ«—∞ËπÃ∏∏,
2014-04-07,«œ√µ,Ω¬√Ã∫∏,±§ªÍ,2014.04.07,14.7,7.7,8.7,,,51.1,0.0,0.0,0.0,0.0,0.0,9,3,
2014-04-15,«œ√µ,Ω¬√Ã∫∏,±§ªÍ,2014.04.15,16.8,7.4,9.5,,,52.7,0.0,0.0,0.0,0.0,0.0,8,3,
2014-04-21,«œ√µ,Ω¬√Ã∫∏,±§ªÍ,2014.04.21,17.3,7.3,7.1,,,76.7,325.0,0.0,325.0,0.0,0.0,11,7,
2014-04-28,«œ√µ,Ω¬√Ã∫∏,±§ªÍ,2014.04.28,18.0,7.5,7.7,,,58.6,0.0,0.0,0.0,0.0,0.0,18,7,
2014-05-07,«œ√µ,Ω¬√Ã∫∏,±§ªÍ,2014.05.07,18.7,7.6,9.9,,,46.4,0.0,0.0,0.0,0.0,0.0,15,5,
2014-05-12,«œ√µ,Ω¬√Ã∫∏,±§ªÍ,2014.05.12,19.9,7.6,10.0,,,91.2,0.0,0.0,0.0,0.0,0.0,9,4,
2014-05-20,«œ√µ,Ω¬√Ã∫∏,±§ªÍ,2014.05.20,22.1,7.8,8.5,,,64.0,0.0,0.0,0.0,0.0,0.0,5,7,
2014-05-26,«œ√µ,Ω¬√Ã∫∏,±§ªÍ,2014.05.26,22.8,7.3,10.8,,,85.2,0.0,0.0,0.0,0.0,0.0,3,5,
2014-05-28,«œ√µ,Ω¬√Ã∫∏,±§ªÍ,2014.05.28,23.4,7.9,9.7,,,86.4,0.0,0.0,0.0,0.0,0.0,3,8,
2014-06-02,«œ√µ,Ω¬√Ã∫∏,±§ªÍ,2014.06.02,24.1,7.5,7.6,,,74.9,0.0,0.0,0.0,0.0,0.0,2,4,
2014-06-10,«œ√µ,Ω¬√Ã∫∏,±§ªÍ,2014.06.10,24.6,8.0,9.8,,,62.7,0.0,0.0,0.0,0.0,0.0,1,¡§∑Æ«—∞ËπÃ∏∏,
2014-06-16,«œ√µ,Ω¬√Ã∫∏,±§ªÍ,2014.06.16,24.7,8.2,11.2,,,50.8,0.0,0.0,0.0,0.0,0.0,3,4,
2014-06-24,«œ√µ,Ω¬√Ã∫∏,±§ªÍ,2014.06.24,25.2,7.4,8.7,,,53.3,0.0,0.0,0.0,0.0,0.0,6,3,
2014-07-01,«œ√µ,Ω¬√Ã∫∏,±§ªÍ,2014.07.01,26.3,8.3,10.3,,,69.3,1050.0,450.0,450.0,0.0,150.0,2,2,
2014-07-07,«œ√µ,Ω¬√Ã∫∏,±§ªÍ,2014.07.07,23.4,7.0,3.5,,,64.4,0.0,0.0,0.0,0.0,0.0,6,¡§∑Æ«—∞ËπÃ∏∏,
2014-07-15,«œ√µ,Ω¬√Ã∫∏,±§ªÍ,2014.07.15,26.8,7.7,8.4,,,50.2,0.0,0.0,0.0,0.0,0.0,6,9,
2014-07-21,«œ√µ,Ω¬√Ã∫∏,±§ªÍ,2014.07.21,25.6,7.1,5.9,,,7.4,0.0,0.0,0.0,0.0,0.0,5,7,
2014-07-28,«œ√µ,Ω¬√Ã∫∏,±§ªÍ,2014.07.28,28.0,8.1,7.5,,,99.5,625.0,0.0,0.0,625.0,0.0,11,5,
2014-08-05,«œ√µ,Ω¬√Ã∫∏,±§ªÍ,2014.08.05,25.0,7.0,7.6,,,7.3,0.0,0.0,0.0,0.0,0.0,6,9,
2014-08-11,«œ√µ,Ω¬√Ã∫∏,±§ªÍ,2014.08.11,26.5,7.5,7.3,,,41.4,600.0,0.0,600.0,0.0,0.0,¡§∑Æ«—∞ËπÃ∏∏,4,
2014-08-19,«œ√µ,Ω¬√Ã∫∏,±§ªÍ,2014.08.19,22.9,7.2,7.8,,,1.8,0.0,0.0,0.0,0.0,0.0,¡§∑Æ«—∞ËπÃ∏∏,8,
2014-08-26,«œ√µ,Ω¬√Ã∫∏,±§ªÍ,2014.08.26,23.1,6.7,7.1,,,3.2,0.0,0.0,0.0,0.0,0.0,¡§∑Æ«—∞ËπÃ∏∏,¡§∑Æ«—∞ËπÃ∏∏,
2014-09-01,«œ√µ,Ω¬√Ã∫∏,±§ªÍ,2014.09.01,24.7,7.5,8.0,,,12.0,125.0,0.0,125.0,0.0,0.0,5,4,
2014-09-11,«œ√µ,Ω¬√Ã∫∏,±§ªÍ,2014.09.11,25.5,7.2,8.2,,,22.4,0.0,0.0,0.0,0.0,0.0,7,6,
2014-09-16,«œ√µ,Ω¬√Ã∫∏,±§ªÍ,2014.09.16,25.0,7.5,10.3,,,20.6,0.0,0.0,0.0,0.0,0.0,5,5,
2014-09-22,«œ√µ,Ω¬√Ã∫∏,±§ªÍ,2014.09.22,23.8,7.7,11.4,,,44.3,700.0,0.0,0.0,425.0,275.0,5,8,
2014-09-30,«œ√µ,Ω¬√Ã∫∏,±§ªÍ,2014.09.30,23.3,6.9,4.9,,,9.1,0.0,0.0,0.0,0.0,0.0,10,9,
2014-10-06,«œ√µ,Ω¬√Ã∫∏,±§ªÍ,2014.10.06,21.8,7.9,13.8,,,27.0,0.0,0.0,0.0,0.0,0.0,11,10,
2014-10-14,«œ√µ,Ω¬√Ã∫∏,±§ªÍ,2014.10.14,20.1,7.4,10.1,,,4.6,475.0,475.0,0.0,0.0,0.0,22,12,
2014-10-21,«œ√µ,Ω¬√Ã∫∏,±§ªÍ,2014.10.21,19.2,7.4,7.6,,,5.8,750.0,750.0,0.0,0.0,0.0,20,12,
2014-10-27,«œ√µ,Ω¬√Ã∫∏,±§ªÍ,2014.10.27,17.9,6.7,6.7,,,11.1,0.0,0.0,0.0,0.0,0.0,8,4,
2014-11-04,«œ√µ,Ω¬√Ã∫∏,±§ªÍ,2014.11.04,14.8,7.5,7.6,,,39.4,0.0,0.0,0.0,0.0,0.0,11,9,
2014-11-11,«œ√µ,Ω¬√Ã∫∏,±§ªÍ,2014.11.11,14.2,7.6,13.6,,,70.8,0.0,0.0,0.0,0.0,0.0,10,13,
2014-11-18,«œ√µ,Ω¬√Ã∫∏,±§ªÍ,2014.11.18,11.9,7.6,13.5,,,50.4,0.0,0.0,0.0,0.0,0.0,10,13,
2014-11-24,«œ√µ,Ω¬√Ã∫∏,±§ªÍ,2014.11.24,12.1,7.0,11.1,,,28.6,0.0,0.0,0.0,0.0,0.0,12,11,
2014-12-03,«œ√µ,Ω¬√Ã∫∏,±§ªÍ,2014.12.03,9.7,7.2,7.8,,,5.4,0.0,0.0,0.0,0.0,0.0,8,7,
2014-12-08,«œ√µ,Ω¬√Ã∫∏,±§ªÍ,2014.12.08,6.8,6.7,9.7,,,2.2,0.0,0.0,0.0,0.0,0.0,7,4,
2014-12-15,«œ√µ,Ω¬√Ã∫∏,±§ªÍ,2014.12.15,6.0,7.2,10.6,,,3.6,0.0,0.0,0.0,0.0,0.0,7,6,
2014-12-23,«œ√µ,Ω¬√Ã∫∏,±§ªÍ,2014.12.23,5.2,6.0,9.7,,,2.8,0.0,0.0,0.0,0.0,0.0,6,5,
2014-12-29,«œ√µ,Ω¬√Ã∫∏,±§ªÍ,2014.12.29,5.8,7.3,11.8,,,2.8,0.0,0.0,0.0,0.0,0.0,5,2,
2015-01-05,«œ√µ,Ω¬√Ã∫∏,±§ªÍ,2015.01.05,5.3,7.0,12.8,,,3.3,0.0,0.0,0.0,0.0,0.0,7,4,
2015-01-13,«œ√µ,Ω¬√Ã∫∏,±§ªÍ,2015.01.13,4.8,7.0,11.5,,,5.5,0.0,0.0,0.0,0.0,0.0,6,0,
2015-01-20,«œ√µ,Ω¬√Ã∫∏,±§ªÍ,2015.01.20,5.3,7.0,12.9,,,7.7,0.0,0.0,0.0,0.0,0.0,9,7,
2015-01-26,«œ√µ,Ω¬√Ã∫∏,±§ªÍ,2015.01.26,7.1,6.4,10.3,,,12.0,0.0,0.0,0.0,0.0,0.0,11,10,
2015-02-02,«œ√µ,Ω¬√Ã∫∏,±§ªÍ,2015.02.02,5.5,7.1,12.0,,,15.3,0.0,0.0,0.0,0.0,0.0,6,2,
2015-02-10,«œ√µ,Ω¬√Ã∫∏,±§ªÍ,2015.02.10,5.3,7.3,15.3,,,21.6,0.0,0.0,0.0,0.0,0.0,11,3,
2015-02-16,«œ√µ,Ω¬√Ã∫∏,±§ªÍ,2015.02.16,7.1,6.9,11.7,,,28.8,0.0,0.0,0.0,0.0,0.0,9,4,
2015-02-23,«œ√µ,Ω¬√Ã∫∏,±§ªÍ,2015.02.23,8.2,7.2,11.3,,,45.9,0.0,0.0,0.0,0.0,0.0,7,0,
2015-03-02,«œ√µ,Ω¬√Ã∫∏,±§ªÍ,2015.03.02,8.0,6.8,12.7,,,55.4,0.0,0.0,0.0,0.0,0.0,14,11,
2015-03-10,«œ√µ,Ω¬√Ã∫∏,±§ªÍ,2015.03.10,8.3,7.3,13.8,,,91.5,0.0,0.0,0.0,0.0,0.0,13,2,0
2015-03-12,«œ√µ,Ω¬√Ã∫∏,±§ªÍ,2015.03.12,8.2,7.8,13.6,,,121.6,0.0,0.0,0.0,0.0,0.0,13,3,
2015-03-16,«œ√µ,Ω¬√Ã∫∏,±§ªÍ,2015.03.16,9.2,7.6,12.8,,,73.4,0.0,0.0,0.0,0.0,0.0,13,5,0
2015-03-24,«œ√µ,Ω¬√Ã∫∏,±§ªÍ,2015.03.24,13.5,7.8,11.2,,,142.0,0.0,0.0,0.0,0.0,0.0,17,0,0
2015-03-26,«œ√µ,Ω¬√Ã∫∏,±§ªÍ,2015.03.26,13.1,8.2,13.4,,,150.5,0.0,0.0,0.0,0.0,0.0,19,6,0
2015-03-30,«œ√µ,Ω¬√Ã∫∏,±§ªÍ,2015.03.30,13.0,7.6,9.4,,,136.8,0.0,0.0,0.0,0.0,0.0,18,7,0
2015-04-07,«œ√µ,Ω¬√Ã∫∏,±§ªÍ,2015.04.07,14.4,7.0,3.4,,,9.1,0.0,0.0,0.0,0.0,0.0,13,10,0
2015-04-14,«œ√µ,Ω¬√Ã∫∏,±§ªÍ,2015.04.14,15.3,7.3,9.0,,,75.5,0.0,0.0,0.0,0.0,0.0,9,0,0
2015-04-20,«œ√µ,Ω¬√Ã∫∏,±§ªÍ,2015.04.20,15.6,7.3,9.1,,,97.7,0.0,0.0,0.0,0.0,0.0,5,12,0
2015-04-27,«œ√µ,Ω¬√Ã∫∏,±§ªÍ,2015.04.27,18.0,7.2,8.3,,,41.5,0.0,0.0,0.0,0.0,0.0,6,10,0
2015-05-04,«œ√µ,Ω¬√Ã∫∏,±§ªÍ,2015.05.04,20.2,6.9,7.6,,,65.7,0.0,0.0,0.0,0.0,0.0,8,0,0
2015-05-11,«œ√µ,Ω¬√Ã∫∏,±§ªÍ,2015.05.11,19.7,6.9,2.6,,,55.4,0.0,0.0,0.0,0.0,0.0,3,9,0
2015-05-19,«œ√µ,Ω¬√Ã∫∏,±§ªÍ,2015.05.19,21.2,6.9,5.7,,,49.0,0.0,0.0,0.0,0.0,0.0,4,9,0
2015-05-26,«œ√µ,Ω¬√Ã∫∏,±§ªÍ,2015.05.26,22.5,7.4,9.7,,,55.1,0.0,0.0,0.0,0.0,0.0,5,7,0
2015-06-02,«œ√µ,Ω¬√Ã∫∏,±§ªÍ,2015.06.02,24.4,7.0,9.8,,,46.8,0.0,0.0,0.0,0.0,0.0,0,0,0
2015-06-08,«œ√µ,Ω¬√Ã∫∏,±§ªÍ,2015.06.08,23.5,6.8,8.4,,,56.6,0.0,0.0,0.0,0.0,0.0,31,12,0
2015-06-16,«œ√µ,Ω¬√Ã∫∏,±§ªÍ,2015.06.16,24.0,6.4,3.4,,,15.4,0.0,0.0,0.0,0.0,0.0,6,5,0
2015-06-23,«œ√µ,Ω¬√Ã∫∏,±§ªÍ,2015.06.23,23.7,6.3,5.0,,,30.0,0.0,0.0,0.0,0.0,0.0,4,4,0
2015-06-29,«œ√µ,Ω¬√Ã∫∏,±§ªÍ,2015.06.29,24.0,6.8,7.2,,,74.4,0.0,0.0,0.0,0.0,0.0,4,3,0
2015-07-06,«œ√µ,Ω¬√Ã∫∏,±§ªÍ,2015.07.06,26.0,7.7,9.3,,,82.0,4825.0,4375.0,450.0,0.0,0.0,4,5,0
2015-07-14,«œ√µ,Ω¬√Ã∫∏,±§ªÍ,2015.07.14,23.9,7.0,5.9,,,8.7,0.0,0.0,0.0,0.0,0.0,3,0,0
2015-07-20,«œ√µ,Ω¬√Ã∫∏,±§ªÍ,2015.07.20,27.0,7.6,6.8,,,69.1,3525.0,1875.0,1050.0,0.0,600.0,30,0,0
2015-07-28,«œ√µ,Ω¬√Ã∫∏,±§ªÍ,2015.07.28,27.8,7.6,6.5,,,68.1,2000.0,1625.0,375.0,0.0,0.0,4,0,0
2015-08-03,«œ√µ,Ω¬√Ã∫∏,±§ªÍ,2015.08.03,30.3,7.4,7.9,,,64.2,4425.0,3025.0,1400.0,0.0,0.0,12,4,0
2015-08-10,«œ√µ,Ω¬√Ã∫∏,±§ªÍ,2015.08.10,29.6,7.1,4.7,,,79.9,4075.0,4075.0,0.0,0.0,0.0,89,4,0
2015-08-17,«œ√µ,Ω¬√Ã∫∏,±§ªÍ,2015.08.17,27.5,7.5,6.9,,,60.5,5375.0,4875.0,500.0,0.0,0.0,6,5,0
2015-08-25,«œ√µ,Ω¬√Ã∫∏,±§ªÍ,2015.08.25,25.3,6.9,5.9,,,30.8,0.0,0.0,0.0,0.0,0.0,5,6,0
2015-08-31,«œ√µ,Ω¬√Ã∫∏,±§ªÍ,2015.08.31,26.3,7.5,8.3,,,64.4,0.0,0.0,0.0,0.0,0.0,4,5,0
2015-09-08,«œ√µ,Ω¬√Ã∫∏,±§ªÍ,2015.09.08,24.7,6.9,4.7,,,28.6,0.0,0.0,0.0,0.0,0.0,5,5,0
2015-09-14,«œ√µ,Ω¬√Ã∫∏,±§ªÍ,2015.09.14,23.9,7.6,11.8,,,95.2,0.0,0.0,0.0,0.0,0.0,4,7,0
2015-09-22,«œ√µ,Ω¬√Ã∫∏,±§ªÍ,2015.09.22,24.0,7.2,8.8,,,17.1,0.0,0.0,0.0,0.0,0.0,7,8,0
2015-09-30,«œ√µ,Ω¬√Ã∫∏,±§ªÍ,2015.09.30,23.2,7.0,6.9,,,11.4,0.0,0.0,0.0,0.0,0.0,5,6,0
2015-10-05,«œ√µ,Ω¬√Ã∫∏,±§ªÍ,2015.10.05,20.5,7.0,6.1,,,20.3,0.0,0.0,0.0,0.0,0.0,4,4,0
2015-10-12,«œ√µ,Ω¬√Ã∫∏,±§ªÍ,2015.10.12,19.9,7.4,12.7,,,71.2,0.0,0.0,0.0,0.0,0.0,8,22,0
2015-10-20,«œ√µ,Ω¬√Ã∫∏,±§ªÍ,2015.10.20,19.9,7.0,7.8,,,35.8,0.0,0.0,0.0,0.0,0.0,4,27,0
2015-10-26,«œ√µ,Ω¬√Ã∫∏,±§ªÍ,2015.10.26,19.9,6.7,8.9,,,27.9,0.0,0.0,0.0,0.0,0.0,7,18,0
2015-11-02,«œ√µ,Ω¬√Ã∫∏,±§ªÍ,2015.11.02,15.5,6.7,5.0,,,22.1,0.0,0.0,0.0,0.0,0.0,6,5,0
2015-11-09,«œ√µ,Ω¬√Ã∫∏,±§ªÍ,2015.11.09,16.9,6.7,5.5,,,29.1,0.0,0.0,0.0,0.0,0.0,9,6,0
2015-11-17,«œ√µ,Ω¬√Ã∫∏,±§ªÍ,2015.11.17,15.4,6.8,6.0,,,23.3,0.0,0.0,0.0,0.0,0.0,3,0,0
2015-11-24,«œ√µ,Ω¬√Ã∫∏,±§ªÍ,2015.11.24,14.5,6.6,6.7,,,17.6,0.0,0.0,0.0,0.0,0.0,6,3,0
2015-12-01,«œ√µ,Ω¬√Ã∫∏,±§ªÍ,2015.12.01,9.7,6.4,8.7,,,7.3,0.0,0.0,0.0,0.0,0.0,5,4,0
2015-12-07,«œ√µ,Ω¬√Ã∫∏,±§ªÍ,2015.12.07,8.8,6.6,8.0,,,5.2,0.0,0.0,0.0,0.0,0.0,6,4,0
2015-12-15,«œ√µ,Ω¬√Ã∫∏,±§ªÍ,2015.12.15,10.7,6.4,8.4,,,6.2,0.0,0.0,0.0,0.0,0.0,5,4,0
2015-12-21,«œ√µ,Ω¬√Ã∫∏,±§ªÍ,2015.12.21,8.0,6.8,10.3,,,10.1,0.0,0.0,0.0,0.0,0.0,5,2,0
2016-01-04,«œ√µ,Ω¬√Ã∫∏,±§ªÍ,2016.01.04,7.7,6.8,11.8,,,16.9,0.0,0.0,0.0,0.0,0.0,0,0,0
2016-01-11,«œ√µ,Ω¬√Ã∫∏,±§ªÍ,2016.01.11,7.5,7.5,12.7,,,36.9,0.0,0.0,0.0,0.0,0.0,6,5,0
2016-01-18,«œ√µ,Ω¬√Ã∫∏,±§ªÍ,2016.01.18,7.0,7.4,13.6,,,38.9,0.0,0.0,0.0,0.0,0.0,7,3,0
2016-01-28,«œ√µ,Ω¬√Ã∫∏,±§ªÍ,2016.01.28,4.2,7.0,13.1,,,21.2,0.0,0.0,0.0,0.0,0.0,6,4,0
2016-02-02,«œ√µ,Ω¬√Ã∫∏,±§ªÍ,2016.02.02,4.2,6.7,11.3,,,13.3,0.0,0.0,0.0,0.0,0.0,7,0,0
2016-02-11,«œ√µ,Ω¬√Ã∫∏,±§ªÍ,2016.02.11,6.3,7.1,13.2,,,14.7,0.0,0.0,0.0,0.0,0.0,6,8,0
2016-02-15,«œ√µ,Ω¬√Ã∫∏,±§ªÍ,2016.02.15,8.8,7.2,10.2,,,16.0,0.0,0.0,0.0,0.0,0.0,8,0,0
2016-02-22,«œ√µ,Ω¬√Ã∫∏,±§ªÍ,2016.02.22,7.8,6.8,11.5,,,13.1,0.0,0.0,0.0,0.0,0.0,8,3,0
2016-02-29,«œ√µ,Ω¬√Ã∫∏,±§ªÍ,2016.02.29,7.3,7.5,13.9,,,44.5,0.0,0.0,0.0,0.0,0.0,10,0,0
2016-03-07,«œ√µ,Ω¬√Ã∫∏,±§ªÍ,2016.03.07,12.1,7.0,8.3,,,5.7,0.0,0.0,0.0,0.0,0.0,12,0,0
2016-03-14,«œ√µ,Ω¬√Ã∫∏,±§ªÍ,2016.03.14,8.3,6.7,12.6,,,15.6,0.0,0.0,0.0,0.0,0.0,9,0,0
2016-03-21,«œ√µ,Ω¬√Ã∫∏,±§ªÍ,2016.03.21,12.8,7.1,8.6,,,59.8,0.0,0.0,0.0,0.0,0.0,9,0,0
2016-03-28,«œ√µ,Ω¬√Ã∫∏,±§ªÍ,2016.03.28,13.0,8.0,12.2,,,104.5,0.0,0.0,0.0,0.0,0.0,10,3,0
2016-04-04,«œ√µ,Ω¬√Ã∫∏,±§ªÍ,2016.04.04,15.7,7.6,13.6,,,82.1,0.0,0.0,0.0,0.0,0.0,7,0,0
2016-04-11,«œ√µ,Ω¬√Ã∫∏,±§ªÍ,2016.04.11,16.3,7.7,10.0,,,107.0,0.0,0.0,0.0,0.0,0.0,10,4,0
2016-04-18,«œ√µ,Ω¬√Ã∫∏,±§ªÍ,2016.04.18,16.2,6.8,8.4,,,36.7,0.0,0.0,0.0,0.0,0.0,9,3,0
2016-04-25,«œ√µ,Ω¬√Ã∫∏,±§ªÍ,2016.04.25,18.0,6.5,7.9,,,31.2,0.0,0.0,0.0,0.0,0.0,5,3,0
2016-05-02,«œ√µ,Ω¬√Ã∫∏,±§ªÍ,2016.05.02,19.1,6.7,8.5,,,39.0,0.0,0.0,0.0,0.0,0.0,5,3,0
2016-05-09,«œ√µ,Ω¬√Ã∫∏,±§ªÍ,2016.05.09,19.4,6.2,8.3,,,49.0,0.0,0.0,0.0,0.0,0.0,4,3,0
2016-05-16,«œ√µ,Ω¬√Ã∫∏,±§ªÍ,2016.05.16,21.2,6.9,13.2,,,139.2,0.0,0.0,0.0,0.0,0.0,6,4,0
2016-05-23,«œ√µ,Ω¬√Ã∫∏,±§ªÍ,2016.05.23,23.8,7.5,10.9,,,51.5,0.0,0.0,0.0,0.0,0.0,5,4,0
2016-05-30,«œ√µ,Ω¬√Ã∫∏,±§ªÍ,2016.05.30,23.3,7.1,6.2,,,50.3,0.0,0.0,0.0,0.0,0.0,5,3,0
2016-06-07,«œ√µ,Ω¬√Ã∫∏,±§ªÍ,2016.06.07,22.4,6.4,5.9,,,22.7,350.0,0.0,0.0,0.0,350.0,4,3,0
2016-06-13,«œ√µ,Ω¬√Ã∫∏,±§ªÍ,2016.06.13,24.6,7.2,10.1,,,73.7,700.0,700.0,0.0,0.0,0.0,3,4,0
2016-06-20,«œ√µ,Ω¬√Ã∫∏,±§ªÍ,2016.06.20,25.4,7.0,7.5,,,57.5,1700.0,1700.0,0.0,0.0,0.0,3,4,0
2016-06-27,«œ√µ,Ω¬√Ã∫∏,±§ªÍ,2016.06.27,24.6,6.9,5.1,,,15.5,0.0,0.0,0.0,0.0,0.0,4,5,0
2016-07-05,«œ√µ,Ω¬√Ã∫∏,±§ªÍ,2016.07.05,23.1,6.6,6.7,,,2.3,0.0,0.0,0.0,0.0,0.0,4,4,0
2016-07-11,«œ√µ,Ω¬√Ã∫∏,±§ªÍ,2016.07.11,27.2,7.3,5.5,,,59.5,3100.0,1275.0,900.0,0.0,925.0,17,60,0
2016-07-18,«œ√µ,Ω¬√Ã∫∏,±§ªÍ,2016.07.18,25.5,6.5,5.3,,,39.4,0.0,0.0,0.0,0.0,0.0,5,8,0
2016-07-25,«œ√µ,Ω¬√Ã∫∏,±§ªÍ,2016.07.25,29.0,7.2,8.5,,,45.5,6840.0,5620.0,1020.0,0.0,200.0,65,7,0
2016-08-01,«œ√µ,Ω¬√Ã∫∏,±§ªÍ,2016.08.01,30.1,6.7,2.6,,,39.7,8600.0,7675.0,400.0,0.0,525.0,81,6,0
2016-08-08,«œ√µ,Ω¬√Ã∫∏,±§ªÍ,2016.08.08,29.1,7.1,3.4,,,90.1,3525.0,3200.0,0.0,0.0,325.0,5,10,0
2016-08-11,«œ√µ,Ω¬√Ã∫∏,±§ªÍ,2016.08.11,29.0,6.5,1.7,,,82.3,1875.0,1875.0,0.0,0.0,0.0,2,6,0
2016-08-16,«œ√µ,Ω¬√Ã∫∏,±§ªÍ,2016.08.16,30.1,6.9,4.1,,,69.5,27380.0,25320.0,620.0,0.0,1440.0,5,10,0
2016-08-18,«œ√µ,Ω¬√Ã∫∏,±§ªÍ,2016.08.18,29.9,7.1,4.2,,,62.9,18060.0,15020.0,2060.0,980.0,0.0,6,12,0
2016-08-22,«œ√µ,Ω¬√Ã∫∏,±§ªÍ,2016.08.22,30.2,6.6,5.8,,,53.0,18700.0,16520.0,280.0,1900.0,0.0,6,14,0
2016-08-25,«œ√µ,Ω¬√Ã∫∏,±§ªÍ,2016.08.25,29.9,6.9,6.2,,,42.7,18960.0,16960.0,0.0,2000.0,0.0,5,14,0
2016-08-29,«œ√µ,Ω¬√Ã∫∏,±§ªÍ,2016.08.29,25.4,6.8,5.5,,,52.8,0.0,0.0,0.0,0.0,0.0,7,8,0
2016-09-01,«œ√µ,Ω¬√Ã∫∏,±§ªÍ,2016.09.01,24.4,6.7,9.2,,,97.0,0.0,0.0,0.0,0.0,0.0,5,8,0
2016-09-05,«œ√µ,Ω¬√Ã∫∏,±§ªÍ,2016.09.05,25.2,7.6,5.9,,,90.4,0.0,0.0,0.0,0.0,0.0,5,8,0
2016-09-08,«œ√µ,Ω¬√Ã∫∏,±§ªÍ,2016.09.08,25.5,6.8,4.4,,,50.0,0.0,0.0,0.0,0.0,0.0,5,7,0
2016-09-12,«œ√µ,Ω¬√Ã∫∏,±§ªÍ,2016.09.12,25.3,6.3,5.0,,,31.9,400.0,400.0,0.0,0.0,0.0,5,8,0
2016-09-20,«œ√µ,Ω¬√Ã∫∏,±§ªÍ,2016.09.20,21.8,6.6,6.8,,,3.4,0.0,0.0,0.0,0.0,0.0,6,6,0
2016-09-26,«œ√µ,Ω¬√Ã∫∏,±§ªÍ,2016.09.26,23.5,7.6,9.4,,,72.2,0.0,0.0,0.0,0.0,0.0,5,9,0
2016-10-04,«œ√µ,Ω¬√Ã∫∏,±§ªÍ,2016.10.04,22.9,6.5,4.0,,,10.5,0.0,0.0,0.0,0.0,0.0,4,7,0
2016-10-10,«œ√µ,Ω¬√Ã∫∏,±§ªÍ,2016.10.10,17.9,6.7,7.2,,,6.6,0.0,0.0,0.0,0.0,0.0,3,3,0
2016-10-18,«œ√µ,Ω¬√Ã∫∏,±§ªÍ,2016.10.18,18.1,6.5,9.7,,,4.1,0.0,0.0,0.0,0.0,0.0,3,3,0
2016-10-24,«œ√µ,Ω¬√Ã∫∏,±§ªÍ,2016.10.24,19.0,6.4,7.3,,,12.3,0.0,0.0,0.0,0.0,0.0,4,4,0
2016-11-01,«œ√µ,Ω¬√Ã∫∏,±§ªÍ,2016.11.01,14.6,7.5,6.7,,,8.9,0.0,0.0,0.0,0.0,0.0,4,4,0
2016-11-07,«œ√µ,Ω¬√Ã∫∏,±§ªÍ,2016.11.07,14.0,6.6,9.8,,,34.4,0.0,0.0,0.0,0.0,0.0,7,5,0
2016-11-14,«œ√µ,Ω¬√Ã∫∏,±§ªÍ,2016.11.14,13.6,6.8,11.6,,,62.8,0.0,0.0,0.0,0.0,0.0,9,5,0
2016-11-21,«œ√µ,Ω¬√Ã∫∏,±§ªÍ,2016.11.21,14.3,7.2,11.2,,,65.9,0.0,0.0,0.0,0.0,0.0,5,5,0
2016-11-28,«œ√µ,Ω¬√Ã∫∏,±§ªÍ,2016.11.28,9.6,7.0,14.6,,,69.2,0.0,0.0,0.0,0.0,0.0,5,3,0
2016-12-05,«œ√µ,Ω¬√Ã∫∏,±§ªÍ,2016.12.05,9.0,6.8,9.1,,,34.1,0.0,0.0,0.0,0.0,0.0,6,4,0
2016-12-12,«œ√µ,Ω¬√Ã∫∏,±§ªÍ,2016.12.12,8.0,6.9,13.2,,,63.5,0.0,0.0,0.0,0.0,0.0,6,3,0
2016-12-19,«œ√µ,Ω¬√Ã∫∏,±§ªÍ,2016.12.19,7.4,7.1,11.8,,,40.3,0.0,0.0,0.0,0.0,0.0,7,3,0
2016-12-26,«œ√µ,Ω¬√Ã∫∏,±§ªÍ,2016.12.26,8.8,7.0,9.6,,,48.2,0.0,0.0,0.0,0.0,0.0,7,4,0
2017-01-02,«œ√µ,Ω¬√Ã∫∏,±§ªÍ,2017.01.02,6.2,7.4,11.1,,,26.4,0.0,0.0,0.0,0.0,0.0,5,4,0
2017-01-09,«œ√µ,Ω¬√Ã∫∏,±§ªÍ,2017.01.09,8.3,6.6,12.7,,,43.8,0.0,0.0,0.0,0.0,0.0,10,4,0
2017-01-16,«œ√µ,Ω¬√Ã∫∏,±§ªÍ,2017.01.16,5.3,6.8,14.6,,,45.9,0.0,0.0,0.0,0.0,0.0,8,5,0
2017-01-24,«œ√µ,Ω¬√Ã∫∏,±§ªÍ,2017.01.24,5.1,7.7,14.7,,,56.5,0.0,0.0,0.0,0.0,0.0,9,5,0
2017-01-31,«œ√µ,Ω¬√Ã∫∏,±§ªÍ,2017.01.31,5.7,6.5,12.4,,,41.8,0.0,0.0,0.0,0.0,0.0,12,4,0
2017-02-06,«œ√µ,Ω¬√Ã∫∏,±§ªÍ,2017.02.06,6.3,7.7,11.5,,,31.4,0.0,0.0,0.0,0.0,0.0,8,8,0
2017-02-13,«œ√µ,Ω¬√Ã∫∏,±§ªÍ,2017.02.13,6.1,7.6,14.6,,,99.0,0.0,0.0,0.0,0.0,0.0,9,6,0
2017-02-15,«œ√µ,Ω¬√Ã∫∏,±§ªÍ,2017.02.15,6.5,7.8,15.6,,,57.9,0.0,0.0,0.0,0.0,0.0,12,6,0
2017-02-20,«œ√µ,Ω¬√Ã∫∏,±§ªÍ,2017.02.20,8.3,6.3,15.3,,,73.1,0.0,0.0,0.0,0.0,0.0,8,6,0
2017-02-27,«œ√µ,Ω¬√Ã∫∏,±§ªÍ,2017.02.27,7.4,7.1,13.7,,,73.7,0.0,0.0,0.0,0.0,0.0,8,5,0
2017-03-06,«œ√µ,Ω¬√Ã∫∏,±§ªÍ,2017.03.06,9.9,7.7,13.6,,,77.6,0.0,0.0,0.0,0.0,0.0,8,5,0
2017-03-09,«œ√µ,Ω¬√Ã∫∏,±§ªÍ,2017.03.09,9.1,8.1,15.3,,,88.5,0.0,0.0,0.0,0.0,0.0,10,6,0
2017-03-13,«œ√µ,Ω¬√Ã∫∏,±§ªÍ,2017.03.13,10.2,7.8,16.0,,,53.1,0.0,0.0,0.0,0.0,0.0,11,5,0
2017-03-20,«œ√µ,Ω¬√Ã∫∏,±§ªÍ,2017.03.20,11.9,6.8,14.0,,,96.8,0.0,0.0,0.0,0.0,0.0,13,6,0
2017-03-27,«œ√µ,Ω¬√Ã∫∏,±§ªÍ,2017.03.27,12.4,7.7,15.6,,,177.9,0.0,0.0,0.0,0.0,0.0,14,7,0
2017-04-03,«œ√µ,Ω¬√Ã∫∏,±§ªÍ,2017.04.03,13.5,7.5,15.4,,,60.3,0.0,0.0,0.0,0.0,0.0,10,6,0
2017-04-10,«œ√µ,Ω¬√Ã∫∏,±§ªÍ,2017.04.10,17.0,6.5,9.1,,,29.0,0.0,0.0,0.0,0.0,0.0,9,5,0
2017-04-17,«œ√µ,Ω¬√Ã∫∏,±§ªÍ,2017.04.17,18.0,6.4,9.9,,,27.3,0.0,0.0,0.0,0.0,0.0,8,5,0
2017-04-24,«œ√µ,Ω¬√Ã∫∏,±§ªÍ,2017.04.24,17.7,6.8,7.5,,,20.3,0.0,0.0,0.0,0.0,0.0,8,6,0
2017-05-02,«œ√µ,Ω¬√Ã∫∏,±§ªÍ,2017.05.02,19.5,7.6,9.2,,,84.4,550.0,0.0,550.0,0.0,0.0,6,5,0
2017-05-08,«œ√µ,Ω¬√Ã∫∏,±§ªÍ,2017.05.08,20.7,7.1,7.3,,,35.1,775.0,0.0,775.0,0.0,0.0,9,8,0
2017-05-15,«œ√µ,Ω¬√Ã∫∏,±§ªÍ,2017.05.15,20.5,7.1,7.2,,,27.6,0.0,0.0,0.0,0.0,0.0,7,5,0
2017-05-22,«œ√µ,Ω¬√Ã∫∏,±§ªÍ,2017.05.22,22.1,7.5,9.0,,,38.4,0.0,0.0,0.0,0.0,0.0,6,5,0
2017-05-29,«œ√µ,Ω¬√Ã∫∏,±§ªÍ,2017.05.29,22.9,7.1,10.8,,,39.5,0.0,0.0,0.0,0.0,0.0,4,4,0
2017-06-05,«œ√µ,Ω¬√Ã∫∏,±§ªÍ,2017.06.05,23.4,7.1,9.1,,,44.3,525.0,0.0,0.0,0.0,525.0,15,4,0
2017-06-12,«œ√µ,Ω¬√Ã∫∏,±§ªÍ,2017.06.12,23.3,6.9,7.9,,,94.6,375.0,0.0,0.0,0.0,375.0,4,4,0
2017-06-19,«œ√µ,Ω¬√Ã∫∏,±§ªÍ,2017.06.19,24.4,7.5,10.6,,,38.4,4140.0,1860.0,1200.0,0.0,1080.0,8,3,0
2017-06-26,«œ√µ,Ω¬√Ã∫∏,±§ªÍ,2017.06.26,25.4,6.7,4.4,,,43.9,12080.0,10120.0,1100.0,0.0,860.0,11,4,0
2017-06-29,«œ√µ,Ω¬√Ã∫∏,±§ªÍ,2017.06.29,24.6,6.4,2.8,,,2.0,13840.0,12260.0,440.0,1140.0,0.0,7,6,0
2017-07-03,«œ√µ,Ω¬√Ã∫∏,±§ªÍ,2017.07.03,26.2,6.7,3.2,,,27.0,160.0,160.0,0.0,0.0,0.0,7,6,0
2017-07-06,«œ√µ,Ω¬√Ã∫∏,±§ªÍ,2017.07.06,27.6,7.2,3.4,,,18.2,6780.0,6780.0,0.0,0.0,0.0,6,4,0
2017-07-10,«œ√µ,Ω¬√Ã∫∏,±§ªÍ,2017.07.10,27.2,6.7,4.0,,,31.4,0.0,0.0,0.0,0.0,0.0,8,8,0
2017-07-17,«œ√µ,Ω¬√Ã∫∏,±§ªÍ,2017.07.17,26.0,5.7,6.0,,,2.4,0.0,0.0,0.0,0.0,0.0,5,6,0
2017-07-24,«œ√µ,Ω¬√Ã∫∏,±§ªÍ,2017.07.24,29.2,6.4,5.3,,,21.1,600.0,600.0,0.0,0.0,0.0,24,4,0
2017-08-01,«œ√µ,Ω¬√Ã∫∏,±§ªÍ,2017.08.01,27.0,7.3,2.7,,,14.2,5360.0,5360.0,0.0,0.0,0.0,2,2,0
2017-08-07,«œ√µ,Ω¬√Ã∫∏,±§ªÍ,2017.08.07,29.9,7.1,2.2,,,22.4,7060.0,7060.0,0.0,0.0,0.0,8,6,0
2017-08-14,«œ√µ,Ω¬√Ã∫∏,±§ªÍ,2017.08.14,27.9,6.5,2.5,,,11.2,3720.0,3080.0,0.0,640.0,0.0,8,10,0
2017-08-21,«œ√µ,Ω¬√Ã∫∏,±§ªÍ,2017.08.21,26.5,6.4,2.2,,,9.6,0.0,0.0,0.0,0.0,0.0,7,5,0
2017-08-28,«œ√µ,Ω¬√Ã∫∏,±§ªÍ,2017.08.28,25.7,6.4,6.1,,,12.3,0.0,0.0,0.0,0.0,0.0,6,10,0
2017-09-04,«œ√µ,Ω¬√Ã∫∏,±§ªÍ,2017.09.04,25.0,6.8,9.6,,,49.4,0.0,0.0,0.0,0.0,0.0,4,5,0
2017-09-12,«œ√µ,Ω¬√Ã∫∏,±§ªÍ,2017.09.12,22.2,6.7,6.1,,,5.0,0.0,0.0,0.0,0.0,0.0,5,12,0
2017-09-18,«œ√µ,Ω¬√Ã∫∏,±§ªÍ,2017.09.18,23.4,7.0,8.4,,,70.0,8120.0,5540.0,780.0,0.0,1800.0,6,20,0
2017-09-20,«œ√µ,Ω¬√Ã∫∏,±§ªÍ,2017.09.20,23.8,7.2,9.5,,,58.4,7740.0,5220.0,1400.0,0.0,1120.0,6,28,0
2017-09-25,«œ√µ,Ω¬√Ã∫∏,±§ªÍ,2017.09.25,24.0,7.5,9.5,,,31.0,4060.0,3760.0,0.0,0.0,300.0,5,14,0
2017-10-10,«œ√µ,Ω¬√Ã∫∏,±§ªÍ,2017.10.10,21.4,6.8,5.4,,,61.9,0.0,0.0,0.0,0.0,0.0,5,8,0
2017-10-16,«œ√µ,Ω¬√Ã∫∏,±§ªÍ,2017.10.16,19.1,6.9,7.7,,,37.5,4300.0,4300.0,0.0,0.0,0.0,5,5,0
2017-10-23,«œ√µ,Ω¬√Ã∫∏,±§ªÍ,2017.10.23,18.3,7.5,8.8,,,52.5,0.0,0.0,0.0,0.0,0.0,6,7,0
2017-10-30,«œ√µ,Ω¬√Ã∫∏,±§ªÍ,2017.10.30,16.9,7.0,11.8,,,43.6,0.0,0.0,0.0,0.0,0.0,9,8,0
2017-11-06,«œ√µ,Ω¬√Ã∫∏,±§ªÍ,2017.11.06,14.4,6.8,11.8,,,26.9,0.0,0.0,0.0,0.0,0.0,7,8,0
2017-11-13,«œ√µ,Ω¬√Ã∫∏,±§ªÍ,2017.11.13,13.9,8.0,9.9,,,24.2,0.0,0.0,0.0,0.0,0.0,9,7,0
2017-11-20,«œ√µ,Ω¬√Ã∫∏,±§ªÍ,2017.11.20,9.9,8.3,13.3,,,75.7,0.0,0.0,0.0,0.0,0.0,5,5,0
2017-11-27,«œ√µ,Ω¬√Ã∫∏,±§ªÍ,2017.11.27,10.2,7.2,14.1,,,65.4,0.0,0.0,0.0,0.0,0.0,12,6,0
2017-12-04,«œ√µ,Ω¬√Ã∫∏,±§ªÍ,2017.12.04,9.4,7.6,11.6,,,42.9,0.0,0.0,0.0,0.0,0.0,34,17,0
2017-12-11,«œ√µ,Ω¬√Ã∫∏,±§ªÍ,2017.12.11,8.0,8.2,11.8,,,30.1,0.0,0.0,0.0,0.0,0.0,8,5,0
2017-12-18,«œ√µ,Ω¬√Ã∫∏,±§ªÍ,2017.12.18,5.8,8.4,13.1,,,19.1,0.0,0.0,0.0,0.0,0.0,8,5,0
2017-12-26,«œ√µ,Ω¬√Ã∫∏,±§ªÍ,2017.12.26,6.4,7.0,12.4,,,70.8,0.0,0.0,0.0,0.0,0.0,5,5,0
2018-01-02,«œ√µ,Ω¬√Ã∫∏,±§ªÍ,2018.01.02,6.9,7.2,13.8,,,24.9,0.0,0.0,0.0,0.0,0.0,7,4,0
2018-01-08,«œ√µ,Ω¬√Ã∫∏,±§ªÍ,2018.01.08,6.3,7.0,13.0,,,42.1,0.0,0.0,0.0,0.0,0.0,8,5,0
2018-01-15,«œ√µ,Ω¬√Ã∫∏,±§ªÍ,2018.01.15,5.3,7.0,13.3,,,80.8,0.0,0.0,0.0,0.0,0.0,8,5,0
2018-01-22,«œ√µ,Ω¬√Ã∫∏,±§ªÍ,2018.01.22,7.0,7.5,13.2,,,67.2,0.0,0.0,0.0,0.0,0.0,5,3,0
2018-01-29,«œ√µ,Ω¬√Ã∫∏,±§ªÍ,2018.01.29,3.6,7.5,14.4,,,67.3,0.0,0.0,0.0,0.0,0.0,7,3,0
2018-02-05,«œ√µ,Ω¬√Ã∫∏,±§ªÍ,2018.02.05,4.5,7.5,13.3,,,51.1,0.0,0.0,0.0,0.0,0.0,7,¡§∑Æ«—∞ËπÃ∏∏,0
2018-02-13,«œ√µ,Ω¬√Ã∫∏,±§ªÍ,2018.02.13,6.1,7.6,13.6,,,64.5,0.0,0.0,0.0,0.0,0.0,7,4,0
2018-02-19,«œ√µ,Ω¬√Ã∫∏,±§ªÍ,2018.02.19,6.9,7.5,13.1,,,100.2,0.0,0.0,0.0,0.0,0.0,8,4,0
2018-02-26,«œ√µ,Ω¬√Ã∫∏,±§ªÍ,2018.02.26,8.5,7.5,13.1,,,64.3,0.0,0.0,0.0,0.0,0.0,9,4,0
2018-03-05,«œ√µ,Ω¬√Ã∫∏,±§ªÍ,2018.03.05,10.1,7.2,5.6,,,72.6,0.0,0.0,0.0,0.0,0.0,10,5,0
2018-03-12,«œ√µ,Ω¬√Ã∫∏,±§ªÍ,2018.03.12,10.6,7.6,11.1,,,67.8,0.0,0.0,0.0,0.0,0.0,13,5,0
2018-03-19,«œ√µ,Ω¬√Ã∫∏,±§ªÍ,2018.03.19,12.3,7.2,6.8,,,6.8,0.0,0.0,0.0,0.0,0.0,9,8,0
2018-03-26,«œ√µ,Ω¬√Ã∫∏,±§ªÍ,2018.03.26,13.8,7.3,7.7,,,20.4,0.0,0.0,0.0,0.0,0.0,8,5,0
2018-04-02,«œ√µ,Ω¬√Ã∫∏,±§ªÍ,2018.04.02,17.6,7.5,6.7,,,54.4,0.0,0.0,0.0,0.0,0.0,7,6,0
2018-04-09,«œ√µ,Ω¬√Ã∫∏,±§ªÍ,2018.04.09,13.8,7.3,8.6,,,24,0.0,0.0,0.0,0.0,0.0,6,8,0
2018-04-16,«œ√µ,Ω¬√Ã∫∏,±§ªÍ,2018.04.16,14.8,7.2,9.0,,,54.2,575.0,0.0,575.0,0.0,0.0,6,6,0
2018-04-24,«œ√µ,Ω¬√Ã∫∏,±§ªÍ,2018.04.24,16.3,7.6,7.3,,,12.5,0.0,0.0,0.0,0.0,0.0,7,11,0
2018-04-30,«œ√µ,Ω¬√Ã∫∏,±§ªÍ,2018.04.30,20.0,7.4,8.4,,,32.9,0.0,0.0,0.0,0.0,0.0,5,8,0
2018-05-08,«œ√µ,Ω¬√Ã∫∏,±§ªÍ,2018.05.08,18.9,7.6,8.1,,,76.3,0.0,0.0,0.0,0.0,0.0,5,6,0
2018-05-14,«œ√µ,Ω¬√Ã∫∏,±§ªÍ,2018.05.14,21.3,7.5,7.8,,,50.5,0.0,0.0,0.0,0.0,0.0,4,4,0
2018-05-21,«œ√µ,Ω¬√Ã∫∏,±§ªÍ,2018.05.21,21.0,7.5,9.3,,,35.5,0.0,0.0,0.0,0.0,0.0,4,5,0
2018-05-28,«œ√µ,Ω¬√Ã∫∏,±§ªÍ,2018.05.28,24.6,7.5,8.1,,,28.6,0.0,0.0,0.0,0.0,0.0,4,7,0
2018-06-04,«œ√µ,Ω¬√Ã∫∏,±§ªÍ,2018.06.04,25.1,7.5,7.6,,,43.2,0.0,0.0,0.0,0.0,0.0,3,7,0
2018-06-11,«œ√µ,Ω¬√Ã∫∏,±§ªÍ,2018.06.11,24.8,7.4,6.1,,,21.3,0.0,0.0,0.0,0.0,0.0,3,5,0
2018-06-18,«œ√µ,Ω¬√Ã∫∏,±§ªÍ,2018.06.18,26.5,7.8,9.4,,,99.6,123.0,0.0,123.0,0.0,0.0,6,7,0
2018-06-25,«œ√µ,Ω¬√Ã∫∏,±§ªÍ,2018.06.25,27.4,7.8,7.8,,,35.8,0.0,0.0,0.0,0.0,0.0,3,4,0
2018-07-02,«œ√µ,Ω¬√Ã∫∏,±§ªÍ,2018.07.02,23.7,7.5,5.8,,,5.2,175.0,0.0,0.0,175.0,0.0,5,6,0
2018-07-09,«œ√µ,Ω¬√Ã∫∏,±§ªÍ,2018.07.09,24.9,7.5,4.6,,,13.3,0.0,0.0,0.0,0.0,0.0,3,4,0
2018-07-16,«œ√µ,Ω¬√Ã∫∏,±§ªÍ,2018.07.16,31.2,7.9,9.0,,,27.4,203.0,203.0,0.0,0.0,0.0,3,6,0
2018-07-23,«œ√µ,Ω¬√Ã∫∏,±§ªÍ,2018.07.23,31.2,8.4,13.2,,,156.1,467.0,14.0,0.0,453.0,0.0,4,8,0
2018-07-26,«œ√µ,Ω¬√Ã∫∏,±§ªÍ,2018.07.26,31.7,8.3,12.8,,,166.8,868.0,267.0,24.0,577.0,0.0,6,8,0
2018-07-30,«œ√µ,Ω¬√Ã∫∏,±§ªÍ,2018.07.30,32.4,8.7,13.3,,,150.6,417.0,291.0,27.0,99.0,0.0,3,9,0
2018-08-02,«œ√µ,Ω¬√Ã∫∏,±§ªÍ,2018.08.02,32.3,8.0,11.9,,,160.2,420.0,367.0,14.0,39.0,0.0,2,7,0
2018-08-06,«œ√µ,Ω¬√Ã∫∏,±§ªÍ,2018.08.06,32.5,8.6,12.5,,,174.7,465.0,320.0,14.0,131.0,0.0,5,11,0
2018-08-09,«œ√µ,Ω¬√Ã∫∏,±§ªÍ,2018.08.09,32.1,8.5,13.8,,,168.5,1153.0,198.0,0.0,944.0,11.0,6,15,0
2018-08-13,«œ√µ,Ω¬√Ã∫∏,±§ªÍ,2018.08.13,31.5,7.9,9.5,,,54.6,342.0,205.0,0.0,137.0,0.0,5,11,0
2018-08-16,«œ√µ,Ω¬√Ã∫∏,±§ªÍ,2018.08.16,30.6,7.7,8.2,,,36.8,376.0,34.0,0.0,342.0,0.0,6,20,0
2018-08-20,«œ√µ,Ω¬√Ã∫∏,±§ªÍ,2018.08.20,29.8,8.4,10.2,,,85.3,805.0,236.0,0.0,569.0,0.0,5,11,0
2018-08-28,«œ√µ,Ω¬√Ã∫∏,±§ªÍ,2018.08.28,24.3,6.9,6.7,,,5.6,0.0,0.0,0.0,0.0,0.0,6,6,0
2018-09-03,«œ√µ,Ω¬√Ã∫∏,±§ªÍ,2018.09.03,25.8,7.1,5.1,,,2.6,0.0,0.0,0.0,0.0,0.0,4,6,0
2018-09-10,«œ√µ,Ω¬√Ã∫∏,±§ªÍ,2018.09.10,24.8,7.1,5.2,,,15.7,0.0,0.0,0.0,0.0,0.0,5,6,0
2018-09-17,«œ√µ,Ω¬√Ã∫∏,±§ªÍ,2018.09.17,25.1,7.4,7.2,,,54.3,146.0,112.0,34.0,0.0,0.0,7,7,∫–ºÆ¡ﬂ
2018-09-27,«œ√µ,Ω¬√Ã∫∏,±§ªÍ,2018.09.27,22.3,7.6,10.0,,,41.4,304.0,304.0,0.0,0.0,0.0,9,9,0
2018-10-01,«œ√µ,Ω¬√Ã∫∏,±§ªÍ,2018.10.01,21.2,7.2,10.2,,,72.8,286.0,286.0,0.0,0.0,0.0,12,9,0
2018-10-08,«œ√µ,Ω¬√Ã∫∏,±§ªÍ,2018.10.08,19.7,7.1,6.3,,,6.2,66.0,0.0,24.0,0.0,42.0,7,9,0
2018-10-15,«œ√µ,Ω¬√Ã∫∏,±§ªÍ,2018.10.15,18.1,7.4,8.8,,,27.3,23.0,0.0,0.0,0.0,23.0,8,5,0
2018-10-22,«œ√µ,Ω¬√Ã∫∏,±§ªÍ,2018.10.22,17.1,7.5,9.5,,,26.3,0.0,0.0,0.0,0.0,0.0,7,5,
2018-10-29,«œ√µ,Ω¬√Ã∫∏,±§ªÍ,2018.10.29,16.0,7.4,8.5,,,36.2,0.0,0.0,0.0,0.0,0.0,10,6,
2018-11-05,«œ√µ,Ω¬√Ã∫∏,±§ªÍ,2018.11.05,14.6,7.8,9.7,,,31.8,0.0,0.0,0.0,0.0,0.0,10,8,
2018-11-12,«œ√µ,Ω¬√Ã∫∏,±§ªÍ,2018.11.12,15.1,7.5,6.0,,,36.9,0.0,0.0,0.0,0.0,0.0,9,13,
2018-11-19,«œ√µ,Ω¬√Ã∫∏,±§ªÍ,2018.11.19,12.8,7.9,11.6,,,73.2,0.0,0.0,0.0,0.0,0.0,9,7,0
2018-11-26,«œ√µ,Ω¬√Ã∫∏,±§ªÍ,2018.11.26,11.1,7.8,11.5,,,85.5,0.0,0.0,0.0,0.0,0.0,10,7,0
2018-12-03,«œ√µ,Ω¬√Ã∫∏,±§ªÍ,2018.12.03,12.0,8.0,12.1,,,77.5,0.0,0.0,0.0,0.0,0.0,12,7,0
2018-12-10,«œ√µ,Ω¬√Ã∫∏,±§ªÍ,2018.12.10,6.0,7.9,11.2,,,74,0.0,0.0,0.0,0.0,0.0,7,5,0
2018-12-17,«œ√µ,Ω¬√Ã∫∏,±§ªÍ,2018.12.17,6.7,7.9,12.3,,,45.8,0.0,0.0,0.0,0.0,0.0,7,4,0
2018-12-24,«œ√µ,Ω¬√Ã∫∏,±§ªÍ,2018.12.24,8.9,7.8,11.1,,,∫–ºÆ¡ﬂ,0.0,0.0,0.0,0.0,0.0,9,5,0
2019-01-03,«œ√µ,Ω¬√Ã∫∏,±§ªÍ,2019.01.03,,,,,,,,,,,,,,
2019-01-07,«œ√µ,Ω¬√Ã∫∏,±§ªÍ,2019.01.07,6.0,8.2,12.5,,,31.4,0.0,0.0,0.0,0.0,0.0,6,3,0
2019-01-14,«œ√µ,Ω¬√Ã∫∏,±§ªÍ,2019.01.14,7.6,7.5,12.1,,,44.7,0.0,0.0,0.0,0.0,0.0,8,3,0
2019-01-21,«œ√µ,Ω¬√Ã∫∏,±§ªÍ,2019.01.21,6.8,7.6,12.1,,,32.4,0.0,0.0,0.0,0.0,0.0,6,2,0
2019-01-28,«œ√µ,Ω¬√Ã∫∏,±§ªÍ,2019.01.28,6.5,7.8,13.3,,,59.6,0.0,0.0,0.0,0.0,0.0,9,2,0
2019-02-07,«œ√µ,Ω¬√Ã∫∏,±§ªÍ,2019.02.07,8.1,7.4,8.9,,,99.0,0.0,0.0,0.0,0.0,0.0,10,7,0
2019-02-11,«œ√µ,Ω¬√Ã∫∏,±§ªÍ,2019.02.11,5.9,8.1,13.5,,,121.4,34.0,0.0,0.0,34.0,0.0,15,5,0
2019-02-14,«œ√µ,Ω¬√Ã∫∏,±§ªÍ,2019.02.14,6.5,8.3,14.3,,,126.1,0.0,0.0,0.0,0.0,0.0,16,6,0
2019-02-18,«œ√µ,Ω¬√Ã∫∏,±§ªÍ,2019.02.18,7.0,7.7,15.6,,,92.2,0.0,0.0,0.0,0.0,0.0,12,4,0
2019-02-21,«œ√µ,Ω¬√Ã∫∏,±§ªÍ,2019.02.21,7.4,7.4,7.5,,,54.7,0.0,0.0,0.0,0.0,0.0,13,7,0
2019-02-25,«œ√µ,Ω¬√Ã∫∏,±§ªÍ,2019.02.25,9.0,8.0,11.6,,,148.2,0.0,0.0,0.0,0.0,0.0,17,6,0
2019-02-27,«œ√µ,Ω¬√Ã∫∏,±§ªÍ,2019.02.27,10.1,7.9,13.4,,,71.7,0.0,0.0,0.0,0.0,0.0,21,9,0
2019-03-04,«œ√µ,Ω¬√Ã∫∏,±§ªÍ,2019.03.04,12.0,7.6,12.8,,,68.1,0.0,0.0,0.0,0.0,0.0,20,6,0
2019-03-07,«œ√µ,Ω¬√Ã∫∏,±§ªÍ,2019.03.07,12.3,7.8,12.6,,,79.6,0.0,0.0,0.0,0.0,0.0,24,5,0
2019-03-11,«œ√µ,Ω¬√Ã∫∏,±§ªÍ,2019.03.11,12.1,7.5,8.7,,,76.8,0.0,0.0,0.0,0.0,0.0,31,5,0
2019-03-18,«œ√µ,Ω¬√Ã∫∏,±§ªÍ,2019.03.18,12.1,7.8,12.1,,,80.5,0.0,0.0,0.0,0.0,0.0,22,8,0
2019-03-25,«œ√µ,Ω¬√Ã∫∏,±§ªÍ,2019.03.25,11.8,8.1,8.0,,,41.4,0.0,0.0,0.0,0.0,0.0,16,6,0
2019-04-01,«œ√µ,Ω¬√Ã∫∏,±§ªÍ,2019.04.01,12.2,8.1,8.6,,,24.1,0.0,0.0,0.0,0.0,0.0,16,8,0
2019-04-08,«œ√µ,Ω¬√Ã∫∏,±§ªÍ,2019.04.08,14.8,8.2,7.9,,,26.0,0.0,0.0,0.0,0.0,0.0,14,13,0
2019-04-15,«œ√µ,Ω¬√Ã∫∏,±§ªÍ,2019.04.15,13.7,9.0,11.8,,,84.0,0.0,0.0,0.0,0.0,0.0,8,7,0
2019-04-22,«œ√µ,Ω¬√Ã∫∏,±§ªÍ,2019.04.22,20.2,8.4,10.1,,,70.5,0.0,0.0,0.0,0.0,0.0,10,13,0
2019-04-30,«œ√µ,Ω¬√Ã∫∏,±§ªÍ,2019.04.30,15.6,7.8,6.8,,,16.2,0.0,0.0,0.0,0.0,0.0,7,6,0
2019-05-07,«œ√µ,Ω¬√Ã∫∏,±§ªÍ,2019.05.07,19.4,8.6,10.1,,,41.1,0.0,0.0,0.0,0.0,0.0,9,13,0
2019-05-13,«œ√µ,Ω¬√Ã∫∏,±§ªÍ,2019.05.13,21.6,7.5,12.4,,,79.0,0.0,0.0,0.0,0.0,0.0,12,9,0
2019-05-20,«œ√µ,Ω¬√Ã∫∏,±§ªÍ,2019.05.20,20.9,7.3,5.6,,,42.5,0.0,0.0,0.0,0.0,0.0,8,11,0
2019-05-28,«œ√µ,Ω¬√Ã∫∏,±§ªÍ,2019.05.28,20.4,7.0,4.3,,,35.9,0.0,0.0,0.0,0.0,0.0,6,10,0
2019-06-03,«œ√µ,Ω¬√Ã∫∏,±§ªÍ,2019.06.03,22.9,7.6,8.4,,,68.7,0.0,0.0,0.0,0.0,0.0,5,6,0
2019-06-10,«œ√µ,Ω¬√Ã∫∏,±§ªÍ,2019.06.10,24.1,7.7,4.7,,,34.6,0.0,0.0,0.0,0.0,0.0,5,6,0
2019-06-17,«œ√µ,Ω¬√Ã∫∏,±§ªÍ,2019.06.17,24.4,8.2,8.2,,,77.6,0.0,0.0,0.0,0.0,0.0,4,4,0
2019-06-24,«œ√µ,Ω¬√Ã∫∏,±§ªÍ,2019.06.24,26.0,7.9,4.8,,,74.7,48.0,48.0,0.0,0.0,0.0,6,7,0
2019-07-02,«œ√µ,Ω¬√Ã∫∏,±§ªÍ,2019.07.02,24.3,7.2,3.8,,,8.3,0.0,0.0,0.0,0.0,0.0,8,9,0
2019-07-08,«œ√µ,Ω¬√Ã∫∏,±§ªÍ,2019.07.08,27.1,7.3,6.7,,,67.1,164.0,164.0,0.0,0.0,0.0,6,6,0
2019-07-15,«œ√µ,Ω¬√Ã∫∏,±§ªÍ,2019.07.15,26.4,8.7,7.4,,,63.7,46.0,46.0,0.0,0.0,0.0,4,6,0
2019-07-23,«œ√µ,Ω¬√Ã∫∏,±§ªÍ,2019.07.23,26.6,8.1,4.7,,,5.9,0.0,0.0,0.0,0.0,0.0,7,8,0
2019-07-29,«œ√µ,Ω¬√Ã∫∏,±§ªÍ,2019.07.29,26.1,7.4,5.7,,,4.3,24.0,0.0,0.0,0.0,24.0,5,6,0
2019-08-05,«œ√µ,Ω¬√Ã∫∏,±§ªÍ,2019.08.05,30.2,7.7,8.6,,,65.4,0.0,0.0,0.0,0.0,0.0,6,9,0
2019-08-12,«œ√µ,Ω¬√Ã∫∏,±§ªÍ,2019.08.12,27.3,7.2,4.6,,,22.1,0.0,0.0,0.0,0.0,0.0,7,10,0
2019-08-19,«œ√µ,Ω¬√Ã∫∏,±§ªÍ,2019.08.19,28.7,8.1,10.5,,,106.9,0.0,0.0,0.0,0.0,0.0,10,9,∫–ºÆ¡ﬂ
2019-08-26,«œ√µ,Ω¬√Ã∫∏,±§ªÍ,2019.08.26,26.0,7.3,6.8,,,15.3,1994.0,1994.0,0.0,0.0,0.0,4,6,0
2019-09-03,«œ√µ,Ω¬√Ã∫∏,±§ªÍ,2019.09.03,24.3,7.3,7.7,,,40.7,34.0,34.0,0.0,0.0,0.0,10,8,0
2019-09-10,«œ√µ,Ω¬√Ã∫∏,±§ªÍ,2019.09.10,25.8,7.2,5.4,,,5.4,54.0,54.0,0.0,0.0,0.0,9,8,0
2019-09-16,«œ√µ,Ω¬√Ã∫∏,±§ªÍ,2019.09.16,27.3,8.0,10.1,,,43.8,761.0,733.0,28.0,0.0,0.0,7,7,0.3
2019-09-24,«œ√µ,Ω¬√Ã∫∏,±§ªÍ,2019.09.24,20.0,7.3,7.0,,,4.2,74.0,74.0,0.0,0.0,0.0,7,7,0
2019-09-30,«œ√µ,Ω¬√Ã∫∏,±§ªÍ,2019.09.30,25.0,7.4,8.7,,,47.8,4025.0,3814.0,211.0,0.0,0.0,6,35,0.3
2019-10-07,«œ√µ,Ω¬√Ã∫∏,±§ªÍ,2019.10.07,21.3,7.5,7.3,,,3.2,147.0,147.0,0.0,0.0,0.0,10,7,0
2019-10-14,«œ√µ,Ω¬√Ã∫∏,±§ªÍ,2019.10.14,20.3,7.6,8.8,,,29.4,2603.0,2603.0,0.0,0.0,0.0,7,6,0
2019-10-21,«œ√µ,Ω¬√Ã∫∏,±§ªÍ,2019.10.21,19.7,7.9,12.1,,,65.9,28.0,28.0,0.0,0.0,0.0,11,10,0
2019-10-28,«œ√µ,Ω¬√Ã∫∏,±§ªÍ,2019.10.28,17.1,8.2,12.7,,,88.7,0.0,0.0,0.0,0.0,0.0,15,10,0
2019-11-04,«œ√µ,Ω¬√Ã∫∏,±§ªÍ,2019.11.04,17.5,7.9,11.9,,,86.0,0.0,0.0,0.0,0.0,0.0,13,8,0
2019-11-11,«œ√µ,Ω¬√Ã∫∏,±§ªÍ,2019.11.11,14.8,7.6,9.6,,,26.9,0.0,0.0,0.0,0.0,0.0,11,5,0
2019-11-18,«œ√µ,Ω¬√Ã∫∏,±§ªÍ,2019.11.18,14.1,7.5,8.0,,,32.8,0.0,0.0,0.0,0.0,0.0,14,7,0
2019-11-25,«œ√µ,Ω¬√Ã∫∏,±§ªÍ,2019.11.25,13.2,7.7,11.5,,,62.2,0.0,0.0,0.0,0.0,0.0,13,7,0
2019-12-09,«œ√µ,Ω¬√Ã∫∏,±§ªÍ,2019.12.09,8.0,7.7,15.5,,,99.5,0.0,0.0,0.0,0.0,0.0,18,4,0
2019-12-11,«œ√µ,Ω¬√Ã∫∏,±§ªÍ,2019.12.11,9.1,7.7,14.8,,,101.7,0.0,0.0,0.0,0.0,0.0,11,5,0
2019-12-16,«œ√µ,Ω¬√Ã∫∏,±§ªÍ,2019.12.16,9.1,7.7,14.6,,,74.6,0.0,0.0,0.0,0.0,0.0,11,5,0
2019-12-19,«œ√µ,Ω¬√Ã∫∏,±§ªÍ,2019.12.19,9.7,7.6,12.0,,,68.8,0.0,0.0,0.0,0.0,0.0,12,4,0
2019-12-23,«œ√µ,Ω¬√Ã∫∏,±§ªÍ,2019.12.23,7.4,7.7,12.9,,,58.8,0.0,0.0,0.0,0.0,0.0,11,2,0
2020-01-06,«œ√µ,Ω¬√Ã∫∏,±§ªÍ,2020.01.06,7.5,7.5,13.5,,,69.7,0.0,0.0,0.0,0.0,0.0,19,10,0
2020-01-13,«œ√µ,Ω¬√Ã∫∏,±§ªÍ,2020.01.13,7.0,7.3,11.0,,,16.9,0.0,0.0,0.0,0.0,0.0,13,12,0
2020-01-20,«œ√µ,Ω¬√Ã∫∏,±§ªÍ,2020.01.20,6.8,7.2,10.3,,,20.9,0.0,0.0,0.0,0.0,0.0,14,6,0
2020-01-28,«œ√µ,Ω¬√Ã∫∏,±§ªÍ,2020.01.28,9.2,7.2,9.8,,,21.4,0.0,0.0,0.0,0.0,0.0,13,11,0
2020-02-03,«œ√µ,Ω¬√Ã∫∏,±§ªÍ,2020.02.03,8.6,7.2,12.9,,,28.3,0.0,0.0,0.0,0.0,0.0,16,9,0
2020-02-10,«œ√µ,Ω¬√Ã∫∏,±§ªÍ,2020.02.10,6.9,7.3,12.1,,,24.0,0.0,0.0,0.0,0.0,0.0,13,3,0
2020-02-18,«œ√µ,Ω¬√Ã∫∏,±§ªÍ,2020.02.18,7.7,7.4,10.2,,,45.3,0.0,0.0,0.0,0.0,0.0,13,32,0
2020-02-24,«œ√µ,Ω¬√Ã∫∏,±§ªÍ,2020.02.24,10.2,7.5,9.2,,,57.4,0.0,0.0,0.0,0.0,0.0,12,14,0
2020-03-02,«œ√µ,Ω¬√Ã∫∏,±§ªÍ,2020.03.02,10.2,7.6,11.2,,,27.9,0.0,0.0,0.0,0.0,0.0,11,7,0
2020-03-09,«œ√µ,Ω¬√Ã∫∏,±§ªÍ,2020.03.09,11.3,7.1,10.5,,,31.5,0.0,0.0,0.0,0.0,0.0,14,11,0
2020-03-16,«œ√µ,Ω¬√Ã∫∏,±§ªÍ,2020.03.16,11.1,7.6,13.6,,,88.4,0.0,0.0,0.0,0.0,0.0,10,5,0
2020-03-23,«œ√µ,Ω¬√Ã∫∏,±§ªÍ,2020.03.23,14.7,8.2,14.6,,,107.3,0.0,0.0,0.0,0.0,0.0,7,4,¡§∑Æ«—∞ËπÃ∏∏
2020-03-30,«œ√µ,Ω¬√Ã∫∏,±§ªÍ,2020.03.30,13.2,7.3,10.1,,,121.6,0.0,0.0,0.0,0.0,0.0,9,16,¡§∑Æ«—∞ËπÃ∏∏
2020-04-06,«œ√µ,Ω¬√Ã∫∏,±§ªÍ,2020.04.06,14.4,8.8,16.3,,,120.9,0.0,0.0,0.0,0.0,0.0,12,14,¡§∑Æ«—∞ËπÃ∏∏
2020-04-13,«œ√µ,Ω¬√Ã∫∏,±§ªÍ,2020.04.13,14.6,7.3,10.7,,,61.4,0.0,0.0,0.0,0.0,0.0,16,24,¡§∑Æ«—∞ËπÃ∏∏
2020-04-20,«œ√µ,Ω¬√Ã∫∏,±§ªÍ,2020.04.20,15.0,6.8,3.4,,,19.6,0.0,0.0,0.0,0.0,0.0,16,32,¡§∑Æ«—∞ËπÃ∏∏
2020-04-27,«œ√µ,Ω¬√Ã∫∏,±§ªÍ,2020.04.27,16.5,7.9,13.7,,,60.9,0.0,0.0,0.0,0.0,0.0,17,18,¡§∑Æ«—∞ËπÃ∏∏
2020-05-04,«œ√µ,Ω¬√Ã∫∏,±§ªÍ,2020.05.04,19.9,6.8,1.7,0.5,12.6,15.3,0.0,0.0,0.0,0.0,0.0,28,29,¡§∑Æ«—∞ËπÃ∏∏
2020-05-11,«œ√µ,Ω¬√Ã∫∏,±§ªÍ,2020.05.11,19.7,7.2,5.4,0.7,7.2,37.2,0.0,0.0,0.0,0.0,0.0,25,28,¡§∑Æ«—∞ËπÃ∏∏
2020-05-18,«œ√µ,Ω¬√Ã∫∏,±§ªÍ,2020.05.18,21.5,6.8,8.0,0.8,6.0,75.3,0.0,0.0,0.0,0.0,0.0,26,11,¡§∑Æ«—∞ËπÃ∏∏
2020-05-25,«œ√µ,Ω¬√Ã∫∏,±§ªÍ,2020.05.25,21.7,7.0,7.5,0.6,10.0,61.8,0.0,0.0,0.0,0.0,0.0,10,10,¡§∑Æ«—∞ËπÃ∏∏
2020-06-01,«œ√µ,Ω¬√Ã∫∏,±§ªÍ,2020.06.01,23.0,7.1,7.3,0.7,7.3,47.1,0.0,0.0,0.0,0.0,0.0,9,10,¡§∑Æ«—∞ËπÃ∏∏
2020-06-08,«œ√µ,Ω¬√Ã∫∏,±§ªÍ,2020.06.08,26.8,7.6,9.6,0.5,7.8,112.1,29.0,0.0,0.0,0.0,29.0,10,11,¡§∑Æ«—∞ËπÃ∏∏
2020-06-15,«œ√µ,Ω¬√Ã∫∏,±§ªÍ,2020.06.15,25.4,7.2,5.8,0.4,16.2,8.9,0.0,0.0,0.0,0.0,0.0,12,12,¡§∑Æ«—∞ËπÃ∏∏
2020-06-22,«œ√µ,Ω¬√Ã∫∏,±§ªÍ,2020.06.22,27.9,7.3,12.1,0.7,5.3,59.4,54.0,54.0,0.0,0.0,0.0,9,8,¡§∑Æ«—∞ËπÃ∏∏
2020-07-01,«œ√µ,Ω¬√Ã∫∏,±§ªÍ,2020.07.01,23.3,7.6,5.8,0.7,7.5,22.6,0.0,0.0,0.0,0.0,0.0,9,8,¡§∑Æ«—∞ËπÃ∏∏
2020-07-06,«œ√µ,Ω¬√Ã∫∏,±§ªÍ,2020.07.06,23.9,7.0,7.4,0.8,5.0,25.1,0.0,0.0,0.0,0.0,0.0,8,5,¡§∑Æ«—∞ËπÃ∏∏
2020-07-15,«œ√µ,Ω¬√Ã∫∏,±§ªÍ,2020.07.15,20.6,7.9,7.5,0.4,22.5,5.4,0.0,0.0,0.0,0.0,0.0,10,7,¡§∑Æ«—∞ËπÃ∏∏
2020-07-21,«œ√µ,Ω¬√Ã∫∏,±§ªÍ,2020.07.21,26.2,6.9,7.7,0.6,6.7,20.2,0.0,0.0,0.0,0.0,0.0,19,7,¡§∑Æ«—∞ËπÃ∏∏
2020-07-27,«œ√µ,Ω¬√Ã∫∏,±§ªÍ,2020.07.27,23.2,7.1,7.2,0.8,8.5,5.3,0.0,0.0,0.0,0.0,0.0,7,6,¡§∑Æ«—∞ËπÃ∏∏
2020-08-03,«œ√µ,Ω¬√Ã∫∏,±§ªÍ,2020.08.03,25.5,7.8,6.3,0.8,9.0,5.6,74.0,74.0,0.0,0.0,0.0,20,9,¡§∑Æ«—∞ËπÃ∏∏
2020-08-10,«œ√µ,Ω¬√Ã∫∏,±§ªÍ,2020.08.10,,,,,,,,,,,,,,
2020-08-19,«œ√µ,Ω¬√Ã∫∏,±§ªÍ,2020.08.19,30.0,7.8,8.8,0.7,5.3,63.1,0.0,0.0,0.0,0.0,0.0,9,11,¡§∑Æ«—∞ËπÃ∏∏
2020-08-24,«œ√µ,Ω¬√Ã∫∏,±§ªÍ,2020.08.24,29.8,7.1,8.4,0.7,6.7,45.9,98.0,77.0,0.0,0.0,21.0,9,7,¡§∑Æ«—∞ËπÃ∏∏
2020-09-01,«œ√µ,Ω¬√Ã∫∏,±§ªÍ,2020.09.01,28.3,6.7,5.9,0.2,47.1,25.6,0.0,0.0,0.0,0.0,0.0,9,7,∫–ºÆ¡ﬂ
2020-09-08,«œ√µ,Ω¬√Ã∫∏,±§ªÍ,2020.09.08,21.6,7.1,7.5,0.4,21.5,4.6,19.0,19.0,0.0,0.0,0.0,8,6,¡§∑Æ«—∞ËπÃ∏∏
2020-09-14,«œ√µ,Ω¬√Ã∫∏,±§ªÍ,2020.09.14,23.4,7.2,7.2,0.8,8.4,5.3,45.0,45.0,0.0,0.0,0.0,10,10,¡§∑Æ«—∞ËπÃ∏∏
2020-09-21,«œ√µ,Ω¬√Ã∫∏,±§ªÍ,2020.09.21,23.5,8.2,12.2,0.7,4.6,67.3,332.0,310.0,22.0,0.0,0.0,16,8,¡§∑Æ«—∞ËπÃ∏∏
2020-09-28,«œ√µ,Ω¬√Ã∫∏,±§ªÍ,2020.09.28,24.3,9.3,16.3,0.6,5.2,148.1,165.0,97.0,68.0,0.0,0.0,15,8,¡§∑Æ«—∞ËπÃ∏∏
2020-10-05,«œ√µ,Ω¬√Ã∫∏,±§ªÍ,2020.10.05,22.2,8.2,10.6,0.6,7.7,192.7,28.0,28.0,0.0,0.0,0.0,15,10,¡§∑Æ«—∞ËπÃ∏∏
2020-10-12,«œ√µ,Ω¬√Ã∫∏,±§ªÍ,2020.10.12,21.4,9.0,14.5,0.5,7.2,214.7,118.0,118.0,0.0,0.0,0.0,10,10,¡§∑Æ«—∞ËπÃ∏∏
2020-10-19,«œ√µ,Ω¬√Ã∫∏,±§ªÍ,2020.10.19,17.7,8.2,13.1,0.3,8.1,147.6,128.0,128.0,0.0,0.0,0.0,5,7,
2020-10-26,«œ√µ,Ω¬√Ã∫∏,±§ªÍ,2020.10.26,16.4,7.8,13.1,0.8,6.3,118.0,234.0,234.0,0.0,0.0,0.0,15,13,
2020-11-02,«œ√µ,Ω¬√Ã∫∏,±§ªÍ,2020.11.02,16.3,7.3,10.1,0.4,5.0,75.9,72.0,51.0,0.0,21.0,0.0,8,8,
2020-11-09,«œ√µ,Ω¬√Ã∫∏,±§ªÍ,2020.11.09,14.0,7.2,9.5,0.6,6.0,57.2,0.0,0.0,0.0,0.0,0.0,11,¡§∑Æ«—∞ËπÃ∏∏,
2020-11-16,«œ√µ,Ω¬√Ã∫∏,±§ªÍ,2020.11.16,13.9,7.6,12.9,0.5,3.7,47.6,0.0,0.0,0.0,0.0,0.0,9,10,
2020-11-24,«œ√µ,Ω¬√Ã∫∏,±§ªÍ,2020.11.24,13.6,7.1,5.0,1.3,2.0,11.4,0.0,0.0,0.0,0.0,0.0,10,12,
2020-12-01,«œ√µ,Ω¬√Ã∫∏,±§ªÍ,2020.12.01,10.3,7.5,12.3,0.9,4.5,46.0,0.0,0.0,0.0,0.0,0.0,8,13,¡§∑Æ«—∞ËπÃ∏∏
2020-12-07,«œ√µ,Ω¬√Ã∫∏,±§ªÍ,2020.12.07,8.7,7.3,11.9,0.7,3.6,53.1,0.0,0.0,0.0,0.0,0.0,10,10,¡§∑Æ«—∞ËπÃ∏∏
2020-12-15,«œ√µ,Ω¬√Ã∫∏,±§ªÍ,2020.12.15,7.6,7.2,12.4,0.6,4.8,61.4,0.0,0.0,0.0,0.0,0.0,11,10,¡§∑Æ«—∞ËπÃ∏∏
2020-12-21,«œ√µ,Ω¬√Ã∫∏,±§ªÍ,2020.12.21,5.7,7.1,13.6,0.7,2.6,72.0,0.0,0.0,0.0,0.0,0.0,4,¡§∑Æ«—∞ËπÃ∏∏,¡§∑Æ«—∞ËπÃ∏∏
2020-12-28,«œ√µ,Ω¬√Ã∫∏,±§ªÍ,2020.12.28,8.1,7.2,13.3,0.7,5.1,55.8,0.0,0.0,0.0,0.0,0.0,7,12,¡§∑Æ«—∞ËπÃ∏∏
2021-01-04,«œ√µ,Ω¬√Ã∫∏,±§ªÍ,2021.01.04,5.9,7.0,13.0,0.8,6.1,66.8,0.0,0.0,0.0,0.0,0.0,6,7,¡§∑Æ«—∞ËπÃ∏∏
2021-01-14,«œ√µ,Ω¬√Ã∫∏,±§ªÍ,2021.01.14,5.5,7.4,13.9,1.0,6.2,58.3,0.0,0.0,0.0,0.0,0.0,,,
2021-01-19,«œ√µ,Ω¬√Ã∫∏,±§ªÍ,2021.01.19,5.3,7.2,12.4,1.0,4.7,44.2,0.0,0.0,0.0,0.0,0.0,10,6,¡§∑Æ«—∞ËπÃ∏∏
2021-01-25,«œ√µ,Ω¬√Ã∫∏,±§ªÍ,2021.01.25,8.9,7.2,9.7,0.7,6.6,44.3,0.0,0.0,0.0,0.0,0.0,11,5,¡§∑Æ«—∞ËπÃ∏∏
2021-02-01,«œ√µ,Ω¬√Ã∫∏,±§ªÍ,2021.02.01,7.7,7.3,12.2,0.7,4.3,62.6,0.0,0.0,0.0,0.0,0.0,,,¡§∑Æ«—∞ËπÃ∏∏
2021-02-08,«œ√µ,Ω¬√Ã∫∏,±§ªÍ,2021.02.08,7.4,7.4,11.8,0.9,4.8,68.6,0.0,0.0,0.0,0.0,0.0,19,6,¡§∑Æ«—∞ËπÃ∏∏
2021-02-15,«œ√µ,Ω¬√Ã∫∏,±§ªÍ,2021.02.15,10.5,7.6,14.3,0.9,5.5,69.2,0.0,0.0,0.0,0.0,0.0,19,¡§∑Æ«—∞ËπÃ∏∏,¡§∑Æ«—∞ËπÃ∏∏
2021-02-22,«œ√µ,Ω¬√Ã∫∏,±§ªÍ,2021.02.22,9.9,7.3,12.8,0.6,5.6,55.6,0.0,0.0,0.0,0.0,0.0,21,3,¡§∑Æ«—∞ËπÃ∏∏
2021-03-02,«œ√µ,Ω¬√Ã∫∏,±§ªÍ,2021.03.02,10.7,7.1,8.6,0.3,45.1,27.3,0.0,0.0,0.0,0.0,0.0,13,¡§∑Æ«—∞ËπÃ∏∏,¡§∑Æ«—∞ËπÃ∏∏
2021-03-08,«œ√µ,Ω¬√Ã∫∏,±§ªÍ,2021.03.08,11.8,7.1,10.9,0.6,11.4,77.3,0.0,0.0,0.0,0.0,0.0,26,4,¡§∑Æ«—∞ËπÃ∏∏
2021-03-15,«œ√µ,Ω¬√Ã∫∏,±§ªÍ,2021.03.15,12.8,7.8,12.1,0.8,9.2,93.3,0.0,0.0,0.0,0.0,0.0,29,4,¡§∑Æ«—∞ËπÃ∏∏
2021-03-22,«œ√µ,Ω¬√Ã∫∏,±§ªÍ,2021.03.22,12.8,6.8,10.0,0.6,8.7,106.4,0.0,0.0,0.0,0.0,0.0,23,4,¡§∑Æ«—∞ËπÃ∏∏
2021-03-29,«œ√µ,Ω¬√Ã∫∏,±§ªÍ,2021.03.29,14.9,7.8,9.3,0.6,14.9,102.3,0.0,0.0,0.0,0.0,0.0,15,3,¡§∑Æ«—∞ËπÃ∏∏
2021-04-05,«œ√µ,Ω¬√Ã∫∏,±§ªÍ,2021.04.05,15.3,7.6,8.1,0.5,11.2,142.4,0.0,0.0,0.0,0.0,0.0,15,8,¡§∑Æ«—∞ËπÃ∏∏
2021-04-12,«œ√µ,Ω¬√Ã∫∏,±§ªÍ,2021.04.12,17.5,8.5,13.3,0.4,6.6,224.4,0.0,0.0,0.0,0.0,0.0,11,8,¡§∑Æ«—∞ËπÃ∏∏
2021-04-19,«œ√µ,Ω¬√Ã∫∏,±§ªÍ,2021.04.19,15.4,8.8,16.4,0.6,5.1,234.1,0.0,0.0,0.0,0.0,0.0,13,10,¡§∑Æ«—∞ËπÃ∏∏
2021-04-26,«œ√µ,Ω¬√Ã∫∏,±§ªÍ,2021.04.26,19.8,7.4,10.2,0.7,4.1,53.5,0.0,0.0,0.0,0.0,0.0,11,9,¡§∑Æ«—∞ËπÃ∏∏
2021-05-03,«œ√µ,Ω¬√Ã∫∏,±§ªÍ,2021.05.03,17.1,7.1,7.3,0.7,1.6,80.7,0.0,0.0,0.0,0.0,0.0,12,6,¡§∑Æ«—∞ËπÃ∏∏
2021-05-10,«œ√µ,Ω¬√Ã∫∏,±§ªÍ,2021.05.10,19.7,7.3,12.7,0.5,11.7,108.7,0.0,0.0,0.0,0.0,0.0,13,9,¡§∑Æ«—∞ËπÃ∏∏
2021-05-17,«œ√µ,Ω¬√Ã∫∏,±§ªÍ,2021.05.17,20.8,6.6,4.4,0.4,14.6,16.6,0.0,0.0,0.0,0.0,0.0,10,4,¡§∑Æ«—∞ËπÃ∏∏
2021-05-24,«œ√µ,Ω¬√Ã∫∏,±§ªÍ,2021.05.24,23.5,8.1,14.4,0.5,5.1,186.5,0.0,0.0,0.0,0.0,0.0,6,3,¡§∑Æ«—∞ËπÃ∏∏
2021-06-01,«œ√µ,Ω¬√Ã∫∏,±§ªÍ,2021.06.01,25.0,8.6,17.0,0.5,5.7,136.3,0.0,0.0,0.0,0.0,0.0,7,5,¡§∑Æ«—∞ËπÃ∏∏
2021-06-07,«œ√µ,Ω¬√Ã∫∏,±§ªÍ,2021.06.07,24.0,7.1,9.9,0.6,5.0,126.7,0.0,0.0,0.0,0.0,0.0,7,7,¡§∑Æ«—∞ËπÃ∏∏
2021-06-14,«œ√µ,Ω¬√Ã∫∏,±§ªÍ,2021.06.14,26.4,6.6,7.6,0.5,5.9,81.7,0.0,0.0,0.0,0.0,0.0,5,9,¡§∑Æ«—∞ËπÃ∏∏
2021-06-21,«œ√µ,Ω¬√Ã∫∏,±§ªÍ,2021.06.21,26.6,7.2,10.9,0.5,2.2,95.0,157.0,123.0,34.0,0.0,0.0,4,5,¡§∑Æ«—∞ËπÃ∏∏
2021-06-28,«œ√µ,Ω¬√Ã∫∏,±§ªÍ,2021.06.28,27.1,6.6,6.0,0.6,2.8,66.7,0.0,0.0,0.0,0.0,0.0,5,5,¡§∑Æ«—∞ËπÃ∏∏
2021-07-05,«œ√µ,Ω¬√Ã∫∏,±§ªÍ,2021.07.05,24.8,6.8,4.7,0.5,6.5,25.4,0.0,0.0,0.0,0.0,0.0,5,4,0
2021-07-12,«œ√µ,Ω¬√Ã∫∏,±§ªÍ,2021.07.12,27.8,6.6,8.0,0.5,2.7,53.2,66.0,66.0,0.0,0.0,0.0,4,2,¡§∑Æ«—∞ËπÃ∏∏
2021-07-19,«œ√µ,Ω¬√Ã∫∏,±§ªÍ,2021.07.19,29.2,7.2,8.2,0.5,4.4,72.2,63.0,51.0,12.0,0.0,0.0,14,6,¡§∑Æ«—∞ËπÃ∏∏
2021-07-26,«œ√µ,Ω¬√Ã∫∏,±§ªÍ,2021.07.26,29.3,7.8,9.8,0.6,5.2,136.4,98.0,98.0,0.0,0.0,0.0,11,12,¡§∑Æ«—∞ËπÃ∏∏
2021-08-02,«œ√µ,Ω¬√Ã∫∏,±§ªÍ,2021.08.02,29.1,6.7,4.2,0.6,5.1,129.9,822.0,688.0,47.0,54.0,33.0,13,3,¡§∑Æ«—∞ËπÃ∏∏
2021-08-09,«œ√µ,Ω¬√Ã∫∏,±§ªÍ,2021.08.09,28.3,6.7,6.3,0.4,10.2,58.3,491.0,471.0,14.0,6.0,0.0,6,14,¡§∑Æ«—∞ËπÃ∏∏
2021-08-17,«œ√µ,Ω¬√Ã∫∏,±§ªÍ,2021.08.17,28.3,7.0,8.6,6.0,3.7,86.0,661.0,578.0,83.0,0.0,0.0,8,9,¡§∑Æ«—∞ËπÃ∏∏
2021-08-23,«œ√µ,Ω¬√Ã∫∏,±§ªÍ,2021.08.23,,,,,,,,,,,,,,
2021-09-01,«œ√µ,Ω¬√Ã∫∏,±§ªÍ,2021.09.01,,,,,,,,,,,,,,
2021-09-06,«œ√µ,Ω¬√Ã∫∏,±§ªÍ,2021.09.06,24.2,6.7,6.9,0.7,2.8,18.5,510.0,419.0,23.0,0.0,68.0,8,4,¡§∑Æ«—∞ËπÃ∏∏
2021-09-13,«œ√µ,Ω¬√Ã∫∏,±§ªÍ,2021.09.13,26.1,7.2,9.7,0.7,3.1,57.1,89.0,89.0,0.0,0.0,0.0,9,9,¡§∑Æ«—∞ËπÃ∏∏
2021-09-23,«œ√µ,Ω¬√Ã∫∏,±§ªÍ,2021.09.23,25.1,7.0,8.4,0.7,3.7,25.2,2018.0,1852.0,53.0,0.0,113.0,35,5,0.2
2021-09-27,«œ√µ,Ω¬√Ã∫∏,±§ªÍ,2021.09.27,24.7,7.0,9.5,0.7,3.9,44.3,1206.0,1149.0,43.0,0.0,14.0,13,8,¡§∑Æ«—∞ËπÃ∏∏
2021-10-05,«œ√µ,Ω¬√Ã∫∏,±§ªÍ,2021.10.05,25.4,7.8,11.9,0.6,5.2,94.5,1003.0,1003.0,0.0,0.0,0.0,6,6,¡§∑Æ«—∞ËπÃ∏∏
2021-10-12,«œ√µ,Ω¬√Ã∫∏,±§ªÍ,2021.10.12,22.9,6.9,4.8,0.8,4.2,47.0,617.0,617.0,0.0,0.0,0.0,11,10,¡§∑Æ«—∞ËπÃ∏∏
2021-10-18,«œ√µ,Ω¬√Ã∫∏,±§ªÍ,2021.10.18,16.3,7.2,9.9,0.7,6.9,34.3,0.0,0.0,0.0,0.0,0.0,7,5,¡§∑Æ«—∞ËπÃ∏∏
2021-10-25,«œ√µ,Ω¬√Ã∫∏,±§ªÍ,2021.10.25,17.3,8.3,17.2,0.7,4.4,112.9,0.0,0.0,0.0,0.0,0.0,7,6,¡§∑Æ«—∞ËπÃ∏∏
2021-11-01,«œ√µ,Ω¬√Ã∫∏,±§ªÍ,2021.11.01,17.0,7.1,10.5,0.8,3.0,52.2,0.0,0.0,0.0,0.0,0.0,5,4,¡§∑Æ«—∞ËπÃ∏∏
2021-11-08,«œ√µ,Ω¬√Ã∫∏,±§ªÍ,2021.11.08,17.0,7.2,11.2,0.6,5.5,75.2,0.0,0.0,0.0,0.0,0.0,10,8,¡§∑Æ«—∞ËπÃ∏∏
2021-11-15,«œ√µ,Ω¬√Ã∫∏,±§ªÍ,2021.11.15,12.6,6.9,8.5,0.9,1.8,33.3,0.0,0.0,0.0,0.0,0.0,9,6,¡§∑Æ«—∞ËπÃ∏∏
2021-11-22,«œ√µ,Ω¬√Ã∫∏,±§ªÍ,2021.11.22,13.3,6.9,9.7,0.9,3.5,54.1,0.0,0.0,0.0,0.0,0.0,10,7,¡§∑Æ«—∞ËπÃ∏∏
2021-11-29,«œ√µ,Ω¬√Ã∫∏,±§ªÍ,2021.11.29,12.2,7.0,9.3,1.0,2.9,38.4,0.0,0.0,0.0,0.0,0.0,11,6,¡§∑Æ«—∞ËπÃ∏∏
2021-12-06,«œ√µ,Ω¬√Ã∫∏,±§ªÍ,2021.12.06,9.3,7.0,10.6,0.8,5.1,28.2,0.0,0.0,0.0,0.0,0.0,7,4,¡§∑Æ«—∞ËπÃ∏∏
2021-12-13,«œ√µ,Ω¬√Ã∫∏,±§ªÍ,2021.12.13,10.4,7.1,10.6,0.8,5.5,38.2,0.0,0.0,0.0,0.0,0.0,5,4,¡§∑Æ«—∞ËπÃ∏∏
2021-12-20,«œ√µ,Ω¬√Ã∫∏,±§ªÍ,2021.12.20,7.4,7.2,12.1,1.0,3.6,41.1,0.0,0.0,0.0,0.0,0.0,8,5,¡§∑Æ«—∞ËπÃ∏∏
2021-12-27,«œ√µ,Ω¬√Ã∫∏,±§ªÍ,2021.12.27,5.4,7.4,13.0,0.8,2.7,19.4,0.0,0.0,0.0,0.0,0.0,4,3,¡§∑Æ«—∞ËπÃ∏∏
2022-01-03,«œ√µ,Ω¬√Ã∫∏,±§ªÍ,2022.01.03,5.8,7.6,15.1,0.8,5.2,81.8,0.0,0.0,0.0,0.0,0.0,9,5,¡§∑Æ«—∞ËπÃ∏∏
2022-01-10,«œ√µ,Ω¬√Ã∫∏,±§ªÍ,2022.01.10,6.5,7.1,15.9,0.7,8.1,87.0,0.0,0.0,0.0,0.0,0.0,10,3,¡§∑Æ«—∞ËπÃ∏∏
2022-01-17,«œ√µ,Ω¬√Ã∫∏,±§ªÍ,2022.01.17,5.9,7.3,13.5,0.7,5.3,45.0,0.0,0.0,0.0,0.0,0.0,11,6,¡§∑Æ«—∞ËπÃ∏∏
2022-01-24,«œ√µ,Ω¬√Ã∫∏,±§ªÍ,2022.01.24,7.6,7.2,13.7,0.8,5.4,77.9,0.0,0.0,0.0,0.0,0.0,11,5,¡§∑Æ«—∞ËπÃ∏∏
2022-02-03,«œ√µ,Ω¬√Ã∫∏,±§ªÍ,2022.02.03,6.9,7.2,14.5,0.6,5.4,81.4,0.0,0.0,0.0,0.0,0.0,12,7,¡§∑Æ«—∞ËπÃ∏∏
2022-02-07,«œ√µ,Ω¬√Ã∫∏,±§ªÍ,2022.02.07,6.4,7.6,15.5,0.6,7.1,95.0,0.0,0.0,0.0,0.0,0.0,11,3,¡§∑Æ«—∞ËπÃ∏∏
2022-02-14,«œ√µ,Ω¬√Ã∫∏,±§ªÍ,2022.02.14,8.4,7.4,14.9,0.6,5.8,85.8,0.0,0.0,0.0,0.0,0.0,16,9,¡§∑Æ«—∞ËπÃ∏∏
2022-02-21,«œ√µ,Ω¬√Ã∫∏,±§ªÍ,2022.02.21,6.5,7.5,13.2,0.6,6.9,54.0,0.0,0.0,0.0,0.0,0.0,12,7,¡§∑Æ«—∞ËπÃ∏∏
2022-02-28,«œ√µ,Ω¬√Ã∫∏,±§ªÍ,2022.02.28,8.4,7.6,15.7,0.6,7.2,72.7,0.0,0.0,0.0,0.0,0.0,13,5,¡§∑Æ«—∞ËπÃ∏∏
2022-03-07,«œ√µ,Ω¬√Ã∫∏,±§ªÍ,2022.03.07,10.5,7.4,13.7,0.6,7.8,93.1,0.0,0.0,0.0,0.0,0.0,9,3,¡§∑Æ«—∞ËπÃ∏∏
2022-03-14,«œ√µ,Ω¬√Ã∫∏,±§ªÍ,2022.03.14,15.1,6.7,5.6,0.8,4.7,23.7,0.0,0.0,0.0,0.0,0.0,16,5,¡§∑Æ«—∞ËπÃ∏∏
2022-03-21,«œ√µ,Ω¬√Ã∫∏,±§ªÍ,2022.03.21,11.3,6.7,5.2,0.9,5.6,3.6,0.0,0.0,0.0,0.0,0.0,13,5,¡§∑Æ«—∞ËπÃ∏∏
2022-03-28,«œ√µ,Ω¬√Ã∫∏,±§ªÍ,2022.03.28,12.6,6.9,9.7,0.3,15.2,25.0,0.0,0.0,0.0,0.0,0.0,7,4,¡§∑Æ«—∞ËπÃ∏∏
2022-04-04,«œ√µ,Ω¬√Ã∫∏,±§ªÍ,2022.04.04,14.6,7.9,15.7,0.6,8.8,161.3,0.0,0.0,0.0,0.0,0.0,11,5,¡§∑Æ«—∞ËπÃ∏∏
2022-04-11,«œ√µ,Ω¬√Ã∫∏,±§ªÍ,2022.04.11,18.2,7.9,14.1,0.5,7.9,159.1,0.0,0.0,0.0,0.0,0.0,7,9,¡§∑Æ«—∞ËπÃ∏∏
2022-04-18,«œ√µ,Ω¬√Ã∫∏,±§ªÍ,2022.04.18,18.6,7.0,8.4,0.8,5.5,29.5,0.0,0.0,0.0,0.0,0.0,15,13,¡§∑Æ«—∞ËπÃ∏∏
2022-04-25,«œ√µ,Ω¬√Ã∫∏,±§ªÍ,2022.04.25,21.6,7.7,14.5,0.6,3.6,113.3,0.0,0.0,0.0,0.0,0.0,12,14,¡§∑Æ«—∞ËπÃ∏∏
2022-05-02,«œ√µ,Ω¬√Ã∫∏,±§ªÍ,2022.05.02,18.6,7.2,10.8,0.4,5.6,134.2,0.0,0.0,0.0,0.0,0.0,14,16,¡§∑Æ«—∞ËπÃ∏∏
2022-05-09,«œ√µ,Ω¬√Ã∫∏,±§ªÍ,2022.05.09,21.8,7.3,11.4,0.6,4.4,59.1,0.0,0.0,0.0,0.0,0.0,11,26,¡§∑Æ«—∞ËπÃ∏∏
2022-05-16,«œ√µ,Ω¬√Ã∫∏,±§ªÍ,2022.05.16,20.3,7.6,13.5,0.4,5.4,90.4,0.0,0.0,0.0,0.0,0.0,10,17,¡§∑Æ«—∞ËπÃ∏∏
2022-05-23,«œ√µ,Ω¬√Ã∫∏,±§ªÍ,2022.05.23,24.4,8.4,16.4,0.5,5.2,150.5,327.0,0.0,0.0,0.0,327.0,7,14,¡§∑Æ«—∞ËπÃ∏∏
2022-05-30,«œ√µ,Ω¬√Ã∫∏,±§ªÍ,2022.05.30,24.3,8.0,11.5,0.5,3.8,124.3,1390.0,148.0,528.0,0.0,714.0,10,90,¡§∑Æ«—∞ËπÃ∏∏
2022-06-07,«œ√µ,Ω¬√Ã∫∏,±§ªÍ,2022.06.07,23.2,6.8,6.9,0.6,5.0,24.7,0.0,0.0,0.0,0.0,0.0,5,11,¡§∑Æ«—∞ËπÃ∏∏
2022-06-13,«œ√µ,Ω¬√Ã∫∏,±§ªÍ,2022.06.13,25.0,7.0,9.4,0.6,5.0,68.6,231.0,231.0,0.0,0.0,0.0,6,8,¡§∑Æ«—∞ËπÃ∏∏
2022-06-20,«œ√µ,Ω¬√Ã∫∏,±§ªÍ,2022.06.20,28.1,7.4,10.8,0.5,3.3,36.8,323.0,323.0,0.0,0.0,0.0,5,7,¡§∑Æ«—∞ËπÃ∏∏
2022-06-27,«œ√µ,Ω¬√Ã∫∏,±§ªÍ,2022.06.27,26.9,6.9,6.5,0.6,5.4,26.3,0.0,0.0,0.0,0.0,0.0,4,8,¡§∑Æ«—∞ËπÃ∏∏
2022-07-04,«œ√µ,Ω¬√Ã∫∏,±§ªÍ,2022.07.04,30.0,7.3,8.8,0.6,5.8,49.5,0.0,0.0,0.0,0.0,0.0,3,6,
2022-07-11,«œ√µ,Ω¬√Ã∫∏,±§ªÍ,2022.07.11,29.2,6.9,7.1,0.6,6.6,96.7,92.0,0.0,74.0,0.0,18.0,10,8,
2022-07-19,«œ√µ,Ω¬√Ã∫∏,±§ªÍ,2022.07.19,25.6,6.3,4.7,0.6,9.5,10.5,0.0,0.0,0.0,0.0,0.0,5,9,¡§∑Æ«—∞ËπÃ∏∏
2022-07-25,«œ√µ,Ω¬√Ã∫∏,±§ªÍ,2022.07.25,26.1,6.5,5.4,0.6,4.9,21.5,345.0,284.0,0.0,0.0,61.0,6,9,¡§∑Æ«—∞ËπÃ∏∏
2022-08-01,«œ√µ,Ω¬√Ã∫∏,±§ªÍ,2022.08.01,27.3,6.6,3.0,0.5,5.4,26.6,147.0,111.0,0.0,36.0,0.0,7,10,¡§∑Æ«—∞ËπÃ∏∏
2022-08-08,«œ√µ,Ω¬√Ã∫∏,±§ªÍ,2022.08.08,30.9,7.7,9.7,0.6,7.9,95.6,339.0,275.0,0.0,64.0,0.0,5,10,¡§∑Æ«—∞ËπÃ∏∏
2022-08-17,«œ√µ,Ω¬√Ã∫∏,±§ªÍ,2022.08.17,27.8,6.4,2.1,0.8,2.2,19.0,175.0,0.0,0.0,175.0,0.0,7,11,¡§∑Æ«—∞ËπÃ∏∏
2022-08-22,«œ√µ,Ω¬√Ã∫∏,±§ªÍ,2022.08.22,28.9,6.7,5.8,0.6,7.8,38.2,0.0,0.0,0.0,0.0,0.0,4,6,¡§∑Æ«—∞ËπÃ∏∏
2022-08-29,«œ√µ,Ω¬√Ã∫∏,±§ªÍ,2022.08.29,26.0,7.4,10.4,0.6,3.0,56.5,0.0,0.0,0.0,0.0,0.0,6,7,¡§∑Æ«—∞ËπÃ∏∏
2022-09-05,«œ√µ,Ω¬√Ã∫∏,±§ªÍ,2022.09.05,26.3,6.9,8.3,0.8,3.3,31.6,299.0,244.0,0.0,41.0,14.0,4,12,¡§∑Æ«—∞ËπÃ∏∏
2022-09-13,«œ√µ,Ω¬√Ã∫∏,±§ªÍ,2022.09.13,25.4,6.8,8.9,0.8,4.0,48.8,0.0,0.0,0.0,0.0,0.0,5,8,¡§∑Æ«—∞ËπÃ∏∏
2022-09-19,«œ√µ,Ω¬√Ã∫∏,±§ªÍ,2022.09.19,27.1,6.9,7.2,0.7,4.1,39.7,2550.0,2300.0,250.0,0.0,0.0,6,9,¡§∑Æ«—∞ËπÃ∏∏
2022-09-26,«œ√µ,Ω¬√Ã∫∏,±§ªÍ,2022.09.26,22.6,7.2,10.9,0.5,4.7,55.6,2650.0,2650.0,0.0,0.0,0.0,5,9,¡§∑Æ«—∞ËπÃ∏∏
2022-10-05,«œ√µ,Ω¬√Ã∫∏,±§ªÍ,2022.10.05,22.2,6.3,4.5,0.4,8.8,19.9,150.0,150.0,0.0,0.0,0.0,6,9,¡§∑Æ«—∞ËπÃ∏∏
2022-10-11,«œ√µ,Ω¬√Ã∫∏,±§ªÍ,2022.10.11,19.1,6.7,8.9,0.6,4.9,24.0,247.0,247.0,0.0,0.0,0.0,10,8,¡§∑Æ«—∞ËπÃ∏∏
2022-10-17,«œ√µ,Ω¬√Ã∫∏,±§ªÍ,2022.10.17,20.8,7.1,12.3,0.6,5.1,94.7,2400.0,2400.0,0.0,0.0,0.0,12,11,¡§∑Æ«—∞ËπÃ∏∏
2022-10-24,«œ√µ,Ω¬√Ã∫∏,±§ªÍ,2022.10.24,17.8,6.7,12.4,0.6,4.0,75.8,0.0,0.0,0.0,0.0,0.0,13,10,¡§∑Æ«—∞ËπÃ∏∏
2022-11-01,«œ√µ,Ω¬√Ã∫∏,±§ªÍ,2022.11.01,17.8,6.8,9.5,0.8,2.8,23.6,0.0,0.0,0.0,0.0,0.0,15,7,¡§∑Æ«—∞ËπÃ∏∏
2022-11-07,«œ√µ,Ω¬√Ã∫∏,±§ªÍ,2022.11.07,14.3,6.9,10.6,0.8,4.0,23.5,94.0,94.0,0.0,0.0,0.0,10,5,¡§∑Æ«—∞ËπÃ∏∏
2022-11-14,«œ√µ,Ω¬√Ã∫∏,±§ªÍ,2022.11.14,16.9,6.9,8.6,0.8,1.5,19.5,0.0,0.0,0.0,0.0,0.0,11,9,¡§∑Æ«—∞ËπÃ∏∏
2022-11-21,«œ√µ,Ω¬√Ã∫∏,±§ªÍ,2022.11.21,14.6,6.9,5.1,1.1,1.5,17.8,0.0,0.0,0.0,0.0,0.0,12,4,¡§∑Æ«—∞ËπÃ∏∏
2022-12-05,«œ√µ,Ω¬√Ã∫∏,±§ªÍ,2022.12.05,8.3,6.7,8.7,0.9,3.8,10.6,0.0,0.0,0.0,0.0,0.0,16,8,¡§∑Æ«—∞ËπÃ∏∏
2022-12-12,«œ√µ,Ω¬√Ã∫∏,±§ªÍ,2022.12.12,8.8,6.9,9.8,0.9,3.7,17.5,0.0,0.0,0.0,0.0,0.0,10,6,¡§∑Æ«—∞ËπÃ∏∏
2022-12-19,«œ√µ,Ω¬√Ã∫∏,±§ªÍ,2022.12.19,,,,,,,,,,,,,,
2022-12-26,«œ√µ,Ω¬√Ã∫∏,±§ªÍ,2022.12.26,,,,,,,,,,,,,,
