,´ï¹æ·ù·®_DAY,´ïÀ¯ÀÔ·®_DAY
2012-01-01,0.0,0.0
2012-01-02,0.0,0.0
2012-01-03,0.0,
2012-01-04,0.0,0.0
2012-01-05,0.0,0.0
2012-01-06,0.0,0.0
2012-01-07,0.0,0.0
2012-01-08,0.0,0.0
2012-01-09,0.0,0.0
2012-01-10,0.0,0.0
2012-01-11,0.0,0.0
2012-01-12,0.0,0.0
2012-01-13,0.0,0.0
2012-01-14,0.0,0.0
2012-01-15,0.0,0.0
2012-01-16,0.0,0.0
2012-01-17,0.0,0.0
2012-01-18,0.0,0.0
2012-01-19,0.0,0.0
2012-01-20,0.0,0.0
2012-01-21,0.0,0.0
2012-01-22,0.0,0.0
2012-01-23,0.0,0.0
2012-01-24,0.0,0.0
2012-01-25,0.0,0.0
2012-01-26,0.0,0.0
2012-01-27,0.0,0.0
2012-01-28,0.0,0.0
2012-01-29,0.0,0.0
2012-01-30,0.0,0.0
2012-01-31,0.0,0.0
2012-02-01,0.0,0.0
2012-02-02,0.0,0.0
2012-02-03,0.0,0.0
2012-02-04,0.0,0.0
2012-02-05,0.0,0.0
2012-02-06,0.0,0.0
2012-02-07,0.0,0.0
2012-02-08,0.0,0.0
2012-02-09,0.0,0.0
2012-02-10,0.0,0.0
2012-02-11,0.0,0.0
2012-02-12,0.0,0.0
2012-02-13,0.0,0.0
2012-02-14,0.0,0.0
2012-02-15,0.0,0.0
2012-02-16,0.0,0.0
2012-02-17,0.0,0.0
2012-02-18,0.0,0.0
2012-02-19,0.0,0.0
2012-02-20,0.0,0.0
2012-02-21,0.0,0.0
2012-02-22,0.0,0.0
2012-02-23,0.0,0.0
2012-02-24,0.0,0.0
2012-02-25,0.0,0.0
2012-02-26,0.0,0.0
2012-02-27,0.0,0.0
2012-02-28,0.0,0.0
2012-02-29,0.0,0.0
2012-03-01,0.0,0.0
2012-03-02,0.0,0.0
2012-03-03,0.0,0.0
2012-03-04,0.0,0.0
2012-03-05,0.0,0.0
2012-03-06,0.0,0.0
2012-03-07,0.0,0.0
2012-03-08,0.0,0.0
2012-03-09,0.0,0.0
2012-03-10,0.0,0.0
2012-03-11,0.0,0.0
2012-03-12,0.0,0.0
2012-03-13,0.0,0.0
2012-03-14,0.0,0.0
2012-03-15,0.0,0.0
2012-03-16,0.0,0.0
2012-03-17,0.0,0.0
2012-03-18,0.0,0.0
2012-03-19,0.0,0.0
2012-03-20,0.0,0.0
2012-03-21,0.0,0.0
2012-03-22,0.0,0.0
2012-03-23,0.0,0.0
2012-03-24,0.0,0.0
2012-03-25,0.0,0.0
2012-03-26,0.0,0.0
2012-03-27,0.0,0.0
2012-03-28,0.0,0.0
2012-03-29,0.0,0.0
2012-03-30,0.0,0.0
2012-03-31,0.0,0.0
2012-04-01,0.0,0.0
2012-04-02,0.0,0.0
2012-04-03,0.0,0.0
2012-04-04,0.0,0.0
2012-04-05,0.0,0.0
2012-04-06,0.0,0.0
2012-04-07,0.0,0.0
2012-04-08,0.0,0.0
2012-04-09,0.0,0.0
2012-04-10,0.0,0.0
2012-04-11,0.0,0.0
2012-04-12,0.0,0.0
2012-04-13,0.0,0.0
2012-04-14,0.0,0.0
2012-04-15,0.0,0.0
2012-04-16,0.0,0.0
2012-04-17,0.0,0.0
2012-04-18,0.0,0.0
2012-04-19,0.0,0.0
2012-04-20,0.0,0.0
2012-04-21,0.0,0.0
2012-04-22,0.0,0.0
2012-04-23,0.0,0.0
2012-04-24,0.0,0.0
2012-04-25,0.0,0.0
2012-04-26,0.0,0.0
2012-04-27,0.0,0.0
2012-04-28,0.0,0.0
2012-04-29,0.0,0.0
2012-04-30,0.0,0.0
2012-05-01,0.0,0.0
2012-05-02,0.0,0.0
2012-05-03,0.0,0.0
2012-05-04,0.0,0.0
2012-05-05,0.0,0.0
2012-05-06,0.0,0.0
2012-05-07,0.0,0.0
2012-05-08,0.0,0.0
2012-05-09,0.0,0.0
2012-05-10,0.0,0.0
2012-05-11,0.0,0.0
2012-05-12,0.0,0.0
2012-05-13,0.0,0.0
2012-05-14,0.0,0.0
2012-05-15,0.0,0.0
2012-05-16,0.0,0.0
2012-05-17,0.0,0.0
2012-05-18,0.0,0.0
2012-05-19,0.0,0.0
2012-05-20,0.0,0.0
2012-05-21,0.0,0.0
2012-05-22,0.0,0.0
2012-05-23,0.0,0.0
2012-05-24,0.0,0.0
2012-05-25,0.0,0.0
2012-05-26,0.0,0.0
2012-05-27,0.0,0.0
2012-05-28,0.0,0.0
2012-05-29,0.0,0.0
2012-05-30,0.0,0.0
2012-05-31,0.0,0.0
2012-06-01,0.0,0.0
2012-06-02,0.0,0.0
2012-06-03,0.0,0.0
2012-06-04,0.0,0.0
2012-06-05,0.0,0.0
2012-06-06,0.0,0.0
2012-06-07,0.0,0.0
2012-06-08,0.0,0.0
2012-06-09,0.0,0.0
2012-06-10,0.0,0.0
2012-06-11,0.0,0.0
2012-06-12,0.0,0.0
2012-06-13,0.0,0.0
2012-06-14,0.0,0.0
2012-06-15,0.0,0.0
2012-06-16,0.0,0.0
2012-06-17,0.0,0.0
2012-06-18,0.0,0.0
2012-06-19,0.0,0.0
2012-06-20,0.0,0.0
2012-06-21,0.0,0.0
2012-06-22,0.0,0.0
2012-06-23,0.0,0.0
2012-06-24,0.0,0.0
2012-06-25,0.0,0.0
2012-06-26,0.0,0.0
2012-06-27,0.0,0.0
2012-06-28,0.0,0.0
2012-06-29,0.0,0.0
2012-06-30,0.0,0.0
2012-07-01,0.0,0.0
2012-07-02,0.0,0.0
2012-07-03,0.0,0.0
2012-07-04,0.0,0.0
2012-07-05,0.0,0.0
2012-07-06,0.0,0.0
2012-07-07,0.0,0.0
2012-07-08,0.0,0.0
2012-07-09,0.0,0.0
2012-07-10,0.0,0.0
2012-07-11,0.0,0.0
2012-07-12,0.0,0.0
2012-07-13,0.0,0.0
2012-07-14,0.0,0.0
2012-07-15,0.0,0.0
2012-07-16,0.0,0.0
2012-07-17,0.0,0.0
2012-07-18,0.0,0.0
2012-07-19,0.0,0.0
2012-07-20,0.0,0.0
2012-07-21,0.0,0.0
2012-07-22,0.0,0.0
2012-07-23,0.0,0.0
2012-07-24,0.0,0.0
2012-07-25,0.0,0.0
2012-07-26,0.0,0.0
2012-07-27,0.0,0.0
2012-07-28,0.0,0.0
2012-07-29,0.0,0.0
2012-07-30,0.0,0.0
2012-07-31,0.0,0.0
2012-08-01,0.0,0.0
2012-08-02,0.0,0.0
2012-08-03,0.0,0.0
2012-08-04,0.0,0.0
2012-08-05,0.0,0.0
2012-08-06,0.0,0.0
2012-08-07,0.0,0.0
2012-08-08,0.0,0.0
2012-08-09,0.0,0.0
2012-08-10,0.0,0.0
2012-08-11,0.0,0.0
2012-08-12,0.0,0.0
2012-08-13,0.0,0.0
2012-08-14,0.0,0.0
2012-08-15,0.0,0.0
2012-08-16,0.0,0.0
2012-08-17,0.0,0.0
2012-08-18,0.0,0.0
2012-08-19,0.0,0.0
2012-08-20,0.0,0.0
2012-08-21,0.0,0.0
2012-08-22,0.0,0.0
2012-08-23,0.0,0.0
2012-08-24,0.0,0.0
2012-08-25,0.0,0.0
2012-08-26,0.0,0.0
2012-08-27,0.0,0.0
2012-08-28,0.0,0.0
2012-08-29,0.0,0.0
2012-08-30,0.0,0.0
2012-08-31,0.0,0.0
2012-09-01,0.0,0.0
2012-09-02,0.0,0.0
2012-09-03,0.0,0.0
2012-09-04,0.0,0.0
2012-09-05,0.0,0.0
2012-09-06,0.0,0.0
2012-09-07,0.0,0.0
2012-09-08,0.0,0.0
2012-09-09,0.0,0.0
2012-09-10,0.0,0.0
2012-09-11,0.0,0.0
2012-09-12,0.0,0.0
2012-09-13,0.0,0.0
2012-09-14,0.0,0.0
2012-09-15,0.0,0.0
2012-09-16,0.0,0.0
2012-09-17,0.0,0.0
2012-09-18,0.0,0.0
2012-09-19,0.0,0.0
2012-09-20,0.0,0.0
2012-09-21,0.0,0.0
2012-09-22,0.0,0.0
2012-09-23,0.0,0.0
2012-09-24,0.0,0.0
2012-09-25,0.0,0.0
2012-09-26,0.0,0.0
2012-09-27,0.0,0.0
2012-09-28,0.0,0.0
2012-09-29,0.0,0.0
2012-09-30,0.0,0.0
2012-10-01,0.0,0.0
2012-10-02,0.0,0.0
2012-10-03,0.0,0.0
2012-10-04,0.0,0.0
2012-10-05,0.0,0.0
2012-10-06,0.0,0.0
2012-10-07,0.0,0.0
2012-10-08,0.0,0.0
2012-10-09,0.0,0.0
2012-10-10,0.0,0.0
2012-10-11,0.0,0.0
2012-10-12,0.0,0.0
2012-10-13,0.0,0.0
2012-10-14,0.0,0.0
2012-10-15,0.0,0.0
2012-10-16,0.0,0.0
2012-10-17,0.0,0.0
2012-10-18,0.0,0.0
2012-10-19,0.0,0.0
2012-10-20,0.0,0.0
2012-10-21,0.0,0.0
2012-10-22,0.0,0.0
2012-10-23,0.0,0.0
2012-10-24,0.0,0.0
2012-10-25,0.0,0.0
2012-10-26,0.0,0.0
2012-10-27,0.0,0.0
2012-10-28,0.0,0.0
2012-10-29,0.0,0.0
2012-10-30,0.0,0.0
2012-10-31,0.0,0.0
2012-11-01,0.0,0.0
2012-11-02,0.0,0.0
2012-11-03,0.0,0.0
2012-11-04,0.0,0.0
2012-11-05,0.0,0.0
2012-11-06,0.0,0.0
2012-11-07,0.0,0.0
2012-11-08,0.0,0.0
2012-11-09,0.0,0.0
2012-11-10,0.0,0.0
2012-11-11,0.0,0.0
2012-11-12,0.0,0.0
2012-11-13,0.0,0.0
2012-11-14,0.0,0.0
2012-11-15,0.0,0.0
2012-11-16,0.0,0.0
2012-11-17,0.0,0.0
2012-11-18,0.0,0.0
2012-11-19,0.0,0.0
2012-11-20,0.0,0.0
2012-11-21,0.0,0.0
2012-11-22,0.0,0.0
2012-11-23,0.0,0.0
2012-11-24,0.0,0.0
2012-11-25,0.0,0.0
2012-11-26,0.0,0.0
2012-11-27,0.0,0.0
2012-11-28,0.0,0.0
2012-11-29,0.0,0.0
2012-11-30,0.0,0.0
2012-12-01,0.0,0.0
2012-12-02,0.0,0.0
2012-12-03,0.0,0.0
2012-12-04,0.0,0.0
2012-12-05,0.0,0.0
2012-12-06,0.0,0.0
2012-12-07,0.0,0.0
2012-12-08,0.0,0.0
2012-12-09,0.0,0.0
2012-12-10,0.0,0.0
2012-12-11,0.0,0.0
2012-12-12,0.0,0.0
2012-12-13,0.0,0.0
2012-12-14,0.0,0.0
2012-12-15,0.0,0.0
2012-12-16,0.0,0.0
2012-12-17,0.0,0.0
2012-12-18,0.0,0.0
2012-12-19,0.0,0.0
2012-12-20,0.0,0.0
2012-12-21,0.0,0.0
2012-12-22,0.0,0.0
2012-12-23,0.0,0.0
2012-12-24,0.0,0.0
2012-12-25,0.0,0.0
2012-12-26,0.0,0.0
2012-12-27,0.0,0.0
2012-12-28,0.0,0.0
2012-12-29,0.0,0.0
2012-12-30,0.0,0.0
2012-12-31,0.0,0.0
2013-01-01,0.0,0.0
2013-01-02,0.0,0.0
2013-01-03,0.0,0.0
2013-01-04,0.0,0.0
2013-01-05,0.0,0.0
2013-01-06,0.0,0.0
2013-01-07,0.0,0.0
2013-01-08,0.0,0.0
2013-01-09,0.0,0.0
2013-01-10,0.0,0.0
2013-01-11,0.0,0.0
2013-01-12,0.0,0.0
2013-01-13,0.0,0.0
2013-01-14,0.0,0.0
2013-01-15,0.0,0.0
2013-01-16,0.0,0.0
2013-01-17,0.0,0.0
2013-01-18,0.0,0.0
2013-01-19,0.0,0.0
2013-01-20,0.0,0.0
2013-01-21,0.0,0.0
2013-01-22,0.0,0.0
2013-01-23,0.0,0.0
2013-01-24,0.0,0.0
2013-01-25,0.0,0.0
2013-01-26,0.0,0.0
2013-01-27,0.0,0.0
2013-01-28,0.0,0.0
2013-01-29,0.0,0.0
2013-01-30,0.0,0.0
2013-01-31,0.0,0.0
2013-02-01,0.0,0.0
2013-02-02,0.0,0.0
2013-02-03,0.0,0.0
2013-02-04,0.0,0.0
2013-02-05,0.0,0.0
2013-02-06,0.0,0.0
2013-02-07,0.0,0.0
2013-02-08,0.0,0.0
2013-02-09,0.0,0.0
2013-02-10,0.0,0.0
2013-02-11,0.0,0.0
2013-02-12,0.0,0.0
2013-02-13,0.0,0.0
2013-02-14,0.0,0.0
2013-02-15,0.0,0.0
2013-02-16,0.0,0.0
2013-02-17,0.0,0.0
2013-02-18,0.0,0.0
2013-02-19,0.0,0.0
2013-02-20,0.0,0.0
2013-02-21,0.0,0.0
2013-02-22,0.0,0.0
2013-02-23,0.0,0.0
2013-02-24,0.0,0.0
2013-02-25,0.0,0.0
2013-02-26,0.0,0.0
2013-02-27,0.0,0.0
2013-02-28,0.0,0.0
2013-03-01,0.0,0.0
2013-03-02,0.0,0.0
2013-03-03,0.0,0.0
2013-03-04,0.0,0.0
2013-03-05,0.0,0.0
2013-03-06,0.0,0.0
2013-03-07,0.0,0.0
2013-03-08,0.0,0.0
2013-03-09,0.0,0.0
2013-03-10,0.0,0.0
2013-03-11,0.0,0.0
2013-03-12,0.0,0.0
2013-03-13,0.0,0.0
2013-03-14,0.0,0.0
2013-03-15,0.0,0.0
2013-03-16,0.0,0.0
2013-03-17,0.0,0.0
2013-03-18,0.0,0.0
2013-03-19,0.0,0.0
2013-03-20,0.0,0.0
2013-03-21,0.0,0.0
2013-03-22,0.0,0.0
2013-03-23,0.0,0.0
2013-03-24,0.0,0.0
2013-03-25,0.0,0.0
2013-03-26,0.0,0.0
2013-03-27,0.0,0.0
2013-03-28,0.0,0.0
2013-03-29,0.0,0.0
2013-03-30,0.0,0.0
2013-03-31,0.0,0.0
2013-04-01,0.0,0.0
2013-04-02,0.0,0.0
2013-04-03,0.0,0.0
2013-04-04,0.0,0.0
2013-04-05,0.0,0.0
2013-04-06,0.0,0.0
2013-04-07,0.0,0.0
2013-04-08,0.0,0.0
2013-04-09,0.0,0.0
2013-04-10,0.0,0.0
2013-04-11,0.0,0.0
2013-04-12,0.0,0.0
2013-04-13,0.0,0.0
2013-04-14,0.0,0.0
2013-04-15,0.0,0.0
2013-04-16,0.0,0.0
2013-04-17,0.0,0.0
2013-04-18,0.0,0.0
2013-04-19,0.0,0.0
2013-04-20,0.0,0.0
2013-04-21,0.0,0.0
2013-04-22,0.0,0.0
2013-04-23,0.0,0.0
2013-04-24,0.0,0.0
2013-04-25,0.0,0.0
2013-04-26,0.0,0.0
2013-04-27,0.0,0.0
2013-04-28,0.0,0.0
2013-04-29,0.0,0.0
2013-04-30,0.0,0.0
2013-05-01,0.0,0.0
2013-05-02,0.0,0.0
2013-05-03,0.0,0.0
2013-05-04,0.0,0.0
2013-05-05,0.0,0.0
2013-05-06,0.0,0.0
2013-05-07,0.0,0.0
2013-05-08,0.0,0.0
2013-05-09,0.0,0.0
2013-05-10,0.0,0.0
2013-05-11,0.0,0.0
2013-05-12,0.0,0.0
2013-05-13,0.0,0.0
2013-05-14,0.0,0.0
2013-05-15,0.0,0.0
2013-05-16,0.0,0.0
2013-05-17,0.0,0.0
2013-05-18,0.0,0.0
2013-05-19,0.0,0.0
2013-05-20,0.0,0.0
2013-05-21,0.0,0.0
2013-05-22,0.0,0.0
2013-05-23,0.0,0.0
2013-05-24,0.0,0.0
2013-05-25,0.0,0.0
2013-05-26,0.0,0.0
2013-05-27,0.0,0.0
2013-05-28,0.0,0.0
2013-05-29,0.0,0.0
2013-05-30,0.0,0.0
2013-05-31,0.0,0.0
2013-06-01,0.0,0.0
2013-06-02,0.0,0.0
2013-06-03,0.0,0.0
2013-06-04,0.0,0.0
2013-06-05,0.0,0.0
2013-06-06,0.0,0.0
2013-06-07,0.0,0.0
2013-06-08,0.0,0.0
2013-06-09,0.0,0.0
2013-06-10,0.0,0.0
2013-06-11,0.0,0.0
2013-06-12,0.0,0.0
2013-06-13,0.0,0.0
2013-06-14,0.0,0.0
2013-06-15,0.0,0.0
2013-06-16,0.0,0.0
2013-06-17,0.0,0.0
2013-06-18,0.0,0.0
2013-06-19,0.0,0.0
2013-06-20,0.0,0.0
2013-06-21,0.0,0.0
2013-06-22,0.0,0.0
2013-06-23,0.0,0.0
2013-06-24,0.0,0.0
2013-06-25,0.0,0.0
2013-06-26,0.0,0.0
2013-06-27,0.0,0.0
2013-06-28,0.0,0.0
2013-06-29,0.0,0.0
2013-06-30,0.0,0.0
2013-07-01,0.0,0.0
2013-07-02,0.0,0.0
2013-07-03,0.0,0.0
2013-07-04,0.0,0.0
2013-07-05,0.0,0.0
2013-07-06,0.0,0.0
2013-07-07,0.0,0.0
2013-07-08,0.0,0.0
2013-07-09,0.0,0.0
2013-07-10,0.0,0.0
2013-07-11,0.0,0.0
2013-07-12,0.0,0.0
2013-07-13,0.0,0.0
2013-07-14,0.0,0.0
2013-07-15,0.0,0.0
2013-07-16,0.0,0.0
2013-07-17,0.0,0.0
2013-07-18,0.0,0.0
2013-07-19,0.0,0.0
2013-07-20,0.0,0.0
2013-07-21,0.0,0.0
2013-07-22,0.0,0.0
2013-07-23,0.0,0.0
2013-07-24,0.0,0.0
2013-07-25,0.0,0.0
2013-07-26,0.0,0.0
2013-07-27,0.0,0.0
2013-07-28,0.0,0.0
2013-07-29,0.0,0.0
2013-07-30,0.0,0.0
2013-07-31,0.0,0.0
2013-08-01,0.0,0.0
2013-08-02,0.0,0.0
2013-08-03,0.0,0.0
2013-08-04,0.0,0.0
2013-08-05,0.0,0.0
2013-08-06,0.0,0.0
2013-08-07,0.0,0.0
2013-08-08,0.0,0.0
2013-08-09,0.0,0.0
2013-08-10,0.0,0.0
2013-08-11,0.0,0.0
2013-08-12,0.0,0.0
2013-08-13,0.0,0.0
2013-08-14,0.0,0.0
2013-08-15,0.0,0.0
2013-08-16,0.0,0.0
2013-08-17,0.0,0.0
2013-08-18,0.0,0.0
2013-08-19,0.0,0.0
2013-08-20,0.0,0.0
2013-08-21,0.0,0.0
2013-08-22,0.0,0.0
2013-08-23,0.0,0.0
2013-08-24,0.0,0.0
2013-08-25,0.0,0.0
2013-08-26,0.0,0.0
2013-08-27,0.0,0.0
2013-08-28,0.0,0.0
2013-08-29,0.0,0.0
2013-08-30,0.0,0.0
2013-08-31,0.0,0.0
2013-09-01,0.0,0.0
2013-09-02,0.0,0.0
2013-09-03,0.0,0.0
2013-09-04,0.0,0.0
2013-09-05,0.0,0.0
2013-09-06,0.0,0.0
2013-09-07,0.0,0.0
2013-09-08,0.0,0.0
2013-09-09,0.0,0.0
2013-09-10,0.0,0.0
2013-09-11,0.0,0.0
2013-09-12,0.0,0.0
2013-09-13,0.0,0.0
2013-09-14,0.0,0.0
2013-09-15,0.0,0.0
2013-09-16,0.0,0.0
2013-09-17,0.0,0.0
2013-09-18,0.0,0.0
2013-09-19,0.0,0.0
2013-09-20,0.0,0.0
2013-09-21,0.0,0.0
2013-09-22,0.0,0.0
2013-09-23,0.0,0.0
2013-09-24,0.0,0.0
2013-09-25,0.0,0.0
2013-09-26,0.0,0.0
2013-09-27,0.0,0.0
2013-09-28,0.0,0.0
2013-09-29,0.0,0.0
2013-09-30,0.0,0.0
2013-10-01,0.0,0.0
2013-10-02,0.0,0.0
2013-10-03,0.0,0.0
2013-10-04,0.0,0.0
2013-10-05,0.0,0.0
2013-10-06,0.0,0.0
2013-10-07,0.0,0.0
2013-10-08,0.0,0.0
2013-10-09,0.0,0.0
2013-10-10,0.0,0.0
2013-10-11,0.0,0.0
2013-10-12,0.0,0.0
2013-10-13,0.0,0.0
2013-10-14,0.0,0.0
2013-10-15,0.0,0.0
2013-10-16,0.0,0.0
2013-10-17,0.0,0.0
2013-10-18,0.0,0.0
2013-10-19,0.0,0.0
2013-10-20,0.0,0.0
2013-10-21,0.0,0.0
2013-10-22,0.0,0.0
2013-10-23,0.0,0.0
2013-10-24,0.0,0.0
2013-10-25,0.0,0.0
2013-10-26,0.0,0.0
2013-10-27,0.0,0.0
2013-10-28,0.0,0.0
2013-10-29,0.0,0.0
2013-10-30,0.0,0.0
2013-10-31,0.0,0.0
2013-11-01,0.0,0.0
2013-11-02,0.0,0.0
2013-11-03,0.0,0.0
2013-11-04,0.0,0.0
2013-11-05,0.0,0.0
2013-11-06,0.0,0.0
2013-11-07,0.0,0.0
2013-11-08,0.0,0.0
2013-11-09,0.0,0.0
2013-11-10,0.0,0.0
2013-11-11,0.0,0.0
2013-11-12,0.0,0.0
2013-11-13,0.0,0.0
2013-11-14,0.0,0.0
2013-11-15,0.0,0.0
2013-11-16,0.0,0.0
2013-11-17,0.0,0.0
2013-11-18,0.0,0.0
2013-11-19,0.0,0.0
2013-11-20,0.0,0.0
2013-11-21,0.0,0.0
2013-11-22,0.0,0.0
2013-11-23,0.0,0.0
2013-11-24,0.0,0.0
2013-11-25,0.0,0.0
2013-11-26,0.0,0.0
2013-11-27,0.0,0.0
2013-11-28,0.0,0.0
2013-11-29,0.0,0.0
2013-11-30,0.0,0.0
2013-12-01,0.0,0.0
2013-12-02,0.0,0.0
2013-12-03,0.0,0.0
2013-12-04,0.0,0.0
2013-12-05,0.0,0.0
2013-12-06,0.0,0.0
2013-12-07,0.0,0.0
2013-12-08,0.0,0.0
2013-12-09,0.0,0.0
2013-12-10,0.0,0.0
2013-12-11,0.0,0.0
2013-12-12,0.0,0.0
2013-12-13,0.0,0.0
2013-12-14,0.0,0.0
2013-12-15,0.0,0.0
2013-12-16,0.0,0.0
2013-12-17,0.0,0.0
2013-12-18,0.0,0.0
2013-12-19,0.0,0.0
2013-12-20,0.0,0.0
2013-12-21,0.0,0.0
2013-12-22,0.0,0.0
2013-12-23,0.0,0.0
2013-12-24,0.0,0.0
2013-12-25,0.0,0.0
2013-12-26,0.0,0.0
2013-12-27,0.0,0.0
2013-12-28,0.0,0.0
2013-12-29,0.0,0.0
2013-12-30,0.0,0.0
2013-12-31,0.0,0.0
2014-01-01,0.0,0.0
2014-01-02,0.0,0.0
2014-01-03,0.0,0.0
2014-01-04,0.0,0.0
2014-01-05,0.0,0.0
2014-01-06,0.0,0.0
2014-01-07,0.0,0.0
2014-01-08,0.0,0.0
2014-01-09,0.0,0.0
2014-01-10,0.0,0.0
2014-01-11,0.0,0.0
2014-01-12,0.0,0.0
2014-01-13,0.0,0.0
2014-01-14,0.0,0.0
2014-01-15,0.0,0.0
2014-01-16,0.0,0.0
2014-01-17,0.0,0.0
2014-01-18,0.0,0.0
2014-01-19,0.0,0.0
2014-01-20,0.0,0.0
2014-01-21,0.0,0.0
2014-01-22,0.0,0.0
2014-01-23,0.0,0.0
2014-01-24,0.0,0.0
2014-01-25,0.0,0.0
2014-01-26,0.0,0.0
2014-01-27,0.0,0.0
2014-01-28,0.0,0.0
2014-01-29,0.0,0.0
2014-01-30,0.0,0.0
2014-01-31,0.0,0.0
2014-02-01,0.0,0.0
2014-02-02,0.0,0.0
2014-02-03,0.0,0.0
2014-02-04,0.0,0.0
2014-02-05,0.0,0.0
2014-02-06,0.0,0.0
2014-02-07,0.0,0.0
2014-02-08,0.0,0.0
2014-02-09,0.0,0.0
2014-02-10,0.0,0.0
2014-02-11,0.0,0.0
2014-02-12,0.0,0.0
2014-02-13,0.0,0.0
2014-02-14,0.0,0.0
2014-02-15,0.0,0.0
2014-02-16,0.0,0.0
2014-02-17,0.0,0.0
2014-02-18,0.0,0.0
2014-02-19,0.0,0.0
2014-02-20,0.0,0.0
2014-02-21,0.0,0.0
2014-02-22,0.0,0.0
2014-02-23,0.0,0.0
2014-02-24,0.0,0.0
2014-02-25,0.0,0.0
2014-02-26,0.0,0.0
2014-02-27,0.0,0.0
2014-02-28,0.0,0.0
2014-03-01,0.0,0.0
2014-03-02,0.0,0.0
2014-03-03,0.0,0.0
2014-03-04,0.0,0.0
2014-03-05,0.0,0.0
2014-03-06,0.0,0.0
2014-03-07,0.0,0.0
2014-03-08,0.0,0.0
2014-03-09,0.0,0.0
2014-03-10,0.0,0.0
2014-03-11,0.0,0.0
2014-03-12,0.0,0.0
2014-03-13,0.0,0.0
2014-03-14,0.0,0.0
2014-03-15,0.0,0.0
2014-03-16,0.0,0.0
2014-03-17,0.0,0.0
2014-03-18,0.0,0.0
2014-03-19,0.0,0.0
2014-03-20,0.0,0.0
2014-03-21,0.0,0.0
2014-03-22,0.0,0.0
2014-03-23,0.0,0.0
2014-03-24,0.0,0.0
2014-03-25,0.0,0.0
2014-03-26,0.0,0.0
2014-03-27,0.0,0.0
2014-03-28,0.0,0.0
2014-03-29,0.0,0.0
2014-03-30,0.0,0.0
2014-03-31,0.0,0.0
2014-04-01,0.0,0.0
2014-04-02,0.0,0.0
2014-04-03,0.0,0.0
2014-04-04,0.0,0.0
2014-04-05,0.0,0.0
2014-04-06,0.0,0.0
2014-04-07,0.0,0.0
2014-04-08,0.0,0.0
2014-04-09,0.0,0.0
2014-04-10,0.0,0.0
2014-04-11,0.0,0.0
2014-04-12,0.0,0.0
2014-04-13,0.0,0.0
2014-04-14,0.0,0.0
2014-04-15,0.0,0.0
2014-04-16,0.0,0.0
2014-04-17,0.0,0.0
2014-04-18,0.0,0.0
2014-04-19,0.0,0.0
2014-04-20,0.0,0.0
2014-04-21,0.0,0.0
2014-04-22,0.0,0.0
2014-04-23,0.0,0.0
2014-04-24,0.0,0.0
2014-04-25,0.0,0.0
2014-04-26,0.0,0.0
2014-04-27,0.0,0.0
2014-04-28,0.0,0.0
2014-04-29,0.0,0.0
2014-04-30,0.0,0.0
2014-05-01,0.0,0.0
2014-05-02,0.0,0.0
2014-05-03,0.0,0.0
2014-05-04,0.0,0.0
2014-05-05,0.0,0.0
2014-05-06,0.0,0.0
2014-05-07,0.0,0.0
2014-05-08,0.0,0.0
2014-05-09,0.0,0.0
2014-05-10,0.0,0.0
2014-05-11,0.0,0.0
2014-05-12,0.0,0.0
2014-05-13,0.0,0.0
2014-05-14,0.0,0.0
2014-05-15,0.0,0.0
2014-05-16,0.0,0.0
2014-05-17,0.0,0.0
2014-05-18,0.0,0.0
2014-05-19,0.0,0.0
2014-05-20,0.0,0.0
2014-05-21,0.0,0.0
2014-05-22,0.0,0.0
2014-05-23,0.0,0.0
2014-05-24,0.0,0.0
2014-05-25,0.0,0.0
2014-05-26,0.0,0.0
2014-05-27,0.0,0.0
2014-05-28,0.0,0.0
2014-05-29,0.0,0.0
2014-05-30,0.0,0.0
2014-05-31,0.0,0.0
2014-06-01,0.0,0.0
2014-06-02,0.0,0.0
2014-06-03,0.0,0.0
2014-06-04,0.0,0.0
2014-06-05,0.0,0.0
2014-06-06,0.0,0.0
2014-06-07,0.0,0.0
2014-06-08,0.0,0.0
2014-06-09,0.0,0.0
2014-06-10,0.0,0.0
2014-06-11,0.0,0.0
2014-06-12,0.0,0.0
2014-06-13,0.0,0.0
2014-06-14,0.0,0.0
2014-06-15,0.0,0.0
2014-06-16,0.0,0.0
2014-06-17,0.0,0.0
2014-06-18,0.0,0.0
2014-06-19,0.0,0.0
2014-06-20,0.0,0.0
2014-06-21,0.0,0.0
2014-06-22,0.0,0.0
2014-06-23,0.0,0.0
2014-06-24,0.0,0.0
2014-06-25,0.0,19.71
2014-06-26,0.0,19.71
2014-06-27,0.0,0.0
2014-06-28,0.0,0.0
2014-06-29,0.0,0.0
2014-06-30,0.0,0.0
2014-07-01,0.0,0.0
2014-07-02,0.0,0.0
2014-07-03,0.18,20.75
2014-07-04,0.33,0.33
2014-07-05,0.33,0.33
2014-07-06,0.33,0.33
2014-07-07,0.33,0.33
2014-07-08,0.33,0.33
2014-07-09,0.33,0.33
2014-07-10,0.33,0.33
2014-07-11,0.33,0.33
2014-07-12,0.33,0.33
2014-07-13,0.33,0.33
2014-07-14,0.33,0.33
2014-07-15,0.33,0.33
2014-07-16,0.33,0.33
2014-07-17,0.33,0.33
2014-07-18,0.33,0.33
2014-07-19,0.33,0.33
2014-07-20,0.33,0.33
2014-07-21,0.33,0.33
2014-07-22,0.33,0.33
2014-07-23,0.33,0.33
2014-07-24,0.29,0.29
2014-07-25,0.33,0.33
2014-07-26,0.33,0.33
2014-07-27,0.33,0.33
2014-07-28,0.33,0.33
2014-07-29,0.33,0.33
2014-07-30,0.33,0.33
2014-07-31,0.33,0.33
2014-08-01,0.33,0.33
2014-08-02,0.33,0.33
2014-08-03,0.33,0.33
2014-08-04,0.33,0.33
2014-08-05,0.33,0.33
2014-08-06,0.33,0.33
2014-08-07,0.33,0.33
2014-08-08,0.33,17.81
2014-08-09,0.33,0.33
2014-08-10,0.33,0.33
2014-08-11,0.33,0.33
2014-08-12,0.33,0.33
2014-08-13,0.33,1.0
2014-08-14,0.33,3.51
2014-08-15,0.33,4.66
2014-08-16,0.33,2.52
2014-08-17,0.33,1.68
2014-08-18,0.33,25.52
2014-08-19,0.33,12.12
2014-08-20,0.33,4.43
2014-08-21,0.33,10.46
2014-08-22,0.33,4.54
2014-08-23,0.33,2.04
2014-08-24,0.33,1.28
2014-08-25,0.33,11.42
2014-08-26,0.33,6.98
2014-08-27,0.33,2.67
2014-08-28,0.33,1.67
2014-08-29,0.33,1.16
2014-08-30,0.33,0.85
2014-08-31,0.33,0.64
2014-09-01,0.33,0.54
2014-09-02,0.33,0.43
2014-09-03,0.33,0.33
2014-09-04,0.33,0.33
2014-09-05,0.33,0.43
2014-09-06,0.33,0.43
2014-09-07,0.33,0.33
2014-09-08,0.33,0.43
2014-09-09,0.33,0.33
2014-09-10,0.33,0.33
2014-09-11,0.33,0.23
2014-09-12,0.33,0.0
2014-09-13,0.33,0.0
2014-09-14,0.33,0.0
2014-09-15,0.33,0.12
2014-09-16,0.33,0.33
2014-09-17,0.33,0.33
2014-09-18,0.33,0.33
2014-09-19,0.33,0.33
2014-09-20,0.33,0.23
2014-09-21,0.33,0.33
2014-09-22,0.33,0.33
2014-09-23,0.33,0.23
2014-09-24,0.33,6.83
2014-09-25,0.33,3.44
2014-09-26,0.33,1.52
2014-09-27,0.33,1.09
2014-09-28,0.33,0.66
2014-09-29,0.33,0.66
2014-09-30,0.33,0.55
2014-10-01,0.33,0.44
2014-10-02,0.33,0.55
2014-10-03,0.33,0.44
2014-10-04,0.33,0.44
2014-10-05,0.33,0.33
2014-10-06,0.33,0.33
2014-10-07,0.33,0.22
2014-10-08,0.33,0.11
2014-10-09,0.33,0.0
2014-10-10,0.45,0.0
2014-10-11,0.6,0.0
2014-10-12,0.6,0.0
2014-10-13,0.6,0.6
2014-10-14,0.6,0.38
2014-10-15,0.6,0.06
2014-10-16,0.6,0.06
2014-10-17,0.6,0.06
2014-10-18,0.6,0.0
2014-10-19,0.6,0.0
2014-10-20,3.77,0.17
2014-10-21,7.97,0.87
2014-10-22,8.7,6.29
2014-10-23,8.7,2.33
2014-10-24,8.7,1.18
2014-10-25,8.7,0.67
2014-10-26,8.7,0.51
2014-10-27,9.1,0.46
2014-10-28,9.1,0.36
2014-10-29,9.28,1.35
2014-10-30,9.3,1.61
2014-10-31,9.07,1.57
2014-11-01,8.8,1.39
2014-11-02,8.57,1.43
2014-11-03,7.7,1.15
2014-11-04,7.23,1.4
2014-11-05,6.73,1.25
2014-11-06,6.3,1.23
2014-11-07,6.4,1.08
2014-11-08,6.3,0.92
2014-11-09,6.0,0.88
2014-11-10,5.77,0.18
2014-11-11,5.17,0.29
2014-11-12,4.0,0.45
2014-11-13,1.82,0.98
2014-11-14,1.0,1.0
2014-11-15,1.0,1.0
2014-11-16,1.0,1.0
2014-11-17,1.0,1.0
2014-11-18,1.0,1.0
2014-11-19,1.0,1.0
2014-11-20,1.0,1.0
2014-11-21,1.0,1.0
2014-11-22,1.0,1.0
2014-11-23,1.0,1.0
2014-11-24,1.0,1.0
2014-11-25,1.0,1.0
2014-11-26,1.0,1.0
2014-11-27,1.0,1.0
2014-11-28,1.0,1.0
2014-11-29,1.0,1.0
2014-11-30,1.0,1.0
2014-12-01,1.0,1.0
2014-12-02,1.0,1.0
2014-12-03,0.74,0.74
2014-12-04,0.3,0.3
2014-12-05,0.3,0.3
2014-12-06,0.3,0.3
2014-12-07,0.3,0.3
2014-12-08,0.3,0.3
2014-12-09,0.3,0.3
2014-12-10,0.3,0.3
2014-12-11,0.3,0.3
2014-12-12,0.3,0.3
2014-12-13,0.3,0.3
2014-12-14,0.3,0.3
2014-12-15,0.3,0.3
2014-12-16,0.3,0.3
2014-12-17,0.3,0.3
2014-12-18,0.3,0.3
2014-12-19,0.3,0.3
2014-12-20,0.3,0.3
2014-12-21,0.3,0.3
2014-12-22,0.3,0.3
2014-12-23,0.3,0.3
2014-12-24,0.3,0.3
2014-12-25,0.3,0.3
2014-12-26,0.3,0.3
2014-12-27,0.3,0.3
2014-12-28,0.3,0.3
2014-12-29,0.3,0.3
2014-12-30,0.3,0.3
2014-12-31,0.3,0.3
2015-01-01,0.3,0.3
2015-01-02,0.3,0.3
2015-01-03,0.3,0.3
2015-01-04,0.3,0.3
2015-01-05,0.3,0.3
2015-01-06,0.3,0.3
2015-01-07,0.3,0.3
2015-01-08,0.3,0.3
2015-01-09,0.3,0.3
2015-01-10,0.3,0.3
2015-01-11,0.3,0.3
2015-01-12,0.3,0.3
2015-01-13,0.3,0.3
2015-01-14,0.3,0.3
2015-01-15,0.3,0.3
2015-01-16,0.3,0.3
2015-01-17,0.3,0.3
2015-01-18,0.3,0.3
2015-01-19,0.3,0.3
2015-01-20,0.3,0.3
2015-01-21,0.3,0.3
2015-01-22,0.3,0.3
2015-01-23,0.3,0.3
2015-01-24,0.3,0.3
2015-01-25,0.3,0.3
2015-01-26,0.3,0.3
2015-01-27,0.3,0.3
2015-01-28,0.3,0.3
2015-01-29,0.3,0.3
2015-01-30,0.3,0.3
2015-01-31,0.3,0.3
2015-02-01,0.3,0.3
2015-02-02,0.3,0.3
2015-02-03,0.3,0.3
2015-02-04,0.3,0.3
2015-02-05,0.3,0.3
2015-02-06,0.3,0.3
2015-02-07,0.3,0.3
2015-02-08,0.3,0.3
2015-02-09,0.3,0.3
2015-02-10,0.3,0.3
2015-02-11,0.3,0.3
2015-02-12,0.3,0.3
2015-02-13,0.3,0.3
2015-02-14,0.3,0.3
2015-02-15,0.3,0.3
2015-02-16,0.3,0.3
2015-02-17,0.3,0.3
2015-02-18,0.3,0.3
2015-02-19,0.3,0.3
2015-02-20,0.3,0.3
2015-02-21,0.3,0.3
2015-02-22,0.3,0.3
2015-02-23,0.3,0.3
2015-02-24,0.3,0.3
2015-02-25,0.3,0.3
2015-02-26,0.3,0.3
2015-02-27,0.3,0.3
2015-02-28,0.3,0.3
2015-03-01,0.3,0.3
2015-03-02,0.3,0.3
2015-03-03,0.3,0.3
2015-03-04,0.3,0.3
2015-03-05,0.3,0.3
2015-03-06,0.3,0.3
2015-03-07,0.3,0.3
2015-03-08,0.3,0.3
2015-03-09,0.3,0.3
2015-03-10,0.3,0.3
2015-03-11,0.3,0.3
2015-03-12,0.3,0.3
2015-03-13,0.3,0.3
2015-03-14,0.3,0.3
2015-03-15,0.3,0.3
2015-03-16,0.3,0.3
2015-03-17,0.3,0.3
2015-03-18,0.3,0.3
2015-03-19,0.3,0.3
2015-03-20,0.3,0.3
2015-03-21,0.3,0.3
2015-03-22,0.3,0.3
2015-03-23,0.3,0.3
2015-03-24,0.3,0.3
2015-03-25,0.3,0.3
2015-03-26,0.3,0.3
2015-03-27,0.3,0.3
2015-03-28,0.3,0.3
2015-03-29,0.3,0.3
2015-03-30,0.3,0.3
2015-03-31,0.3,0.3
2015-04-01,0.3,0.3
2015-04-02,0.3,0.3
2015-04-03,0.3,0.3
2015-04-04,0.3,0.3
2015-04-05,0.3,0.3
2015-04-06,0.3,0.3
2015-04-07,0.3,0.3
2015-04-08,0.3,0.3
2015-04-09,0.3,0.3
2015-04-10,0.3,0.3
2015-04-11,0.3,0.3
2015-04-12,0.3,0.3
2015-04-13,0.3,0.3
2015-04-14,0.3,0.3
2015-04-15,0.3,0.3
2015-04-16,0.3,0.3
2015-04-17,0.3,0.3
2015-04-18,0.3,0.3
2015-04-19,0.3,0.3
2015-04-20,0.3,0.3
2015-04-21,0.3,0.3
2015-04-22,0.3,0.3
2015-04-23,0.3,0.3
2015-04-24,0.3,0.3
2015-04-25,0.3,0.3
2015-04-26,0.3,0.3
2015-04-27,0.3,0.3
2015-04-28,0.3,0.3
2015-04-29,0.3,0.3
2015-04-30,0.3,0.3
2015-05-01,0.3,0.3
2015-05-02,0.3,0.3
2015-05-03,0.3,0.3
2015-05-04,0.3,0.3
2015-05-05,0.3,0.3
2015-05-06,0.3,0.3
2015-05-07,0.3,0.3
2015-05-08,0.3,0.3
2015-05-09,0.3,0.3
2015-05-10,0.3,0.3
2015-05-11,0.3,0.3
2015-05-12,0.3,0.3
2015-05-13,0.3,0.3
2015-05-14,0.3,0.3
2015-05-15,0.3,0.3
2015-05-16,0.3,0.3
2015-05-17,0.3,0.3
2015-05-18,0.3,0.3
2015-05-19,0.3,0.3
2015-05-20,0.3,0.3
2015-05-21,0.3,0.3
2015-05-22,0.3,0.3
2015-05-23,0.3,0.3
2015-05-24,0.3,0.3
2015-05-25,0.3,0.3
2015-05-26,0.3,0.3
2015-05-27,0.3,0.3
2015-05-28,0.3,0.3
2015-05-29,0.3,0.3
2015-05-30,0.3,0.3
2015-05-31,0.3,0.3
2015-06-01,0.3,0.3
2015-06-02,0.3,0.3
2015-06-03,0.3,0.3
2015-06-04,0.3,0.3
2015-06-05,0.3,0.3
2015-06-06,0.3,0.3
2015-06-07,0.3,0.3
2015-06-08,0.3,0.3
2015-06-09,0.3,0.3
2015-06-10,0.3,0.3
2015-06-11,0.3,0.3
2015-06-12,0.3,0.3
2015-06-13,0.3,0.3
2015-06-14,0.3,0.3
2015-06-15,0.3,0.3
2015-06-16,0.3,0.3
2015-06-17,0.3,0.3
2015-06-18,0.3,0.3
2015-06-19,0.3,0.3
2015-06-20,0.3,0.3
2015-06-21,0.3,0.3
2015-06-22,0.3,0.3
2015-06-23,0.3,0.3
2015-06-24,0.3,0.3
2015-06-25,0.3,0.3
2015-06-26,0.3,0.3
2015-06-27,0.3,0.3
2015-06-28,0.3,0.3
2015-06-29,0.3,0.3
2015-06-30,0.3,0.3
2015-07-01,0.3,0.3
2015-07-02,0.3,0.3
2015-07-03,0.3,0.3
2015-07-04,0.3,0.3
2015-07-05,0.3,0.3
2015-07-06,0.3,0.3
2015-07-07,0.3,0.3
2015-07-08,0.3,0.3
2015-07-09,0.3,0.3
2015-07-10,0.3,0.3
2015-07-11,0.3,0.3
2015-07-12,0.3,0.3
2015-07-13,0.3,0.3
2015-07-14,0.3,0.3
2015-07-15,0.3,0.3
2015-07-16,0.3,0.3
2015-07-17,0.3,0.3
2015-07-18,0.3,0.3
2015-07-19,0.3,0.3
2015-07-20,0.3,0.3
2015-07-21,0.24,0.24
2015-07-22,0.07,0.07
2015-07-23,0.07,0.07
2015-07-24,0.07,0.07
2015-07-25,0.07,0.07
2015-07-26,0.07,0.07
2015-07-27,0.07,0.07
2015-07-28,0.07,0.07
2015-07-29,0.07,0.07
2015-07-30,0.07,0.07
2015-07-31,0.07,0.07
2015-08-01,0.07,0.07
2015-08-02,0.07,0.07
2015-08-03,0.07,0.07
2015-08-04,0.07,0.07
2015-08-05,0.07,0.07
2015-08-06,0.07,0.07
2015-08-07,0.07,0.07
2015-08-08,0.07,0.07
2015-08-09,0.07,0.07
2015-08-10,0.07,0.07
2015-08-11,0.07,0.07
2015-08-12,0.07,0.07
2015-08-13,0.07,0.07
2015-08-14,0.07,0.07
2015-08-15,0.07,0.07
2015-08-16,0.07,0.07
2015-08-17,0.07,0.07
2015-08-18,0.07,0.07
2015-08-19,0.07,0.07
2015-08-20,0.07,0.07
2015-08-21,0.07,0.07
2015-08-22,0.07,0.07
2015-08-23,0.07,0.07
2015-08-24,0.07,0.07
2015-08-25,0.07,8.65
2015-08-26,0.07,8.3
2015-08-27,0.07,1.71
2015-08-28,0.07,0.83
2015-08-29,0.07,0.53
2015-08-30,0.07,0.36
2015-08-31,0.07,0.11
2015-09-01,0.07,0.03
2015-09-02,0.07,0.57
2015-09-03,0.07,4.4
2015-09-04,0.07,1.63
2015-09-05,0.07,0.83
2015-09-06,0.07,0.63
2015-09-07,0.07,0.46
2015-09-08,0.07,0.29
2015-09-09,0.07,0.2
2015-09-10,0.07,0.24
2015-09-11,0.07,0.2
2015-09-12,0.07,0.16
2015-09-13,0.07,0.16
2015-09-14,0.07,0.11
2015-09-15,0.07,0.11
2015-09-16,0.07,0.11
2015-09-17,0.07,0.2
2015-09-18,0.07,0.16
2015-09-19,0.07,0.11
2015-09-20,0.07,0.11
2015-09-21,0.07,0.07
2015-09-22,0.07,0.11
2015-09-23,0.07,0.03
2015-09-24,0.07,0.11
2015-09-25,0.07,0.07
2015-09-26,0.07,0.11
2015-09-27,0.07,0.07
2015-09-28,0.07,0.07
2015-09-29,0.07,0.07
2015-09-30,0.07,0.07
2015-10-01,0.07,0.43
2015-10-02,0.07,0.34
2015-10-03,0.07,0.21
2015-10-04,0.07,0.16
2015-10-05,0.07,0.12
2015-10-06,0.07,0.12
2015-10-07,0.08,0.13
2015-10-08,0.07,0.12
2015-10-09,0.07,0.07
2015-10-10,0.07,0.12
2015-10-11,0.07,0.12
2015-10-12,0.14,0.1
2015-10-13,0.07,0.07
2015-10-14,0.07,0.0
2015-10-15,0.61,0.0
2015-10-16,0.3,0.0
2015-10-17,0.0,0.0
2015-10-18,0.0,0.0
2015-10-19,0.0,0.0
2015-10-20,0.04,0.0
2015-10-21,0.07,0.07
2015-10-22,0.07,0.07
2015-10-23,0.07,0.07
2015-10-24,0.07,0.07
2015-10-25,0.07,0.07
2015-10-26,0.07,0.07
2015-10-27,0.07,0.11
2015-10-28,0.07,0.07
2015-10-29,0.07,0.07
2015-10-30,0.07,0.07
2015-10-31,0.07,0.03
2015-11-01,0.07,0.07
2015-11-02,0.07,0.03
2015-11-03,0.07,0.07
2015-11-04,0.07,0.07
2015-11-05,0.07,0.07
2015-11-06,0.07,0.07
2015-11-07,0.07,0.11
2015-11-08,0.07,0.29
2015-11-09,0.07,0.29
2015-11-10,0.07,0.25
2015-11-11,0.07,0.2
2015-11-12,0.07,0.25
2015-11-13,0.07,0.52
2015-11-14,0.07,1.26
2015-11-15,0.07,0.82
2015-11-16,0.07,0.59
2015-11-17,0.07,0.69
2015-11-18,0.07,1.04
2015-11-19,0.07,1.7
2015-11-20,0.07,1.18
2015-11-21,0.08,0.74
2015-11-22,0.08,0.59
2015-11-23,0.08,0.49
2015-11-24,0.08,0.39
2015-11-25,0.08,0.39
2015-11-26,0.07,0.28
2015-11-27,0.07,0.23
2015-11-28,0.07,0.23
2015-11-29,0.07,0.18
2015-11-30,0.07,0.23
2015-12-01,0.07,0.18
2015-12-02,0.07,0.23
2015-12-03,0.07,0.18
2015-12-04,0.07,0.18
2015-12-05,0.07,0.12
2015-12-06,0.07,0.12
2015-12-07,0.07,0.12
2015-12-08,0.07,0.18
2015-12-09,0.07,0.07
2015-12-10,0.07,0.23
2015-12-11,0.07,0.55
2015-12-12,0.07,0.66
2015-12-13,0.07,0.51
2015-12-14,0.07,0.45
2015-12-15,0.07,0.51
2015-12-16,0.07,0.4
2015-12-17,0.07,0.4
2015-12-18,0.07,0.29
2015-12-19,0.07,0.35
2015-12-20,0.07,0.24
2015-12-21,0.07,0.29
2015-12-22,0.07,0.24
2015-12-23,0.07,0.24
2015-12-24,0.07,0.24
2015-12-25,0.07,0.18
2015-12-26,0.07,0.18
2015-12-27,0.07,0.18
2015-12-28,0.07,0.13
2015-12-29,0.07,0.18
2015-12-30,0.07,0.13
2015-12-31,0.07,0.13
2016-01-01,,0.13
2016-01-02,,0.13
2016-01-03,,0.13
2016-01-04,,0.13
2016-01-05,,0.13
2016-01-06,,0.13
2016-01-07,,0.13
2016-01-08,0.07,0.07
2016-01-09,0.07,0.13
2016-01-10,0.07,0.07
2016-01-11,0.07,0.13
2016-01-12,0.07,0.07
2016-01-13,0.07,0.13
2016-01-14,0.07,0.07
2016-01-15,0.07,0.07
2016-01-16,0.07,0.07
2016-01-17,0.07,0.07
2016-01-18,0.07,0.19
2016-01-19,0.07,0.01
2016-01-20,0.07,0.07
2016-01-21,0.07,0.07
2016-01-22,0.07,0.07
2016-01-23,0.07,0.07
2016-01-24,0.07,0.07
2016-01-25,0.07,0.07
2016-01-26,0.07,0.07
2016-01-27,0.07,0.07
2016-01-28,0.07,0.07
2016-01-29,0.07,0.13
2016-01-30,0.07,0.07
2016-01-31,0.07,0.13
2016-02-01,0.07,0.13
2016-02-02,0.07,0.07
2016-02-03,0.07,0.07
2016-02-04,0.15,0.09
2016-02-05,0.31,0.0
2016-02-06,0.2,0.0
2016-02-07,0.2,0.0
2016-02-08,0.2,0.0
2016-02-09,0.2,0.0
2016-02-10,0.2,0.0
2016-02-11,0.15,0.0
2016-02-12,0.07,0.13
2016-02-13,0.07,0.35
2016-02-14,0.07,0.98
2016-02-15,0.07,0.59
2016-02-16,0.07,0.42
2016-02-17,0.07,0.3
2016-02-18,0.07,0.24
2016-02-19,0.07,0.19
2016-02-20,0.07,0.19
2016-02-21,0.07,0.13
2016-02-22,0.07,0.07
2016-02-23,0.07,0.13
2016-02-24,0.07,0.07
2016-02-25,0.07,0.13
2016-02-26,0.07,0.07
2016-02-27,0.07,0.07
2016-02-28,0.07,0.13
2016-02-29,0.07,0.07
2016-03-01,0.07,0.07
2016-03-02,0.07,0.07
2016-03-03,0.07,0.07
2016-03-04,0.07,0.07
2016-03-05,0.07,0.3
2016-03-06,0.07,4.68
2016-03-07,0.07,2.24
2016-03-08,0.07,1.27
2016-03-09,0.07,0.9
2016-03-10,0.07,0.65
2016-03-11,0.13,0.59
2016-03-12,0.07,0.39
2016-03-13,0.07,0.33
2016-03-14,0.07,0.2
2016-03-15,0.07,0.27
2016-03-16,0.07,0.2
2016-03-17,0.07,0.14
2016-03-18,0.07,0.27
2016-03-19,0.07,0.27
2016-03-20,0.07,0.27
2016-03-21,0.07,0.27
2016-03-22,0.07,0.27
2016-03-23,0.07,0.2
2016-03-24,0.07,0.27
2016-03-25,0.07,0.2
2016-03-26,0.07,0.2
2016-03-27,0.07,0.14
2016-03-28,0.07,0.2
2016-03-29,0.07,0.14
2016-03-30,0.07,0.14
2016-03-31,0.07,0.14
2016-04-01,0.07,0.07
2016-04-02,0.07,0.14
2016-04-03,0.07,0.27
2016-04-04,0.07,0.67
2016-04-05,0.07,0.74
2016-04-06,0.07,0.61
2016-04-07,0.07,5.46
2016-04-08,0.07,3.22
2016-04-09,0.07,1.6
2016-04-10,0.07,1.1
2016-04-11,0.07,0.74
2016-04-12,0.07,0.52
2016-04-13,0.07,0.67
2016-04-14,0.07,0.74
2016-04-15,0.07,0.6
2016-04-16,0.07,0.75
2016-04-17,0.07,2.82
2016-04-18,0.07,2.09
2016-04-19,0.07,1.25
2016-04-20,0.07,0.94
2016-04-21,0.07,2.79
2016-04-22,0.12,3.46
2016-04-23,0.16,1.9
2016-04-24,0.16,1.16
2016-04-25,0.15,0.82
2016-04-26,0.15,0.57
2016-04-27,0.09,1.02
2016-04-28,0.06,3.31
2016-04-29,0.06,1.97
2016-04-30,0.06,1.2
2016-05-01,0.06,0.76
2016-05-02,0.12,0.65
2016-05-03,0.16,0.77
2016-05-04,0.16,0.6
2016-05-05,0.16,0.6
2016-05-06,0.16,0.42
2016-05-07,0.16,0.33
2016-05-08,0.16,0.24
2016-05-09,0.25,0.25
2016-05-10,0.3,0.48
2016-05-11,0.29,0.74
2016-05-12,0.28,0.73
2016-05-13,0.27,0.54
2016-05-14,0.27,0.45
2016-05-15,0.27,0.36
2016-05-16,0.27,0.72
2016-05-17,0.27,0.63
2016-05-18,0.27,0.45
2016-05-19,0.27,0.36
2016-05-20,0.27,0.27
2016-05-21,0.27,0.27
2016-05-22,0.27,0.18
2016-05-23,0.27,0.0
2016-05-24,0.27,0.27
2016-05-25,0.27,0.18
2016-05-26,0.27,0.18
2016-05-27,0.27,0.09
2016-05-28,0.27,0.0
2016-05-29,0.27,0.09
2016-05-30,0.27,0.0
2016-05-31,0.27,0.0
2016-06-01,0.27,0.0
2016-06-02,0.26,0.0
2016-06-03,0.26,0.0
2016-06-04,0.26,0.0
2016-06-05,0.26,0.0
2016-06-06,0.26,0.0
2016-06-07,0.26,0.08
2016-06-08,0.25,0.0
2016-06-09,0.32,0.0
2016-06-10,0.36,0.1
2016-06-11,0.36,0.01
2016-06-12,0.36,0.18
2016-06-13,0.36,0.18
2016-06-14,0.24,0.07
2016-06-15,0.18,0.0
2016-06-16,0.18,0.09
2016-06-17,0.28,0.01
2016-06-18,0.32,0.05
2016-06-19,0.32,0.05
2016-06-20,0.31,0.0
2016-06-21,0.31,0.05
2016-06-22,0.31,0.0
2016-06-23,0.31,0.0
2016-06-24,0.22,0.13
2016-06-25,0.17,0.0
2016-06-26,0.17,0.0
2016-06-27,0.25,0.0
2016-06-28,0.3,0.0
2016-06-29,0.3,0.0
2016-06-30,0.3,0.0
2016-07-01,0.21,0.3
2016-07-02,0.06,1.88
2016-07-03,0.06,0.76
2016-07-04,0.06,2.17
2016-07-05,0.06,2.64
2016-07-06,0.06,19.21
2016-07-07,0.06,15.14
2016-07-08,0.06,4.12
2016-07-09,0.06,1.64
2016-07-10,0.06,0.8
2016-07-11,0.06,0.48
2016-07-12,0.06,0.27
2016-07-13,0.06,0.27
2016-07-14,0.23,0.34
2016-07-15,0.31,0.0
2016-07-16,0.18,0.18
2016-07-17,0.26,0.26
2016-07-18,0.31,0.09
2016-07-19,0.19,0.09
2016-07-20,0.19,0.0
2016-07-21,0.22,0.11
2016-07-22,0.21,0.0
2016-07-23,0.2,0.0
2016-07-24,0.2,0.0
2016-07-25,0.33,0.01
2016-07-26,0.37,0.06
2016-07-27,0.37,0.0
2016-07-28,0.36,0.05
2016-07-29,0.36,0.0
2016-07-30,0.36,0.15
2016-07-31,0.36,0.0
2016-08-01,0.36,0.05
2016-08-02,0.36,0.0
2016-08-03,0.25,0.88
2016-08-04,0.07,0.49
2016-08-05,0.16,0.37
2016-08-06,0.35,0.24
2016-08-07,0.35,0.03
2016-08-08,0.35,0.03
2016-08-09,0.35,0.03
2016-08-10,0.35,0.03
2016-08-11,0.34,0.03
2016-08-12,0.34,0.03
2016-08-13,0.34,0.0
2016-08-14,0.34,0.03
2016-08-15,0.34,0.0
2016-08-16,0.34,0.13
2016-08-17,0.34,0.0
2016-08-18,0.33,0.02
2016-08-19,0.34,0.0
2016-08-20,0.34,0.0
2016-08-21,0.34,0.03
2016-08-22,0.34,0.0
2016-08-23,0.33,0.0
2016-08-24,0.32,0.02
2016-08-25,0.31,0.0
2016-08-26,0.31,0.0
2016-08-27,0.31,0.0
2016-08-28,0.31,0.41
2016-08-29,0.3,0.51
2016-08-30,0.3,0.0
2016-08-31,0.3,0.0
2016-09-01,0.22,0.02
2016-09-02,0.12,0.73
2016-09-03,0.06,15.13
2016-09-04,0.06,4.3
2016-09-05,0.06,1.93
2016-09-06,0.06,1.27
2016-09-07,0.22,0.77
2016-09-08,0.15,2.94
2016-09-09,0.07,1.42
2016-09-10,0.07,0.75
2016-09-11,0.07,0.52
2016-09-12,0.07,0.52
2016-09-13,0.07,0.41
2016-09-14,0.07,0.3
2016-09-15,0.07,0.18
2016-09-16,0.07,0.18
2016-09-17,0.07,30.28
2016-09-18,0.07,9.4
2016-09-19,0.07,3.32
2016-09-20,0.07,1.51
2016-09-21,0.07,0.99
2016-09-22,0.07,0.47
2016-09-23,0.08,0.21
2016-09-24,0.04,0.3
2016-09-25,0.06,0.19
2016-09-26,0.23,0.36
2016-09-27,0.2,0.2
2016-09-28,0.39,0.52
2016-09-29,0.6,0.34
2016-09-30,0.59,0.59
2016-10-01,0.34,0.21
2016-10-02,0.07,0.0
2016-10-03,0.07,0.07
2016-10-04,0.39,0.0
2016-10-05,0.63,9.7
2016-10-06,0.57,5.06
2016-10-07,0.39,2.17
2016-10-08,0.39,6.77
2016-10-09,0.38,3.47
2016-10-10,0.47,1.74
2016-10-11,0.32,1.03
2016-10-12,0.2,0.63
2016-10-13,0.46,0.46
2016-10-14,0.47,0.47
2016-10-15,0.47,0.19
2016-10-16,0.47,0.19
2016-10-17,0.47,0.47
2016-10-18,0.47,0.47
2016-10-19,0.47,0.33
2016-10-20,0.38,0.1
2016-10-21,0.23,0.23
2016-10-22,0.42,0.13
2016-10-23,0.42,0.14
2016-10-24,0.32,0.18
2016-10-25,0.43,0.15
2016-10-26,0.43,0.15
2016-10-27,0.41,0.0
2016-10-28,0.42,0.28
2016-10-29,0.42,0.14
2016-10-30,0.41,0.13
2016-10-31,0.41,0.13
2016-11-01,0.45,0.03
2016-11-02,0.49,0.07
2016-11-03,0.49,0.21
2016-11-04,0.49,0.07
2016-11-05,0.49,0.07
2016-11-06,0.49,0.07
2016-11-07,0.49,0.07
2016-11-08,0.49,0.07
2016-11-09,0.48,0.06
2016-11-10,0.48,0.0
2016-11-11,0.49,0.07
2016-11-12,0.49,0.07
2016-11-13,0.49,0.0
2016-11-14,0.49,0.08
2016-11-15,0.49,0.08
2016-11-16,0.48,0.07
2016-11-17,0.48,0.0
2016-11-18,0.48,0.07
2016-11-19,0.48,0.21
2016-11-20,0.47,0.06
2016-11-21,0.48,0.07
2016-11-22,0.48,0.0
2016-11-23,0.48,0.07
2016-11-24,0.47,0.0
2016-11-25,0.47,0.06
2016-11-26,0.47,0.06
2016-11-27,0.47,0.06
2016-11-28,0.5,0.0
2016-11-29,0.51,0.0
2016-11-30,0.51,0.1
2016-12-01,0.51,0.0
2016-12-02,0.31,0.04
2016-12-03,0.0,0.0
2016-12-04,0.0,0.0
2016-12-05,0.29,0.02
2016-12-06,0.46,0.05
2016-12-07,0.53,0.0
2016-12-08,0.59,0.05
2016-12-09,0.48,0.0
2016-12-10,0.47,0.07
2016-12-11,0.47,0.0
2016-12-12,0.47,0.07
2016-12-13,0.47,0.0
2016-12-14,0.47,0.07
2016-12-15,0.47,0.0
2016-12-16,0.46,0.0
2016-12-17,0.47,0.07
2016-12-18,0.47,0.0
2016-12-19,0.47,0.07
2016-12-20,0.47,0.07
2016-12-21,0.47,0.07
2016-12-22,0.47,2.06
2016-12-23,0.53,1.46
2016-12-24,0.68,0.81
2016-12-25,0.69,0.69
2016-12-26,0.69,0.69
2016-12-27,0.69,1.63
2016-12-28,0.68,1.22
2016-12-29,0.68,0.95
2016-12-30,0.68,0.68
2016-12-31,0.68,0.55
2017-01-01,0.68,0.41
2017-01-02,0.68,0.28
2017-01-03,0.69,0.42
2017-01-04,0.68,0.15
2017-01-05,0.68,0.28
2017-01-06,0.68,0.15
2017-01-07,0.68,0.28
2017-01-08,0.68,0.15
2017-01-09,0.67,0.14
2017-01-10,0.69,0.03
2017-01-11,0.68,0.15
2017-01-12,0.68,0.02
2017-01-13,0.68,0.15
2017-01-14,0.68,0.02
2017-01-15,0.67,0.01
2017-01-16,0.67,0.15
2017-01-17,0.68,0.02
2017-01-18,0.67,0.02
2017-01-19,0.67,0.15
2017-01-20,0.67,0.02
2017-01-21,0.67,0.02
2017-01-22,0.67,0.02
2017-01-23,0.67,0.02
2017-01-24,0.67,0.02
2017-01-25,0.66,0.15
2017-01-26,0.67,0.02
2017-01-27,0.67,0.03
2017-01-28,0.67,0.03
2017-01-29,0.67,0.03
2017-01-30,0.67,0.03
2017-01-31,0.66,0.02
2017-02-01,0.66,0.02
2017-02-02,0.66,0.03
2017-02-03,0.66,0.03
2017-02-04,0.66,0.03
2017-02-05,0.66,0.03
2017-02-06,0.66,0.03
2017-02-07,0.65,0.02
2017-02-08,0.65,0.02
2017-02-09,0.65,0.02
2017-02-10,0.65,0.0
2017-02-11,0.65,0.15
2017-02-12,0.65,0.02
2017-02-13,0.64,0.0
2017-02-14,0.64,0.02
2017-02-15,0.65,0.03
2017-02-16,0.65,0.03
2017-02-17,0.65,0.16
2017-02-18,0.65,0.0
2017-02-19,0.65,0.04
2017-02-20,0.64,0.28
2017-02-21,0.64,0.03
2017-02-22,0.64,0.27
2017-02-23,0.64,0.27
2017-02-24,0.63,0.27
2017-02-25,0.63,0.14
2017-02-26,0.63,0.15
2017-02-27,0.63,0.15
2017-02-28,0.63,0.02
2017-03-01,0.63,0.15
2017-03-02,0.63,0.03
2017-03-03,0.63,0.15
2017-03-04,0.63,0.15
2017-03-05,0.63,0.0
2017-03-06,0.63,0.15
2017-03-07,0.62,0.02
2017-03-08,0.62,0.02
2017-03-09,0.62,0.02
2017-03-10,0.62,0.14
2017-03-11,0.62,0.03
2017-03-12,0.62,0.03
2017-03-13,0.62,0.03
2017-03-14,0.61,0.14
2017-03-15,0.61,0.02
2017-03-16,0.61,0.02
2017-03-17,0.61,0.02
2017-03-18,0.61,0.02
2017-03-19,0.61,0.14
2017-03-20,0.6,0.02
2017-03-21,0.6,0.13
2017-03-22,0.6,0.14
2017-03-23,0.6,0.02
2017-03-24,0.6,0.14
2017-03-25,0.6,0.25
2017-03-26,0.59,0.24
2017-03-27,0.59,0.36
2017-03-28,0.59,0.71
2017-03-29,0.59,0.59
2017-03-30,0.59,0.36
2017-03-31,0.59,0.36
2017-04-01,0.59,0.59
2017-04-02,0.59,0.71
2017-04-03,0.59,0.59
2017-04-04,0.59,0.59
2017-04-05,0.59,0.59
2017-04-06,0.59,1.28
2017-04-07,0.59,1.52
2017-04-08,0.59,1.17
2017-04-09,0.58,0.82
2017-04-10,0.58,0.7
2017-04-11,0.58,2.45
2017-04-12,0.57,2.33
2017-04-13,0.57,1.28
2017-04-14,0.56,1.04
2017-04-15,0.56,0.68
2017-04-16,0.56,0.56
2017-04-17,0.55,0.67
2017-04-18,0.54,1.49
2017-04-19,0.54,1.25
2017-04-20,0.54,1.13
2017-04-21,0.53,0.77
2017-04-22,0.53,0.65
2017-04-23,0.52,0.64
2017-04-24,0.52,0.28
2017-04-25,0.51,0.39
2017-04-26,0.51,0.27
2017-04-27,0.5,0.26
2017-04-28,0.49,0.14
2017-04-29,0.49,0.13
2017-04-30,0.48,0.12
2017-05-01,0.47,0.12
2017-05-02,0.46,0.11
2017-05-03,0.51,0.04
2017-05-04,0.75,0.04
2017-05-05,0.87,0.04
2017-05-06,0.84,0.02
2017-05-07,0.83,0.02
2017-05-08,0.79,0.09
2017-05-09,0.77,0.19
2017-05-10,0.69,0.11
2017-05-11,0.63,0.05
2017-05-12,0.62,0.05
2017-05-13,0.62,0.0
2017-05-14,0.62,0.04
2017-05-15,0.65,0.08
2017-05-16,0.69,0.0
2017-05-17,0.69,0.01
2017-05-18,0.68,0.0
2017-05-19,0.72,0.0
2017-05-20,0.73,0.05
2017-05-21,0.74,0.06
2017-05-22,0.73,0.0
2017-05-23,0.73,0.0
2017-05-24,0.73,0.06
2017-05-25,0.73,0.0
2017-05-26,0.72,0.05
2017-05-27,0.72,0.0
2017-05-28,0.72,0.0
2017-05-29,0.52,0.0
2017-05-30,0.39,0.0
2017-05-31,0.62,0.07
2017-06-01,0.64,0.0
2017-06-02,0.64,0.0
2017-06-03,0.65,0.0
2017-06-04,0.65,0.0
2017-06-05,0.65,0.0
2017-06-06,0.64,0.0
2017-06-07,0.64,0.0
2017-06-08,0.65,0.0
2017-06-09,0.65,0.0
2017-06-10,0.64,0.1
2017-06-11,0.65,0.0
2017-06-12,0.65,0.01
2017-06-13,0.65,0.01
2017-06-14,0.66,0.0
2017-06-15,0.66,0.02
2017-06-16,0.66,0.0
2017-06-17,0.47,0.05
2017-06-18,0.26,0.0
2017-06-19,0.53,0.0
2017-06-20,0.69,0.06
2017-06-21,0.69,0.0
2017-06-22,0.68,0.0
2017-06-23,0.67,0.04
2017-06-24,0.65,0.03
2017-06-25,0.65,0.03
2017-06-26,0.67,0.0
2017-06-27,0.68,0.07
2017-06-28,0.67,0.0
2017-06-29,0.66,0.05
2017-06-30,0.72,0.01
2017-07-01,0.77,0.06
2017-07-02,0.53,0.02
2017-07-03,0.59,0.29
2017-07-04,0.59,0.0
2017-07-05,0.73,0.02
2017-07-06,0.71,0.11
2017-07-07,0.58,0.08
2017-07-08,0.58,0.0
2017-07-09,0.58,0.68
2017-07-10,0.58,0.28
2017-07-11,0.58,0.08
2017-07-12,0.68,0.08
2017-07-13,0.75,0.0
2017-07-14,0.78,0.39
2017-07-15,0.6,0.21
2017-07-16,0.6,0.21
2017-07-17,0.56,0.07
2017-07-18,0.59,0.0
2017-07-19,0.63,0.04
2017-07-20,0.7,0.02
2017-07-21,0.78,0.0
2017-07-22,0.74,0.35
2017-07-23,0.58,0.19
2017-07-24,0.59,0.1
2017-07-25,0.58,0.39
2017-07-26,0.58,0.29
2017-07-27,0.78,0.1
2017-07-28,0.77,0.19
2017-07-29,0.58,1.83
2017-07-30,0.58,0.68
2017-07-31,0.59,0.4
2017-08-01,0.34,0.53
2017-08-02,0.31,0.41
2017-08-03,0.4,0.21
2017-08-04,0.4,0.11
2017-08-05,0.4,0.02
2017-08-06,0.4,0.02
2017-08-07,0.4,0.02
2017-08-08,0.46,0.0
2017-08-09,0.5,0.12
2017-08-10,0.5,0.22
2017-08-11,0.5,0.12
2017-08-12,0.5,0.12
2017-08-13,0.5,0.0
2017-08-14,0.34,5.81
2017-08-15,0.25,2.5
2017-08-16,0.25,1.63
2017-08-17,0.25,1.34
2017-08-18,0.25,0.75
2017-08-19,0.25,0.55
2017-08-20,0.36,0.46
2017-08-21,0.51,0.21
2017-08-22,0.44,0.24
2017-08-23,0.37,0.17
2017-08-24,0.31,0.31
2017-08-25,0.32,0.32
2017-08-26,0.4,0.11
2017-08-27,0.4,0.01
2017-08-28,0.4,0.01
2017-08-29,0.4,0.11
2017-08-30,0.4,0.01
2017-08-31,0.4,0.01
2017-09-01,0.4,0.01
2017-09-02,0.4,0.01
2017-09-03,0.23,0.04
2017-09-04,0.12,0.02
2017-09-05,0.1,0.0
2017-09-06,0.1,0.0
2017-09-07,0.1,0.0
2017-09-08,0.21,0.0
2017-09-09,0.28,0.0
2017-09-10,0.21,0.01
2017-09-11,0.1,0.49
2017-09-12,0.1,0.1
2017-09-13,0.1,0.1
2017-09-14,0.1,0.1
2017-09-15,0.1,0.0
2017-09-16,0.1,0.0
2017-09-17,0.1,0.1
2017-09-18,0.1,0.0
2017-09-19,0.1,0.0
2017-09-20,0.1,0.0
2017-09-21,0.1,0.0
2017-09-22,0.1,0.0
2017-09-23,0.1,0.0
2017-09-24,0.1,0.0
2017-09-25,0.1,0.0
2017-09-26,0.1,0.0
2017-09-27,0.1,0.29
2017-09-28,0.1,0.2
2017-09-29,0.1,0.1
2017-09-30,0.1,0.0
2017-10-01,0.1,0.0
2017-10-02,0.1,0.1
2017-10-03,0.1,0.1
2017-10-04,0.1,0.0
2017-10-05,0.1,0.0
2017-10-06,0.1,0.0
2017-10-07,0.1,0.1
2017-10-08,0.1,0.1
2017-10-09,0.1,0.1
2017-10-10,0.1,0.0
2017-10-11,0.1,0.0
2017-10-12,0.1,0.29
2017-10-13,0.1,0.78
2017-10-14,0.1,0.29
2017-10-15,0.1,0.3
2017-10-16,0.1,0.1
2017-10-17,0.1,0.1
2017-10-18,0.1,0.1
2017-10-19,0.1,0.1
2017-10-20,0.1,0.0
2017-10-21,0.1,0.0
2017-10-22,0.1,0.0
2017-10-23,0.1,0.0
2017-10-24,0.1,0.0
2017-10-25,0.1,0.0
2017-10-26,0.1,0.0
2017-10-27,0.1,0.0
2017-10-28,0.1,0.0
2017-10-29,0.1,0.0
2017-10-30,0.1,0.0
2017-10-31,0.1,0.0
2017-11-01,0.1,0.0
2017-11-02,0.1,0.0
2017-11-03,0.1,0.0
2017-11-04,0.1,0.0
2017-11-05,0.1,0.0
2017-11-06,0.1,0.0
2017-11-07,0.1,0.0
2017-11-08,0.1,0.0
2017-11-09,0.1,0.0
2017-11-10,0.1,0.0
2017-11-11,0.1,0.1
2017-11-12,0.1,0.0
2017-11-13,0.1,0.0
2017-11-14,0.1,0.0
2017-11-15,0.1,0.0
2017-11-16,0.1,0.0
2017-11-17,0.1,0.0
2017-11-18,0.1,0.0
2017-11-19,0.1,0.0
2017-11-20,0.1,0.0
2017-11-21,0.1,0.01
2017-11-22,0.1,0.0
2017-11-23,0.1,0.0
2017-11-24,0.28,0.09
2017-11-25,0.58,0.0
2017-11-26,0.58,0.01
2017-11-27,0.58,0.01
2017-11-28,0.57,0.01
2017-11-29,0.43,0.0
2017-11-30,0.1,0.0
2017-12-01,0.1,0.01
2017-12-02,0.1,0.0
2017-12-03,0.1,0.0
2017-12-04,0.1,0.01
2017-12-05,0.1,0.0
2017-12-06,0.1,0.01
2017-12-07,0.1,0.0
2017-12-08,0.1,0.0
2017-12-09,0.1,0.01
2017-12-10,0.1,0.0
2017-12-11,0.1,0.0
2017-12-12,0.1,0.01
2017-12-13,0.1,0.01
2017-12-14,0.1,0.0
2017-12-15,0.1,0.0
2017-12-16,0.1,0.0
2017-12-17,0.1,0.01
2017-12-18,0.1,0.0
2017-12-19,0.1,0.01
2017-12-20,0.1,0.01
2017-12-21,0.1,0.0
2017-12-22,0.1,0.01
2017-12-23,0.1,0.01
2017-12-24,0.1,0.01
2017-12-25,0.1,0.01
2017-12-26,0.1,0.0
2017-12-27,0.1,0.01
2017-12-28,0.1,0.01
2017-12-29,0.1,0.0
2017-12-30,0.1,0.01
2017-12-31,0.1,0.0
2018-01-01,0.7,0.01
2018-01-02,0.72,0.0
2018-01-03,0.72,0.01
2018-01-04,0.72,0.01
2018-01-05,0.72,0.0
2018-01-06,0.72,0.01
2018-01-07,0.71,0.0
2018-01-08,0.5,0.01
2018-01-09,0.5,0.01
2018-01-10,0.5,0.0
2018-01-11,0.51,0.01
2018-01-12,0.5,0.0
2018-01-13,0.5,0.01
2018-01-14,0.5,0.01
2018-01-15,0.72,0.0
2018-01-16,1.08,0.01
2018-01-17,1.08,0.1
2018-01-18,1.08,0.1
2018-01-19,1.08,0.01
2018-01-20,1.08,0.0
2018-01-21,1.08,0.1
2018-01-22,1.08,0.0
2018-01-23,1.08,0.01
2018-01-24,1.04,0.01
2018-01-25,1.11,0.0
2018-01-26,1.12,0.01
2018-01-27,1.12,0.01
2018-01-28,1.13,0.0
2018-01-29,1.13,0.0
2018-01-30,1.13,0.04
2018-01-31,1.11,0.0
2018-02-01,1.47,0.02
2018-02-02,1.42,0.03
2018-02-03,1.14,0.0
2018-02-04,1.14,0.03
2018-02-05,1.13,0.0
2018-02-06,1.1,0.03
2018-02-07,1.11,0.03
2018-02-08,1.11,0.0
2018-02-09,1.11,0.03
2018-02-10,1.11,0.0
2018-02-11,1.11,0.03
2018-02-12,1.11,0.03
2018-02-13,1.12,0.03
2018-02-14,1.12,0.0
2018-02-15,1.12,0.03
2018-02-16,1.12,0.0
2018-02-17,1.12,0.03
2018-02-18,1.13,0.0
2018-02-19,1.08,0.03
2018-02-20,0.75,0.0
2018-02-21,1.15,0.04
2018-02-22,1.12,0.0
2018-02-23,1.12,0.04
2018-02-24,1.12,0.0
2018-02-25,1.12,0.04
2018-02-26,1.12,0.0
2018-02-27,1.12,0.04
2018-02-28,1.12,0.3
2018-03-01,0.91,0.48
2018-03-02,0.81,0.21
2018-03-03,0.8,0.04
2018-03-04,0.8,0.13
2018-03-05,0.8,1.17
2018-03-06,0.81,0.74
2018-03-07,0.81,0.39
2018-03-08,0.81,0.56
2018-03-09,0.81,0.39
2018-03-10,0.81,0.48
2018-03-11,0.81,0.92
2018-03-12,0.81,1.01
2018-03-13,0.81,1.28
2018-03-14,0.81,1.55
2018-03-15,0.79,1.56
2018-03-16,1.15,1.57
2018-03-17,1.19,0.94
2018-03-18,1.19,0.67
2018-03-19,1.18,4.28
2018-03-20,1.17,3.53
2018-03-21,1.16,1.7
2018-03-22,1.16,1.33
2018-03-23,1.16,1.53
2018-03-24,1.15,1.44
2018-03-25,1.15,1.25
2018-03-26,1.15,1.16
2018-03-27,1.14,0.97
2018-03-28,1.14,0.69
2018-03-29,1.14,0.59
2018-03-30,1.14,0.4
2018-03-31,1.14,0.4
2018-04-01,1.14,0.4
2018-04-02,1.13,0.4
2018-04-03,1.15,0.3
2018-04-04,1.15,0.49
2018-04-05,1.15,0.79
2018-04-06,1.14,5.3
2018-04-07,1.13,2.79
2018-04-08,1.13,1.51
2018-04-09,1.13,0.91
2018-04-10,1.12,0.81
2018-04-11,1.12,0.5
2018-04-12,1.12,0.5
2018-04-13,1.12,0.3
2018-04-14,1.12,0.81
2018-04-15,1.12,1.01
2018-04-16,0.48,0.81
2018-04-17,0.51,0.71
2018-04-18,0.51,0.51
2018-04-19,0.51,0.51
2018-04-20,0.51,0.3
2018-04-21,0.51,0.3
2018-04-22,0.51,0.25
2018-04-23,0.51,0.48
2018-04-24,0.51,1.61
2018-04-25,0.51,1.52
2018-04-26,0.52,0.9
2018-04-27,0.52,0.74
2018-04-28,0.52,0.56
2018-04-29,0.52,0.46
2018-04-30,0.66,0.25
2018-05-01,1.07,0.36
2018-05-02,1.07,0.15
2018-05-03,1.07,0.25
2018-05-04,1.07,0.04
2018-05-05,1.07,0.05
2018-05-06,1.07,0.36
2018-05-07,1.07,0.77
2018-05-08,1.06,1.29
2018-05-09,1.03,0.87
2018-05-10,1.08,0.67
2018-05-11,1.08,0.49
2018-05-12,1.08,0.5
2018-05-13,1.08,0.71
2018-05-14,1.08,0.81
2018-05-15,1.07,0.6
2018-05-16,1.07,0.6
2018-05-17,1.07,0.52
2018-05-18,1.07,0.35
2018-05-19,1.07,0.14
2018-05-20,1.07,0.14
2018-05-21,1.07,0.15
2018-05-22,1.07,0.15
2018-05-23,1.07,0.35
2018-05-24,1.07,0.25
2018-05-25,1.07,0.25
2018-05-26,1.07,0.14
2018-05-27,1.07,0.14
2018-05-28,1.07,0.04
2018-05-29,1.07,0.04
2018-05-30,1.04,0.25
2018-05-31,1.08,0.04
2018-06-01,1.08,0.04
2018-06-02,1.08,0.04
2018-06-03,1.08,0.0
2018-06-04,1.08,0.04
2018-06-05,1.08,0.04
2018-06-06,1.08,0.0
2018-06-07,1.08,0.04
2018-06-08,1.08,0.0
2018-06-09,1.08,0.0
2018-06-10,1.09,0.04
2018-06-11,1.09,0.25
2018-06-12,1.09,0.0
2018-06-13,1.09,0.05
2018-06-14,1.09,0.0
2018-06-15,1.09,0.0
2018-06-16,1.1,0.01
2018-06-17,1.1,0.0
2018-06-18,1.09,0.0
2018-06-19,1.04,0.01
2018-06-20,1.1,0.0
2018-06-21,1.1,0.01
2018-06-22,1.1,0.0
2018-06-23,1.1,0.0
2018-06-24,1.1,0.0
2018-06-25,1.1,0.0
2018-06-26,1.11,0.01
2018-06-27,1.02,37.15
2018-06-28,1.09,3.93
2018-06-29,1.09,1.63
2018-06-30,1.09,0.81
2018-07-01,1.08,3.17
2018-07-02,1.11,33.62
2018-07-03,1.29,10.8
2018-07-04,1.2,16.65
2018-07-05,1.24,20.16
2018-07-06,1.26,4.98
2018-07-07,1.28,2.16
2018-07-08,1.28,1.25
2018-07-09,1.27,2.13
2018-07-10,1.27,2.48
2018-07-11,1.27,0.88
2018-07-12,1.26,0.91
2018-07-13,1.25,2.57
2018-07-14,1.26,0.18
2018-07-15,1.26,0.23
2018-07-16,1.2,0.02
2018-07-17,1.09,0.0
2018-07-18,1.08,0.07
2018-07-19,1.09,0.07
2018-07-20,1.09,0.0
2018-07-21,1.09,0.09
2018-07-22,1.09,0.0
2018-07-23,1.1,0.0
2018-07-24,1.1,0.0
2018-07-25,1.1,0.0
2018-07-26,1.1,0.0
2018-07-27,1.1,0.0
2018-07-28,1.1,0.0
2018-07-29,1.1,0.0
2018-07-30,1.1,0.0
2018-07-31,1.1,0.0
2018-08-01,1.24,0.0
2018-08-02,1.48,0.01
2018-08-03,1.48,0.03
2018-08-04,1.48,0.0
2018-08-05,1.48,0.04
2018-08-06,1.49,0.04
2018-08-07,1.49,0.03
2018-08-08,1.49,0.16
2018-08-09,1.49,0.04
2018-08-10,1.5,0.16
2018-08-11,1.5,0.16
2018-08-12,1.5,0.03
2018-08-13,1.51,0.03
2018-08-14,1.51,0.05
2018-08-15,1.51,0.05
2018-08-16,1.52,0.18
2018-08-17,1.52,0.03
2018-08-18,1.52,0.0
2018-08-19,1.53,0.0
2018-08-20,1.53,0.0
2018-08-21,1.5,0.08
2018-08-22,1.48,0.03
2018-08-23,1.48,0.05
2018-08-24,1.47,0.68
2018-08-25,1.47,0.18
2018-08-26,1.39,1.69
2018-08-27,1.41,5.0
2018-08-28,1.43,1.92
2018-08-29,1.48,0.96
2018-08-30,1.48,0.83
2018-08-31,1.48,4.32
2018-09-01,1.48,2.92
2018-09-02,1.48,1.09
2018-09-03,1.49,0.83
2018-09-04,1.46,7.85
2018-09-05,1.49,2.85
2018-09-06,1.49,1.1
2018-09-07,1.48,0.84
2018-09-08,1.48,0.43
2018-09-09,1.48,0.16
2018-09-10,1.47,0.16
2018-09-11,1.49,0.11
2018-09-12,1.51,0.17
2018-09-13,1.44,0.04
2018-09-14,1.51,0.18
2018-09-15,1.51,0.18
2018-09-16,1.51,0.18
2018-09-17,1.5,0.31
2018-09-18,1.51,0.05
2018-09-19,1.51,0.09
2018-09-20,1.51,0.17
2018-09-21,1.51,0.83
2018-09-22,1.5,1.23
2018-09-23,1.48,0.7
2018-09-24,1.57,0.31
2018-09-25,1.55,0.17
2018-09-26,1.55,0.04
2018-09-27,1.53,0.18
2018-09-28,1.5,0.05
2018-09-29,1.5,0.05
2018-09-30,1.5,0.05
2018-10-01,1.36,0.18
2018-10-02,1.22,0.05
2018-10-03,1.29,0.0
2018-10-04,1.29,0.04
2018-10-05,1.38,1.44
2018-10-06,1.65,63.88
2018-10-07,1.59,6.51
2018-10-08,1.58,2.06
2018-10-09,1.57,0.97
2018-10-10,1.57,0.82
2018-10-11,1.57,0.5
2018-10-12,1.57,0.35
2018-10-13,1.57,0.19
2018-10-14,1.57,0.04
2018-10-15,1.6,0.04
2018-10-16,1.6,0.2
2018-10-17,1.61,0.04
2018-10-18,1.61,0.04
2018-10-19,1.61,0.2
2018-10-20,1.62,0.04
2018-10-21,1.62,0.2
2018-10-22,1.62,0.05
2018-10-23,1.62,0.05
2018-10-24,1.62,0.05
2018-10-25,1.62,0.03
2018-10-26,1.62,0.0
2018-10-27,1.62,0.0
2018-10-28,1.63,0.07
2018-10-29,1.63,0.0
2018-10-30,1.63,0.06
2018-10-31,1.63,0.0
2018-11-01,1.63,0.07
2018-11-02,1.63,0.0
2018-11-03,1.63,0.0
2018-11-04,1.63,0.0
2018-11-05,1.55,0.0
2018-11-06,1.64,0.02
2018-11-07,1.64,0.05
2018-11-08,1.64,0.2
2018-11-09,1.64,0.2
2018-11-10,1.64,0.21
2018-11-11,1.64,0.05
2018-11-12,1.63,0.05
2018-11-13,1.57,0.04
2018-11-14,1.55,0.04
2018-11-15,1.6,0.05
2018-11-16,1.6,0.0
2018-11-17,1.6,0.06
2018-11-18,1.6,0.06
2018-11-19,1.61,0.05
2018-11-20,1.61,0.0
2018-11-21,1.61,0.06
2018-11-22,1.61,0.0
2018-11-23,1.61,0.0
2018-11-24,1.61,0.07
2018-11-25,1.62,0.0
2018-11-26,1.62,0.06
2018-11-27,1.62,0.0
2018-11-28,1.62,0.07
2018-11-29,1.62,0.0
2018-11-30,1.62,0.08
2018-12-01,1.62,0.0
2018-12-02,1.63,0.0
2018-12-03,1.63,0.09
2018-12-04,1.63,0.23
2018-12-05,1.63,0.22
2018-12-06,1.63,0.0
2018-12-07,1.63,0.08
2018-12-08,1.63,0.0
2018-12-09,1.63,0.06
2018-12-10,1.64,0.06
2018-12-11,1.64,0.06
2018-12-12,1.64,0.06
2018-12-13,1.64,0.0
2018-12-14,1.64,0.09
2018-12-15,1.64,0.0
2018-12-16,1.65,0.1
2018-12-17,1.65,0.0
2018-12-18,1.65,0.0
2018-12-19,1.65,0.1
2018-12-20,1.65,0.0
2018-12-21,1.65,0.1
2018-12-22,1.65,0.0
2018-12-23,1.66,0.1
2018-12-24,1.66,0.1
2018-12-25,1.66,0.0
2018-12-26,1.66,0.0
2018-12-27,1.66,0.0
2018-12-28,1.67,0.0
2018-12-29,1.67,0.0
2018-12-30,1.67,0.0
2018-12-31,1.67,0.0
2019-01-01,1.67,0.0
2019-01-02,1.26,
2019-01-03,1.03,0.0
2019-01-04,1.04,0.0
2019-01-05,1.03,0.0
2019-01-06,1.03,0.0
2019-01-07,1.04,0.0
2019-01-08,1.04,0.0
2019-01-09,1.04,0.0
2019-01-10,1.02,0.0
2019-01-11,1.31,0.09
2019-01-12,1.53,0.09
2019-01-13,1.52,0.0
2019-01-14,1.53,0.1
2019-01-15,1.52,0.0
2019-01-16,1.52,0.0
2019-01-17,1.52,0.1
2019-01-18,1.36,0.0
2019-01-19,1.5,0.0
2019-01-20,1.5,0.0
2019-01-21,1.5,0.0
2019-01-22,1.51,0.1
2019-01-23,1.51,0.0
2019-01-24,1.51,0.0
2019-01-25,1.51,0.0
2019-01-26,1.51,0.0
2019-01-27,1.51,0.0
2019-01-28,1.52,0.0
2019-01-29,1.52,0.1
2019-01-30,1.52,0.0
2019-01-31,1.52,0.1
2019-02-01,1.62,0.0
2019-02-02,1.72,0.0
2019-02-03,1.72,0.0
2019-02-04,1.72,0.24
2019-02-05,1.72,0.0
2019-02-06,1.73,0.0
2019-02-07,1.73,0.0
2019-02-08,1.73,0.0
2019-02-09,1.73,0.0
2019-02-10,1.73,0.0
2019-02-11,1.62,0.0
2019-02-12,1.73,0.08
2019-02-13,1.73,0.0
2019-02-14,1.73,0.0
2019-02-15,1.74,0.0
2019-02-16,1.74,0.0
2019-02-17,1.74,0.0
2019-02-18,1.74,0.0
2019-02-19,1.74,0.36
2019-02-20,1.75,0.09
2019-02-21,1.75,0.22
2019-02-22,1.75,0.0
2019-02-23,1.75,0.09
2019-02-24,1.76,0.0
2019-02-25,1.76,0.1
2019-02-26,1.76,0.09
2019-02-27,1.76,0.09
2019-02-28,1.76,0.04
2019-03-01,1.77,0.0
2019-03-02,1.77,0.12
2019-03-03,1.77,0.12
2019-03-04,1.74,0.0
2019-03-05,1.72,0.13
2019-03-06,1.72,0.13
2019-03-07,1.73,0.13
2019-03-08,1.73,0.0
2019-03-09,1.73,0.12
2019-03-10,1.73,0.26
2019-03-11,1.74,0.13
2019-03-12,1.74,0.13
2019-03-13,1.72,0.12
2019-03-14,1.72,0.25
2019-03-15,1.72,0.0
2019-03-16,1.72,0.26
2019-03-17,1.72,0.14
2019-03-18,1.73,0.01
2019-03-19,1.73,0.14
2019-03-20,1.73,0.14
2019-03-21,1.73,0.01
2019-03-22,1.74,0.14
2019-03-23,1.74,0.14
2019-03-24,1.74,0.13
2019-03-25,1.75,0.14
2019-03-26,1.75,0.14
2019-03-27,1.75,0.02
2019-03-28,1.75,0.15
2019-03-29,1.76,0.02
2019-03-30,1.76,0.26
2019-03-31,1.76,0.14
2019-04-01,1.77,0.04
2019-04-02,1.77,0.17
2019-04-03,1.77,0.05
2019-04-04,1.78,0.05
2019-04-05,1.78,0.18
2019-04-06,1.78,0.05
2019-04-07,1.78,0.05
2019-04-08,1.78,0.05
2019-04-09,1.77,0.29
2019-04-10,1.77,1.4
2019-04-11,1.77,1.53
2019-04-12,1.77,1.17
2019-04-13,1.77,0.89
2019-04-14,1.77,0.65
2019-04-15,1.77,0.52
2019-04-16,1.78,0.41
2019-04-17,1.78,0.3
2019-04-18,1.78,0.17
2019-04-19,1.77,0.29
2019-04-20,1.76,0.17
2019-04-21,1.76,0.17
2019-04-22,1.76,0.17
2019-04-23,1.75,0.21
2019-04-24,1.75,0.4
2019-04-25,1.75,0.15
2019-04-26,1.76,0.35
2019-04-27,1.76,0.24
2019-04-28,1.76,0.35
2019-04-29,1.76,0.76
2019-04-30,1.77,2.63
2019-05-01,1.79,1.48
2019-05-02,1.8,1.14
2019-05-03,1.8,0.76
2019-05-04,1.8,0.48
2019-05-05,1.77,0.25
2019-05-06,1.77,0.29
2019-05-07,1.77,0.13
2019-05-08,1.81,0.12
2019-05-09,1.81,0.2
2019-05-10,1.81,0.08
2019-05-11,1.79,0.08
2019-05-12,1.82,0.06
2019-05-13,1.82,0.03
2019-05-14,1.82,0.06
2019-05-15,1.83,0.07
2019-05-16,1.81,0.09
2019-05-17,1.8,0.0
2019-05-18,1.8,0.44
2019-05-19,1.81,0.09
2019-05-20,1.81,0.09
2019-05-21,1.81,0.03
2019-05-22,1.82,0.0
2019-05-23,1.82,0.06
2019-05-24,1.82,0.0
2019-05-25,1.82,0.0
2019-05-26,1.83,0.0
2019-05-27,1.79,0.31
2019-05-28,1.78,0.01
2019-05-29,1.81,0.01
2019-05-30,1.82,0.02
2019-05-31,1.83,0.02
2019-06-01,1.78,0.04
2019-06-02,1.74,0.0
2019-06-03,1.74,0.0
2019-06-04,1.75,0.02
2019-06-05,1.75,0.02
2019-06-06,1.75,0.0
2019-06-07,1.76,0.43
2019-06-08,1.76,0.1
2019-06-09,1.76,0.0
2019-06-10,1.77,0.05
2019-06-11,1.77,0.07
2019-06-12,1.75,0.03
2019-06-13,1.75,0.0
2019-06-14,1.75,0.09
2019-06-15,1.75,0.4
2019-06-16,1.65,0.33
2019-06-17,1.75,0.0
2019-06-18,1.75,0.1
2019-06-19,1.73,0.1
2019-06-20,1.75,0.0
2019-06-21,1.75,0.1
2019-06-22,1.75,0.0
2019-06-23,1.76,0.0
2019-06-24,1.76,0.11
2019-06-25,1.76,0.01
2019-06-26,1.77,0.33
2019-06-27,1.73,3.86
2019-06-28,1.74,1.75
2019-06-29,1.75,3.48
2019-06-30,1.75,6.49
2019-07-01,1.33,1.97
2019-07-02,1.08,1.03
2019-07-03,1.28,0.54
2019-07-04,1.62,0.32
2019-07-05,1.62,0.29
2019-07-06,1.63,0.07
2019-07-07,1.63,0.07
2019-07-08,1.62,0.19
2019-07-09,1.64,0.11
2019-07-10,1.64,0.37
2019-07-11,1.64,0.69
2019-07-12,1.64,0.47
2019-07-13,1.65,0.42
2019-07-14,1.65,0.21
2019-07-15,1.65,0.15
2019-07-16,1.66,0.15
2019-07-17,1.62,0.11
2019-07-18,1.63,0.15
2019-07-19,1.59,0.05
2019-07-20,1.6,14.07
2019-07-21,1.57,22.67
2019-07-22,1.56,5.46
2019-07-23,1.6,1.92
2019-07-24,1.55,1.06
2019-07-25,1.65,1.06
2019-07-26,1.62,0.81
2019-07-27,1.61,0.69
2019-07-28,1.62,0.32
2019-07-29,1.61,0.28
2019-07-30,1.6,0.19
2019-07-31,1.6,0.31
2019-08-01,1.33,0.05
2019-08-02,1.11,0.19
2019-08-03,1.11,0.07
2019-08-04,1.1,0.2
2019-08-05,1.1,0.07
2019-08-06,1.11,0.49
2019-08-07,1.11,2.03
2019-08-08,1.11,1.2
2019-08-09,1.1,0.8
2019-08-10,1.1,0.32
2019-08-11,1.1,0.2
2019-08-12,1.1,0.19
2019-08-13,1.1,0.08
2019-08-14,1.1,0.16
2019-08-15,1.1,0.45
2019-08-16,1.1,0.25
2019-08-17,1.1,0.2
2019-08-18,1.1,0.18
2019-08-19,1.11,0.14
2019-08-20,1.09,0.02
2019-08-21,1.11,0.1
2019-08-22,1.1,6.21
2019-08-23,1.09,3.24
2019-08-24,1.09,1.42
2019-08-25,1.08,0.85
2019-08-26,1.05,0.45
2019-08-27,1.08,0.57
2019-08-28,1.07,0.44
2019-08-29,1.08,0.32
2019-08-30,1.08,0.18
2019-08-31,1.08,0.18
2019-09-01,1.08,0.21
2019-09-02,1.08,0.18
2019-09-03,1.08,0.45
2019-09-04,1.09,0.45
2019-09-05,1.08,0.33
2019-09-06,1.08,0.69
2019-09-07,1.03,0.57
2019-09-08,1.07,0.57
2019-09-09,1.07,0.33
2019-09-10,1.08,0.21
2019-09-11,1.08,0.22
2019-09-12,1.12,0.21
2019-09-13,1.11,0.09
2019-09-14,1.11,0.09
2019-09-15,1.11,0.09
2019-09-16,1.1,0.09
2019-09-17,1.1,0.0
2019-09-18,1.1,0.0
2019-09-19,1.1,0.1
2019-09-20,1.1,0.0
2019-09-21,1.1,0.69
2019-09-22,1.41,12.07
2019-09-23,1.09,10.11
2019-09-24,1.08,2.45
2019-09-25,1.08,1.19
2019-09-26,0.95,0.82
2019-09-27,1.07,0.56
2019-09-28,1.07,0.44
2019-09-29,1.07,0.18
2019-09-30,1.07,0.18
2019-10-01,1.48,0.18
2019-10-02,1.64,18.15
2019-10-03,1.28,37.94
2019-10-04,7.23,4.51
2019-10-05,15.67,2.02
2019-10-06,21.34,0.99
2019-10-07,16.44,0.84
2019-10-08,1.61,0.69
2019-10-09,1.61,0.69
2019-10-10,1.48,0.54
2019-10-11,1.29,0.23
2019-10-12,1.29,0.15
2019-10-13,1.29,0.15
2019-10-14,1.29,0.15
2019-10-15,1.26,0.0
2019-10-16,1.29,0.0
2019-10-17,1.29,0.0
2019-10-18,1.29,0.15
2019-10-19,1.29,0.15
2019-10-20,1.29,0.01
2019-10-21,1.29,0.01
2019-10-22,1.3,0.01
2019-10-23,1.3,0.01
2019-10-24,1.29,0.01
2019-10-25,1.29,0.15
2019-10-26,1.3,0.0
2019-10-27,1.3,0.01
2019-10-28,1.3,0.01
2019-10-29,1.3,0.01
2019-10-30,1.3,0.01
2019-10-31,1.3,0.01
2019-11-01,1.3,0.01
2019-11-02,1.3,0.01
2019-11-03,1.3,0.0
2019-11-04,1.36,0.03
2019-11-05,1.57,0.0
2019-11-06,1.57,0.0
2019-11-07,1.58,0.0
2019-11-08,1.58,0.0
2019-11-09,1.58,0.0
2019-11-10,1.58,0.0
2019-11-11,1.58,0.12
2019-11-12,1.58,0.0
2019-11-13,1.58,0.0
2019-11-14,1.58,0.0
2019-11-15,1.59,0.0
2019-11-16,1.59,0.0
2019-11-17,1.59,0.0
2019-11-18,1.59,0.27
2019-11-19,1.59,0.0
2019-11-20,1.59,0.13
2019-11-21,1.59,0.0
2019-11-22,1.6,0.0
2019-11-23,1.6,0.0
2019-11-24,1.6,0.0
2019-11-25,1.6,0.11
2019-11-26,1.6,0.03
2019-11-27,1.6,0.0
2019-11-28,1.6,0.02
2019-11-29,1.61,0.0
2019-11-30,1.61,0.0
2019-12-01,1.61,0.28
2019-12-02,1.61,0.0
2019-12-03,1.61,0.14
2019-12-04,1.61,0.14
2019-12-05,1.61,0.01
2019-12-06,1.62,0.01
2019-12-07,1.62,0.01
2019-12-08,1.62,0.15
2019-12-09,1.62,0.01
2019-12-10,1.61,0.15
2019-12-11,1.6,0.0
2019-12-12,1.53,0.15
2019-12-13,1.46,0.02
2019-12-14,1.6,0.02
2019-12-15,1.6,0.15
2019-12-16,1.61,0.02
2019-12-17,1.61,0.02
2019-12-18,1.61,0.02
2019-12-19,1.61,0.02
2019-12-20,1.61,0.02
2019-12-21,1.61,0.03
2019-12-22,1.62,0.03
2019-12-23,1.61,0.03
2019-12-24,1.6,0.03
2019-12-25,1.61,0.03
2019-12-26,1.61,0.0
2019-12-27,1.61,0.17
2019-12-28,1.61,0.03
2019-12-29,1.61,0.0
2019-12-30,1.62,0.04
2019-12-31,1.61,0.17
2020-01-01,1.59,0.0
2020-01-02,1.6,0.04
2020-01-03,1.6,0.04
2020-01-04,1.6,0.04
2020-01-05,1.6,0.0
2020-01-06,1.6,0.18
2020-01-07,1.6,1.22
2020-01-08,1.6,3.07
2020-01-09,1.6,1.36
2020-01-10,1.6,0.83
2020-01-11,1.6,0.7
2020-01-12,1.6,0.44
2020-01-13,1.6,0.3
2020-01-14,1.6,0.3
2020-01-15,1.6,0.17
2020-01-16,1.6,0.17
2020-01-17,1.58,0.38
2020-01-18,1.14,0.7
2020-01-19,1.6,0.57
2020-01-20,1.6,0.31
2020-01-21,1.6,0.18
2020-01-22,1.6,0.18
2020-01-23,1.6,0.18
2020-01-24,1.6,0.05
2020-01-25,1.6,0.18
2020-01-26,1.6,0.05
2020-01-27,1.61,1.61
2020-01-28,1.61,5.94
2020-01-29,1.61,2.42
2020-01-30,1.61,1.36
2020-01-31,1.61,0.97
2020-02-01,1.61,0.7
2020-02-02,1.61,0.7
2020-02-03,1.66,0.43
2020-02-04,1.69,0.3
2020-02-05,1.69,0.43
2020-02-06,1.7,0.28
2020-02-07,1.7,0.17
2020-02-08,1.7,0.3
2020-02-09,1.7,0.16
2020-02-10,1.7,0.3
2020-02-11,1.71,0.04
2020-02-12,1.71,0.3
2020-02-13,1.71,0.44
2020-02-14,1.71,0.31
2020-02-15,1.71,0.44
2020-02-16,1.71,0.31
2020-02-17,1.71,0.44
2020-02-18,1.72,0.43
2020-02-19,1.72,0.3
2020-02-20,1.73,0.3
2020-02-21,1.72,0.17
2020-02-22,1.72,0.18
2020-02-23,1.72,0.31
2020-02-24,1.73,0.19
2020-02-25,1.73,3.71
2020-02-26,1.72,4.79
2020-02-27,1.72,2.3
2020-02-28,1.72,1.37
2020-02-29,1.72,0.97
2020-03-01,1.72,0.84
2020-03-02,1.72,0.84
2020-03-03,1.72,0.57
2020-03-04,1.72,0.31
2020-03-05,1.72,0.43
2020-03-06,1.72,0.3
2020-03-07,1.72,0.3
2020-03-08,1.72,0.3
2020-03-09,1.72,0.17
2020-03-10,1.72,0.42
2020-03-11,1.53,0.42
2020-03-12,1.53,0.43
2020-03-13,1.71,0.43
2020-03-14,1.7,0.43
2020-03-15,1.7,0.3
2020-03-16,1.71,0.3
2020-03-17,1.73,0.16
2020-03-18,1.73,0.3
2020-03-19,1.71,0.17
2020-03-20,1.74,0.3
2020-03-21,1.74,0.03
2020-03-22,1.74,0.3
2020-03-23,1.73,0.03
2020-03-24,1.72,0.17
2020-03-25,1.72,0.16
2020-03-26,1.72,0.16
2020-03-27,1.72,0.16
2020-03-28,1.72,0.29
2020-03-29,1.73,0.15
2020-03-30,1.73,0.15
2020-03-31,1.73,0.15
2020-04-01,1.58,0.13
2020-04-02,1.38,0.17
2020-04-03,1.73,0.04
2020-04-04,1.8,0.04
2020-04-05,1.8,0.17
2020-04-06,1.8,0.17
2020-04-07,1.8,0.04
2020-04-08,1.8,0.04
2020-04-09,1.8,0.17
2020-04-10,1.81,0.04
2020-04-11,1.81,0.13
2020-04-12,1.81,0.05
2020-04-13,1.82,0.17
2020-04-14,1.82,0.01
2020-04-15,1.82,0.01
2020-04-16,1.82,0.14
2020-04-17,1.81,0.27
2020-04-18,1.8,0.2
2020-04-19,1.8,0.08
2020-04-20,1.8,0.73
2020-04-21,1.8,0.65
2020-04-22,1.8,0.4
2020-04-23,1.81,0.4
2020-04-24,1.81,0.27
2020-04-25,1.81,0.27
2020-04-26,1.82,0.4
2020-04-27,1.82,0.08
2020-04-28,1.82,0.25
2020-04-29,1.83,0.13
2020-04-30,1.83,0.13
2020-05-01,1.81,0.2
2020-05-02,1.8,0.09
2020-05-03,1.81,0.21
2020-05-04,1.81,0.16
2020-05-05,1.8,0.13
2020-05-06,1.8,0.12
2020-05-07,1.81,0.0
2020-05-08,1.81,0.12
2020-05-09,1.81,0.62
2020-05-10,1.81,0.25
2020-05-11,1.82,0.39
2020-05-12,1.82,0.14
2020-05-13,1.83,0.27
2020-05-14,1.81,0.14
2020-05-15,1.83,0.27
2020-05-16,1.84,0.27
2020-05-17,1.84,0.27
2020-05-18,1.84,0.02
2020-05-19,1.82,0.39
2020-05-20,1.81,0.26
2020-05-21,1.81,0.14
2020-05-22,1.82,0.26
2020-05-23,1.82,0.14
2020-05-24,1.82,0.14
2020-05-25,1.83,0.14
2020-05-26,1.83,0.01
2020-05-27,1.84,0.13
2020-05-28,1.82,0.01
2020-05-29,1.8,0.02
2020-05-30,1.8,0.02
2020-05-31,1.81,0.02
2020-06-01,1.81,0.02
2020-06-02,1.82,0.02
2020-06-03,1.82,0.03
2020-06-04,1.76,0.02
2020-06-05,1.79,0.02
2020-06-06,1.79,0.02
2020-06-07,1.79,0.0
2020-06-08,1.8,0.03
2020-06-09,1.8,0.03
2020-06-10,1.81,0.01
2020-06-11,1.81,0.67
2020-06-12,1.81,0.07
2020-06-13,1.82,0.43
2020-06-14,1.8,4.63
2020-06-15,1.77,1.71
2020-06-16,1.77,0.76
2020-06-17,1.77,0.51
2020-06-18,1.77,0.14
2020-06-19,1.67,0.26
2020-06-20,1.76,0.14
2020-06-21,1.78,0.13
2020-06-22,1.78,0.02
2020-06-23,1.78,0.03
2020-06-24,1.79,0.12
2020-06-25,1.79,0.15
2020-06-26,1.79,0.04
2020-06-27,1.8,0.05
2020-06-28,1.8,0.05
2020-06-29,1.8,0.33
2020-06-30,1.8,2.09
2020-07-01,1.8,1.49
2020-07-02,1.8,0.89
2020-07-03,1.8,0.7
2020-07-04,1.8,0.5
2020-07-05,1.8,0.33
2020-07-06,1.8,0.24
2020-07-07,1.79,0.26
2020-07-08,1.79,0.12
2020-07-09,1.79,0.06
2020-07-10,1.78,0.47
2020-07-11,1.79,0.25
2020-07-12,1.8,0.21
2020-07-13,1.76,16.83
2020-07-14,1.76,5.79
2020-07-15,1.75,2.97
2020-07-16,1.74,1.87
2020-07-17,1.73,1.23
2020-07-18,1.72,0.71
2020-07-19,1.72,0.46
2020-07-20,1.72,0.59
2020-07-21,1.71,0.33
2020-07-22,7.72,0.98
2020-07-23,15.75,7.24
2020-07-24,18.3,20.49
2020-07-25,16.74,22.33
2020-07-26,17.16,7.73
2020-07-27,16.84,3.91
2020-07-28,16.02,5.88
2020-07-29,16.93,7.83
2020-07-30,17.42,15.19
2020-07-31,16.51,7.85
2020-08-01,16.5,4.11
2020-08-02,15.92,3.02
2020-08-03,15.13,2.65
2020-08-04,14.25,2.08
2020-08-05,13.27,1.22
2020-08-06,15.49,0.07
2020-08-07,20.72,1.27
2020-08-08,41.05,26.38
2020-08-09,93.57,12.82
2020-08-10,78.57,6.16
2020-08-11,46.64,9.1
2020-08-12,35.56,3.84
2020-08-13,19.79,1.42
2020-08-14,8.33,1.22
2020-08-15,1.72,0.78
2020-08-16,1.71,0.49
2020-08-17,1.71,0.2
2020-08-18,1.71,0.35
2020-08-19,1.71,0.09
2020-08-20,1.71,0.2
2020-08-21,1.71,0.1
2020-08-22,1.71,0.0
2020-08-23,1.71,0.26
2020-08-24,1.71,0.12
2020-08-25,8.02,0.0
2020-08-26,9.45,0.0
2020-08-27,3.81,0.31
2020-08-28,1.72,0.07
2020-08-29,1.73,0.29
2020-08-30,1.73,0.15
2020-08-31,1.73,0.8
2020-09-01,5.28,0.14
2020-09-02,8.32,0.7
2020-09-03,55.29,32.82
2020-09-04,29.42,3.18
2020-09-05,13.08,1.05
2020-09-06,9.69,1.58
2020-09-07,21.54,55.91
2020-09-08,21.79,12.17
2020-09-09,10.07,3.23
2020-09-10,1.72,0.78
2020-09-11,1.72,0.89
2020-09-12,1.71,0.88
2020-09-13,1.7,0.74
2020-09-14,1.7,0.59
2020-09-15,1.69,0.59
2020-09-16,1.69,0.3
2020-09-17,1.69,0.44
2020-09-18,1.69,0.3
2020-09-19,1.69,0.14
2020-09-20,1.69,0.14
2020-09-21,1.69,0.19
2020-09-22,1.1,0.0
2020-09-23,1.1,0.14
2020-09-24,1.1,0.0
2020-09-25,1.1,0.13
2020-09-26,1.1,0.0
2020-09-27,1.1,0.13
2020-09-28,1.1,0.02
2020-09-29,1.1,0.02
2020-09-30,1.1,0.02
2020-10-01,1.1,0.01
2020-10-02,1.1,0.16
2020-10-03,1.1,0.01
2020-10-04,1.1,0.0
2020-10-05,1.1,0.15
2020-10-06,1.1,0.01
2020-10-07,1.1,0.0
2020-10-08,1.08,0.0
2020-10-09,1.09,0.0
2020-10-10,1.09,0.0
2020-10-11,1.09,0.0
2020-10-12,1.08,0.0
2020-10-13,1.08,0.0
2020-10-14,1.08,0.0
2020-10-15,1.08,0.02
2020-10-16,1.08,0.02
2020-10-17,1.08,0.0
2020-10-18,1.08,0.02
2020-10-19,1.08,0.02
2020-10-20,1.08,0.0
2020-10-21,1.08,0.01
2020-10-22,1.09,0.01
2020-10-23,1.19,0.0
2020-10-24,1.1,0.0
2020-10-25,1.1,0.16
2020-10-26,1.1,0.0
2020-10-27,1.1,0.01
2020-10-28,1.1,0.01
2020-10-29,1.1,0.01
2020-10-30,1.1,0.0
2020-10-31,1.12,0.01
2020-11-01,1.71,0.05
2020-11-02,1.71,0.04
2020-11-03,1.71,0.0
2020-11-04,1.71,0.05
2020-11-05,1.7,0.0
2020-11-06,1.69,0.05
2020-11-07,1.69,0.0
2020-11-08,1.7,0.0
2020-11-09,1.7,0.04
2020-11-10,1.7,0.04
2020-11-11,1.7,0.05
2020-11-12,1.7,0.0
2020-11-13,1.7,0.05
2020-11-14,1.71,0.05
2020-11-15,1.71,0.0
2020-11-16,1.71,0.05
2020-11-17,1.71,0.05
2020-11-18,1.71,0.0
2020-11-19,1.71,0.75
2020-11-20,1.71,0.33
2020-11-21,1.71,0.18
2020-11-22,1.72,0.0
2020-11-23,1.72,0.19
2020-11-24,1.72,0.0
2020-11-25,1.72,0.06
2020-11-26,1.72,0.07
2020-11-27,1.73,0.0
2020-11-28,1.73,0.06
2020-11-29,1.73,0.0
2020-11-30,1.74,0.06
2020-12-01,1.74,0.0
2020-12-02,1.74,0.01
2020-12-03,1.74,0.06
2020-12-04,1.75,0.0
2020-12-05,1.75,0.0
2020-12-06,1.75,0.08
2020-12-07,1.75,0.0
2020-12-08,1.76,0.07
2020-12-09,1.76,0.0
2020-12-10,1.75,0.08
2020-12-11,1.74,0.0
2020-12-12,1.74,0.08
2020-12-13,1.74,0.0
2020-12-14,1.75,0.06
2020-12-15,1.75,0.0
2020-12-16,1.75,0.07
2020-12-17,1.76,0.0
2020-12-18,1.76,0.08
2020-12-19,1.76,0.0
2020-12-20,1.76,0.0
2020-12-21,1.77,0.08
2020-12-22,1.77,0.0
2020-12-23,1.77,0.08
2020-12-24,1.77,0.0
2020-12-25,1.78,0.08
2020-12-26,1.76,0.0
2020-12-27,1.73,0.08
2020-12-28,1.73,0.0
2020-12-29,1.73,0.08
2020-12-30,1.73,0.0
2020-12-31,1.74,0.0
2021-01-01,0.58,0.07
2021-01-02,0.58,0.0
2021-01-03,0.58,0.07
2021-01-04,0.6,0.0
2021-01-05,0.61,0.0
2021-01-06,0.61,0.0
2021-01-07,0.6,0.1
2021-01-08,0.6,0.0
2021-01-09,0.6,0.0
2021-01-10,0.6,0.1
2021-01-11,0.6,0.0
2021-01-12,0.6,0.0
2021-01-13,0.6,0.0
2021-01-14,0.6,0.1
2021-01-15,0.6,0.0
2021-01-16,0.61,0.0
2021-01-17,0.6,0.0
2021-01-18,0.6,0.0
2021-01-19,0.6,0.11
2021-01-20,0.6,0.0
2021-01-21,0.6,0.11
2021-01-22,0.6,0.0
2021-01-23,0.6,0.0
2021-01-24,0.6,0.23
2021-01-25,0.6,0.0
2021-01-26,0.6,0.11
2021-01-27,0.6,0.11
2021-01-28,0.6,0.0
2021-01-29,0.6,0.0
2021-01-30,0.59,0.0
2021-01-31,0.59,0.0
2021-02-01,0.59,0.11
2021-02-02,0.59,0.11
2021-02-03,0.59,0.0
2021-02-04,0.59,0.11
2021-02-05,0.58,0.0
2021-02-06,0.59,0.0
2021-02-07,0.61,0.01
2021-02-08,0.6,0.0
2021-02-09,0.6,0.0
2021-02-10,0.61,0.02
2021-02-11,0.61,0.02
2021-02-12,0.61,0.14
2021-02-13,0.61,0.02
2021-02-14,0.61,0.02
2021-02-15,0.61,0.0
2021-02-16,0.6,0.01
2021-02-17,0.6,0.01
2021-02-18,0.59,0.01
2021-02-19,0.59,0.01
2021-02-20,0.6,0.13
2021-02-21,0.6,0.02
2021-02-22,0.6,0.0
2021-02-23,0.6,0.14
2021-02-24,0.6,0.02
2021-02-25,0.59,0.02
2021-02-26,0.59,0.0
2021-02-27,0.59,0.13
2021-02-28,0.59,0.02
2021-03-01,0.59,0.7
2021-03-02,0.59,2.77
2021-03-03,0.59,0.94
2021-03-04,0.59,0.71
2021-03-05,0.59,0.59
2021-03-06,0.59,0.71
2021-03-07,0.59,0.48
2021-03-08,0.59,0.36
2021-03-09,0.59,0.25
2021-03-10,0.58,0.35
2021-03-11,0.58,0.12
2021-03-12,0.58,0.69
2021-03-13,0.58,1.84
2021-03-14,0.58,1.15
2021-03-15,0.57,0.68
2021-03-16,0.59,0.71
2021-03-17,0.6,0.48
2021-03-18,0.6,0.37
2021-03-19,0.6,0.25
2021-03-20,0.6,0.37
2021-03-21,0.6,0.25
2021-03-22,0.59,0.25
2021-03-23,0.59,0.25
2021-03-24,0.59,0.13
2021-03-25,0.59,0.25
2021-03-26,0.59,0.14
2021-03-27,0.59,0.25
2021-03-28,0.59,1.28
2021-03-29,0.59,1.28
2021-03-30,0.59,0.82
2021-03-31,0.59,0.71
2021-04-01,0.6,0.48
2021-04-02,0.61,0.49
2021-04-03,0.6,0.6
2021-04-04,0.6,8.75
2021-04-05,0.6,3.45
2021-04-06,0.6,1.55
2021-04-07,0.6,1.08
2021-04-08,0.6,0.84
2021-04-09,0.59,0.59
2021-04-10,0.59,0.47
2021-04-11,0.59,0.35
2021-04-12,0.59,0.47
2021-04-13,0.6,0.72
2021-04-14,0.61,0.73
2021-04-15,0.61,0.73
2021-04-16,0.61,0.61
2021-04-17,0.61,0.37
2021-04-18,0.6,0.48
2021-04-19,0.59,0.23
2021-04-20,0.61,0.25
2021-04-21,0.61,0.25
2021-04-22,0.61,0.14
2021-04-23,0.62,0.14
2021-04-24,0.69,0.21
2021-04-25,0.72,0.01
2021-04-26,0.74,0.15
2021-04-27,0.71,0.12
2021-04-28,0.66,0.07
2021-04-29,0.61,0.14
2021-04-30,0.61,0.02
2021-05-01,0.77,0.3
2021-05-02,0.81,0.11
2021-05-03,0.82,0.12
2021-05-04,0.81,0.23
2021-05-05,0.81,0.23
2021-05-06,0.81,0.23
2021-05-07,0.81,0.23
2021-05-08,0.8,0.11
2021-05-09,0.8,0.22
2021-05-10,0.8,0.34
2021-05-11,0.83,0.49
2021-05-12,0.83,0.37
2021-05-13,0.83,0.26
2021-05-14,0.83,0.26
2021-05-15,0.82,0.25
2021-05-16,0.8,1.02
2021-05-17,0.78,2.49
2021-05-18,0.78,2.5
2021-05-19,0.78,1.58
2021-05-20,0.78,1.6
2021-05-21,0.78,2.41
2021-05-22,0.78,1.95
2021-05-23,0.78,1.25
2021-05-24,0.78,0.9
2021-05-25,0.78,0.54
2021-05-26,0.77,0.31
2021-05-27,0.78,0.43
2021-05-28,0.75,0.4
2021-05-29,0.76,0.29
2021-05-30,0.76,0.18
2021-05-31,0.76,0.18
2021-06-01,0.82,0.12
2021-06-02,0.77,0.19
2021-06-03,0.71,0.37
2021-06-04,0.68,0.68
2021-06-05,0.78,0.31
2021-06-06,0.78,0.32
2021-06-07,0.78,0.2
2021-06-08,0.78,0.2
2021-06-09,0.78,0.21
2021-06-10,0.73,0.04
2021-06-11,0.6,0.14
2021-06-12,0.66,0.2
2021-06-13,0.73,0.05
2021-06-14,0.77,0.09
2021-06-15,0.78,0.1
2021-06-16,0.77,0.09
2021-06-17,0.78,0.1
2021-06-18,0.79,0.11
2021-06-19,0.79,0.12
2021-06-20,0.79,0.01
2021-06-21,0.79,0.01
2021-06-22,0.79,0.12
2021-06-23,0.78,0.22
2021-06-24,0.78,0.0
2021-06-25,0.78,0.11
2021-06-26,0.77,0.0
2021-06-27,0.76,0.11
2021-06-28,0.75,0.0
2021-06-29,0.77,0.11
2021-06-30,0.78,0.01
2021-07-01,0.78,0.02
2021-07-02,0.76,0.0
2021-07-03,0.63,0.2
2021-07-04,0.61,0.83
2021-07-05,0.61,0.61
2021-07-06,0.61,7.94
2021-07-07,0.61,14.84
2021-07-08,0.62,19.29
2021-07-09,0.63,5.89
2021-07-10,0.63,4.31
2021-07-11,0.58,6.37
2021-07-12,0.61,2.3
2021-07-13,0.68,1.21
2021-07-14,0.78,0.78
2021-07-15,0.69,0.56
2021-07-16,0.56,0.56
2021-07-17,0.61,0.61
2021-07-18,0.61,0.61
2021-07-19,0.61,0.48
2021-07-20,0.71,0.32
2021-07-21,0.8,0.28
2021-07-22,0.79,0.14
2021-07-23,0.79,0.14
2021-07-24,0.81,0.16
2021-07-25,0.82,0.05
2021-07-26,0.68,0.03
2021-07-27,0.83,0.05
2021-07-28,0.71,0.07
2021-07-29,0.83,0.06
2021-07-30,0.83,0.06
2021-07-31,0.84,0.07
2021-08-01,0.73,0.22
2021-08-02,0.63,0.5
2021-08-03,0.62,0.37
2021-08-04,0.74,0.1
2021-08-05,0.78,0.15
2021-08-06,0.83,0.0
2021-08-07,0.92,0.16
2021-08-08,0.8,0.05
2021-08-09,0.61,0.11
2021-08-10,0.75,0.0
2021-08-11,0.84,0.09
2021-08-12,0.8,0.0
2021-08-13,0.76,0.14
2021-08-14,0.61,0.36
2021-08-15,0.61,0.11
2021-08-16,0.72,0.1
2021-08-17,0.78,0.04
2021-08-18,0.74,0.25
2021-08-19,0.6,0.6
2021-08-20,0.6,0.36
2021-08-21,0.61,1.1
2021-08-22,0.61,1.6
2021-08-23,0.61,1.35
2021-08-24,0.62,53.57
2021-08-25,0.62,8.04
2021-08-26,0.62,2.97
2021-08-27,0.61,2.24
2021-08-28,3.9,2.42
2021-08-29,7.09,1.07
2021-08-30,3.58,0.68
2021-08-31,1.92,0.48
2021-09-01,4.55,13.44
2021-09-02,9.04,6.26
2021-09-03,4.18,2.14
2021-09-04,0.59,1.46
2021-09-05,0.59,0.88
2021-09-06,0.6,0.74
2021-09-07,0.6,0.6
2021-09-08,0.6,0.46
2021-09-09,0.6,0.46
2021-09-10,0.6,0.16
2021-09-11,0.6,0.31
2021-09-12,0.6,0.16
2021-09-13,0.6,0.16
2021-09-14,0.6,0.0
2021-09-15,0.61,0.17
2021-09-16,0.61,0.18
2021-09-17,0.61,0.46
2021-09-18,0.61,0.15
2021-09-19,0.61,0.06
2021-09-20,0.61,0.03
2021-09-21,0.61,0.61
2021-09-22,0.61,0.75
2021-09-23,0.61,0.46
2021-09-24,0.6,0.17
2021-09-25,0.59,0.45
2021-09-26,0.59,0.3
2021-09-27,0.51,0.22
2021-09-28,0.43,0.14
2021-09-29,0.43,1.01
2021-09-30,0.42,3.6
2021-10-01,0.42,1.29
2021-10-02,0.41,0.7
2021-10-03,0.41,0.55
2021-10-04,0.41,0.41
2021-10-05,0.41,0.27
2021-10-06,0.42,0.13
2021-10-07,0.42,0.13
2021-10-08,0.42,0.13
2021-10-09,0.42,0.13
2021-10-10,0.42,0.13
2021-10-11,0.42,0.42
2021-10-12,0.42,0.57
2021-10-13,0.42,0.57
2021-10-14,0.42,0.42
2021-10-15,0.42,0.42
2021-10-16,0.42,2.16
2021-10-17,0.42,1.59
2021-10-18,0.44,0.88
2021-10-19,0.55,0.55
2021-10-20,0.6,0.6
2021-10-21,0.57,0.27
2021-10-22,0.61,0.32
2021-10-23,0.6,0.17
2021-10-24,0.6,0.16
2021-10-25,0.6,0.16
2021-10-26,0.6,0.16
2021-10-27,0.61,0.17
2021-10-28,0.6,0.02
2021-10-29,0.61,0.03
2021-10-30,0.6,0.17
2021-10-31,0.6,0.02
2021-11-01,0.6,0.03
2021-11-02,0.6,0.17
2021-11-03,0.6,0.02
2021-11-04,0.6,0.02
2021-11-05,0.6,0.02
2021-11-06,0.59,0.16
2021-11-07,0.59,0.0
2021-11-08,0.58,1.58
2021-11-09,0.53,1.54
2021-11-10,0.57,0.71
2021-11-11,0.6,0.45
2021-11-12,0.6,0.31
2021-11-13,0.6,0.31
2021-11-14,0.6,0.31
2021-11-15,0.6,0.17
2021-11-16,0.61,0.18
2021-11-17,0.61,0.18
2021-11-18,0.61,0.18
2021-11-19,0.61,0.18
2021-11-20,0.61,0.18
2021-11-21,0.61,0.04
2021-11-22,0.61,0.04
2021-11-23,0.6,0.03
2021-11-24,0.6,0.17
2021-11-25,0.6,0.03
2021-11-26,0.6,0.03
2021-11-27,0.6,0.18
2021-11-28,0.6,0.03
2021-11-29,0.59,0.03
2021-11-30,0.61,0.69
2021-12-01,0.6,0.8
2021-12-02,0.6,0.6
2021-12-03,0.6,0.46
2021-12-04,0.6,0.46
2021-12-05,0.6,0.32
2021-12-06,0.6,0.32
2021-12-07,0.6,0.18
2021-12-08,0.6,0.32
2021-12-09,0.6,0.18
2021-12-10,0.6,0.18
2021-12-11,0.61,0.19
2021-12-12,0.6,0.04
2021-12-13,0.6,0.18
2021-12-14,0.6,0.04
2021-12-15,0.6,0.18
2021-12-16,0.6,0.18
2021-12-17,0.6,0.0
2021-12-18,0.59,0.17
2021-12-19,0.59,0.04
2021-12-20,0.6,0.18
2021-12-21,0.62,0.07
2021-12-22,0.62,0.07
2021-12-23,0.61,0.06
2021-12-24,0.61,0.06
2021-12-25,0.61,0.06
2021-12-26,0.61,0.0
2021-12-27,0.6,0.06
2021-12-28,0.61,0.06
2021-12-29,0.61,0.02
2021-12-30,0.61,0.0
2021-12-31,0.61,0.2
2022-01-01,0.6,0.06
2022-01-02,0.6,0.0
2022-01-03,0.6,0.06
2022-01-04,0.6,0.06
2022-01-05,0.6,0.06
2022-01-06,0.6,0.06
2022-01-07,0.6,0.06
2022-01-08,0.6,0.0
2022-01-09,0.6,0.06
2022-01-10,0.6,0.06
2022-01-11,0.6,0.06
2022-01-12,0.6,0.0
2022-01-13,0.6,0.07
2022-01-14,0.59,0.06
2022-01-15,0.59,0.0
2022-01-16,0.6,0.07
2022-01-17,0.59,0.0
2022-01-18,0.6,0.2
2022-01-19,0.61,0.0
2022-01-20,0.59,0.2
2022-01-21,0.6,0.0
2022-01-22,0.6,0.08
2022-01-23,0.61,0.09
2022-01-24,0.6,0.01
2022-01-25,0.6,0.01
2022-01-26,0.6,0.08
2022-01-27,0.6,0.08
2022-01-28,0.6,0.0
2022-01-29,0.6,0.08
2022-01-30,0.59,0.07
2022-01-31,0.59,0.0
2022-02-01,0.59,0.02
2022-02-02,0.59,0.0
2022-02-03,0.59,0.08
2022-02-04,0.59,0.0
2022-02-05,0.59,0.0
2022-02-06,0.59,0.08
2022-02-07,0.59,0.08
2022-02-08,0.6,0.0
2022-02-09,0.61,0.1
2022-02-10,0.61,0.0
2022-02-11,0.61,0.1
2022-02-12,0.61,0.0
2022-02-13,0.61,0.0
2022-02-14,0.61,0.0
2022-02-15,0.61,0.08
2022-02-16,0.61,0.01
2022-02-17,0.6,0.1
2022-02-18,0.6,0.0
2022-02-19,0.6,0.0
2022-02-20,0.6,0.0
2022-02-21,0.6,0.0
2022-02-22,0.6,0.1
2022-02-23,0.6,0.0
2022-02-24,0.6,0.0
2022-02-25,0.61,0.0
2022-02-26,0.62,0.0
2022-02-27,0.62,0.13
2022-02-28,0.62,0.0
2022-03-01,0.62,0.01
2022-03-02,0.62,0.01
2022-03-03,0.62,0.13
2022-03-04,0.62,0.0
2022-03-05,0.62,0.09
2022-03-06,0.62,0.05
2022-03-07,0.62,0.01
2022-03-08,0.62,0.01
2022-03-09,0.62,0.01
2022-03-10,0.62,0.02
2022-03-11,0.62,0.02
2022-03-12,0.62,0.02
2022-03-13,0.62,0.38
2022-03-14,0.62,0.14
2022-03-15,0.62,0.14
2022-03-16,0.62,0.02
2022-03-17,0.62,0.14
2022-03-18,0.61,0.85
2022-03-19,0.57,0.92
2022-03-20,0.62,0.74
2022-03-21,0.62,0.62
2022-03-22,0.62,0.5
2022-03-23,0.62,0.38
2022-03-24,0.62,0.38
2022-03-25,0.62,0.14
2022-03-26,0.62,0.62
2022-03-27,0.62,0.5
2022-03-28,0.62,0.62
2022-03-29,0.62,0.26
2022-03-30,0.62,0.38
2022-03-31,0.62,0.38
2022-04-01,0.61,0.26
2022-04-02,0.61,0.26
2022-04-03,0.61,0.19
2022-04-04,0.62,0.21
2022-04-05,0.62,0.03
2022-04-06,0.62,0.27
2022-04-07,0.62,0.15
2022-04-08,0.62,0.15
2022-04-09,0.62,0.15
2022-04-10,0.62,0.04
2022-04-11,0.62,0.15
2022-04-12,0.62,0.15
2022-04-13,0.61,0.03
2022-04-14,0.61,0.15
2022-04-15,0.61,0.15
2022-04-16,0.66,0.09
2022-04-17,0.68,0.11
2022-04-18,0.64,0.06
2022-04-19,0.65,0.08
2022-04-20,0.66,0.0
2022-04-21,0.66,0.08
2022-04-22,0.66,0.09
2022-04-23,0.66,0.09
2022-04-24,0.66,0.09
2022-04-25,0.65,0.0
2022-04-26,0.61,0.38
2022-04-27,0.69,0.24
2022-04-28,0.73,0.0
2022-04-29,0.73,0.5
2022-04-30,0.72,0.16
2022-05-01,0.72,0.28
2022-05-02,0.72,0.28
2022-05-03,0.73,0.17
2022-05-04,0.73,0.17
2022-05-05,0.69,0.02
2022-05-06,0.7,0.14
2022-05-07,0.76,0.09
2022-05-08,0.75,0.09
2022-05-09,0.74,0.08
2022-05-10,0.76,0.0
2022-05-11,0.79,0.02
2022-05-12,0.83,0.06
2022-05-13,0.74,0.01
2022-05-14,0.83,0.03
2022-05-15,0.83,0.07
2022-05-16,0.82,0.0
2022-05-17,1.03,0.27
2022-05-18,0.81,0.0
2022-05-19,0.81,0.06
2022-05-20,0.82,0.0
2022-05-21,0.82,0.0
2022-05-22,0.82,0.08
2022-05-23,0.82,0.0
2022-05-24,0.83,0.0
2022-05-25,0.83,0.1
2022-05-26,0.83,0.0
2022-05-27,0.83,0.0
2022-05-28,0.83,0.1
2022-05-29,0.83,0.0
2022-05-30,0.83,0.0
2022-05-31,0.84,0.12
2022-06-01,0.83,0.01
2022-06-02,0.83,0.0
2022-06-03,0.82,0.01
2022-06-04,0.81,0.0
2022-06-05,0.8,0.2
2022-06-06,0.79,0.19
2022-06-07,0.71,0.01
2022-06-08,0.79,0.0
2022-06-09,0.76,0.06
2022-06-10,0.79,0.0
2022-06-11,0.79,0.0
2022-06-12,0.78,0.0
2022-06-13,0.77,0.0
2022-06-14,0.77,0.19
2022-06-15,0.75,0.06
2022-06-16,0.78,0.09
2022-06-17,0.78,0.0
2022-06-18,0.78,0.0
2022-06-19,0.78,0.01
2022-06-20,0.78,0.01
2022-06-21,0.77,0.01
2022-06-22,0.77,0.0
2022-06-23,0.75,0.0
2022-06-24,0.6,1.74
2022-06-25,0.6,0.41
2022-06-26,0.6,0.22
2022-06-27,0.6,0.31
2022-06-28,0.6,0.28
2022-06-29,0.73,0.19
2022-06-30,0.78,0.21
2022-07-01,0.78,0.12
2022-07-02,0.78,0.02
2022-07-03,0.78,0.03
2022-07-04,0.77,0.12
2022-07-05,0.76,0.02
2022-07-06,0.76,0.02
2022-07-07,0.68,0.0
2022-07-08,0.7,0.06
2022-07-09,0.78,0.0
2022-07-10,0.77,0.13
2022-07-11,0.74,0.07
2022-07-12,0.77,0.0
2022-07-13,0.51,0.26
2022-07-14,0.28,0.16
2022-07-15,0.28,0.1
2022-07-16,0.28,0.0
2022-07-17,0.28,0.11
2022-07-18,0.28,0.82
2022-07-19,0.28,1.94
2022-07-20,0.28,0.76
2022-07-21,0.28,0.55
2022-07-22,0.28,0.46
2022-07-23,0.28,0.46
2022-07-24,0.28,0.46
2022-07-25,0.28,0.46
2022-07-26,0.28,0.37
2022-07-27,0.38,0.2
2022-07-28,0.44,0.16
2022-07-29,0.43,0.16
2022-07-30,0.32,0.05
2022-07-31,0.28,0.01
2022-08-01,0.29,0.1
2022-08-02,0.28,0.07
2022-08-03,0.42,0.05
2022-08-04,0.47,0.1
2022-08-05,0.47,0.01
2022-08-06,0.47,0.01
2022-08-07,0.47,0.02
2022-08-08,0.47,0.02
2022-08-09,0.34,0.0
2022-08-10,0.28,0.1
2022-08-11,0.28,0.1
2022-08-12,0.28,0.28
2022-08-13,0.28,0.28
2022-08-14,0.28,0.46
2022-08-15,0.28,0.48
2022-08-16,0.28,3.82
2022-08-17,0.28,2.08
2022-08-18,0.28,2.04
2022-08-19,0.27,0.83
2022-08-20,0.27,1.11
2022-08-21,0.28,0.65
2022-08-22,0.28,0.47
2022-08-23,0.3,0.48
2022-08-24,0.31,0.4
2022-08-25,0.28,0.28
2022-08-26,0.28,0.28
2022-08-27,0.28,0.28
2022-08-28,0.28,0.09
2022-08-29,0.34,0.16
2022-08-30,0.29,0.19
2022-08-31,0.28,4.45
2022-09-01,0.28,2.88
2022-09-02,0.28,1.44
2022-09-03,0.28,0.77
2022-09-04,0.28,0.67
2022-09-05,0.28,0.97
2022-09-06,0.29,32.0
2022-09-07,0.29,4.5
2022-09-08,0.31,1.62
2022-09-09,0.35,0.81
2022-09-10,0.35,0.58
2022-09-11,0.35,0.35
2022-09-12,0.35,0.35
2022-09-13,0.35,0.35
2022-09-14,0.35,0.0
2022-09-15,0.3,0.08
2022-09-16,0.28,0.17
2022-09-17,0.28,0.05
2022-09-18,0.28,0.09
2022-09-19,0.28,0.25
2022-09-20,0.28,0.05
2022-09-21,0.28,0.05
2022-09-22,0.27,0.0
2022-09-23,0.27,0.0
2022-09-24,0.27,0.04
2022-09-25,0.27,0.04
2022-09-26,0.34,0.11
2022-09-27,0.27,0.0
2022-09-28,0.27,0.05
2022-09-29,0.27,0.0
2022-09-30,0.27,0.05
2022-10-01,0.27,0.0
2022-10-02,0.27,0.0
2022-10-03,0.27,0.05
2022-10-04,0.27,0.27
2022-10-05,0.27,0.05
2022-10-06,0.27,0.05
2022-10-07,0.27,0.0
2022-10-08,0.27,0.0
2022-10-09,0.27,0.01
2022-10-10,0.27,0.0
2022-10-11,0.27,0.0
2022-10-12,0.27,0.05
2022-10-13,0.28,0.0
2022-10-14,0.28,0.0
2022-10-15,0.28,0.06
2022-10-16,0.28,0.0
2022-10-17,0.28,0.0
2022-10-18,0.28,0.06
2022-10-19,0.28,0.0
2022-10-20,0.28,0.0
2022-10-21,0.28,0.0
2022-10-22,0.28,0.05
2022-10-23,0.28,0.0
2022-10-24,0.28,0.0
2022-10-25,0.28,0.06
2022-10-26,0.28,0.0
2022-10-27,0.28,0.0
2022-10-28,0.28,0.0
2022-10-29,0.28,0.06
2022-10-30,0.28,0.0
2022-10-31,0.28,0.0
2022-11-01,0.28,0.06
2022-11-02,,
2022-11-03,,
2022-11-04,,
2022-11-05,,
2022-11-06,,
2022-11-07,,
