 Ã¤¼ö ÀÏÀÚ,No,¿¬µµ,¿ù,Á¶»çÈ¸Â÷,¼ö°è¸í,Áß±Ç¿ª¸í,ÃøÁ¤¼Ò¸í,¼ö½É,À½ÀÌ¿Â°è¸éÈ°¼ºÁ¦,À¯·®,¾ÈÆ¼¸ó,ºñ¼Ò,¹Ù·ý,º¥Á¨,»ý¹°È­ÇÐÀû»ê¼Ò¿ä±¸·®,»ç¿°È­Åº¼Ò,Ä«µå¹Å,Å¬·Î·ÎÆ÷¸§,¿°¼ÒÀÌ¿Â,Å¬·Î·ÎÇÊ,½Ã¾È,È­ÇÐÀû»ê¼Ò¿ä±¸·®,»öµµ,Å©·Ò,°¡Å©·Ò,±¸¸®,´ÙÀÌÅ¬·Î·Î¿¡Åº,´ÙÀÌÅ¬·Î·Î¸ÞÅº,´ÙÀÌ¿¡Æ¿Çí½ÇÇÁÅ»·¹ÀÌÆ®,´ÙÀÌ¿Á¼¼ÀÎ,¿ëÁ¸»ê¼Ò,¿ëÁ¸ÃÑÁú¼Ò,¿ëÁ¸ÃÑÀÎ,Àü±âÀüµµµµ,ºÐ¿ø¼º´ëÀå±Õ±º,¿ëÇØ¼ºÃ¶,ºÒ¼Ò,Çí»çÅ¬·Î·Îº¥Á¨,Æ÷¸§¾Ëµ¥È÷µå,¼öÀº,¿ëÇØ¼º¸Á°£,¾Ï¸ð´Ï¾Æ¼ºÁú¼Ò,³ë¸»Çí»êÃßÃâ¹°Áú,´ÏÄÌ,Áú»ê¼ºÁú¼Ò,À¯±âÀÎ,³³,Æú¸®Å¬·Î¸®³×ÀÌÆ¼µåºñÆä´Ò,Å×Æ®¶óÅ¬·Î·Î¿¡Æ¿·»,¼ö¼ÒÀÌ¿Â³óµµ,Æä³î·ù,ÀÎ»ê¿°ÀÎ,¼¿·¹´½,ºÎÀ¯¹°Áú,Æ®¸®Å¬·Î·Î¿¡Æ¿·»,ÃÑ´ëÀå±Õ±º,¼ö¿Â,ÃÑÁú¼Ò,ÃÑÀ¯±âÅº¼Ò,ÃÑÀÎ,Åõ¸íµµ,¾Æ¿¬
2011-01-04,93,2011,1,1È¸Â÷ »óÃþºÎ,³«µ¿°­,³²°­´ï,³²°­´ï2,1.0,,,,,,,0.7,,,,0.0,3.8,,2.2,,,,,,,0,,11.1,1.026,0.013,97.0,0,,,,,,,0.094,,,0.791,,,,,8.2,0.000,0.000,,1.6,,0.0,4.0,1.051,,0.015,3.0,
2011-01-04,203,2011,1,1È¸Â÷ ÁßÃþºÎ,³«µ¿°­,³²°­´ï,³²°­´ï2,5.0,,,,,,,0.9,,,,0.0,,,2.3,,,,,,,0,,10.9,1.042,0.014,99.0,0,,,,,,,0.085,,,0.783,,,,,8.0,0.000,0.000,,2.0,,0.0,4.0,1.077,,0.016,,
2011-01-04,304,2011,1,1È¸Â÷ ÇÏÃþºÎ,³«µ¿°­,³²°­´ï,³²°­´ï2,9.0,,,,,,,0.9,,,,0.0,,,2.2,,,,,,,0,,10.9,1.082,0.014,98.0,0,,,,,,,0.094,,,0.754,,,,,7.8,0.000,0.000,,2.0,,0.0,4.0,1.152,,0.017,,
2011-02-07,535,2011,2,1È¸Â÷ »óÃþºÎ,³«µ¿°­,³²°­´ï,³²°­´ï2,1.0,,,,,,,0.5,,,,0.0,2.6,,3.0,,,,,,,0,,9.8,1.318,0.004,131.0,0,,,,,,,0.050,,,1.192,,,,,8.0,0.000,0.002,,1.8,,0.0,4.0,1.37,,0.010,2.8,
2011-02-07,639,2011,2,1È¸Â÷ ÁßÃþºÎ,³«µ¿°­,³²°­´ï,³²°­´ï2,5.0,,,,,,,0.6,,,,0.0,,,2.0,,,,,,,0,,9.5,1.3,0.004,140.0,0,,,,,,,0.080,,,1.212,,,,,8.1,0.000,0.004,,1.6,,0.0,4.0,1.342,,0.010,,
2011-02-07,734,2011,2,1È¸Â÷ ÇÏÃþºÎ,³«µ¿°­,³²°­´ï,³²°­´ï2,9.0,,,,,,,1.1,,,,0.0,,,3.0,,,,,,,0,,9.2,1.388,0.009,151.0,0,,,,,,,0.060,,,1.318,,,,,8.0,0.000,0.008,,1.2,,0.0,4.0,1.4,,0.020,,
2011-03-02,915,2011,3,1È¸Â÷ »óÃþºÎ,³«µ¿°­,³²°­´ï,³²°­´ï2,1.0,0.00,,,0.00000,,0.0000,0.9,0.0000,0.00000,0.001,0.0,4.1,0.00,2.0,,,0.000,,0.0000,0.0000,0,,9.7,1.517,0.006,127.0,0,,,,,0.0000000,,0.020,,,1.178,,0.00000,,0.000,8.0,0.000,0.000,,2.6,0.000,0.0,6.0,1.634,,0.010,2.7,
2011-03-02,1039,2011,3,1È¸Â÷ ÁßÃþºÎ,³«µ¿°­,³²°­´ï,³²°­´ï2,5.0,0.00,,,0.00000,,0.0000,1.0,0.0000,0.00000,0.000,0.0,,0.00,2.0,,,0.000,,0.0000,0.0000,0,,9.8,1.431,0.004,131.0,0,,,,,0.0000000,,0.010,,,1.263,,0.00000,,0.000,8.0,0.000,0.000,,2.8,0.000,0.0,6.0,1.592,,0.010,,
2011-03-02,1152,2011,3,1È¸Â÷ ÇÏÃþºÎ,³«µ¿°­,³²°­´ï,³²°­´ï2,9.0,0.00,,,0.00000,,0.0000,1.1,0.0000,0.00000,0.001,0.0,,0.00,2.0,,,0.000,,0.0000,0.0000,0,,9.2,1.344,0.004,131.0,0,,,,,0.0000000,,0.010,,,1.218,,0.00000,,0.000,7.9,0.000,0.000,,2.4,0.000,0.0,6.0,1.709,,0.000,,
2011-04-04,1395,2011,4,1È¸Â÷ »óÃþºÎ,³«µ¿°­,³²°­´ï,³²°­´ï2,1.0,,,,,,,0.5,,,,0.0,4.2,,2.0,,,,,,,0,,8.6,1.65,0.006,140.0,0,,,,,,,0.030,,,1.473,,,,,7.7,0.000,0.000,,2.0,,0.0,11.0,1.719,,0.010,2.4,
2011-04-04,1528,2011,4,1È¸Â÷ ÁßÃþºÎ,³«µ¿°­,³²°­´ï,³²°­´ï2,4.0,,,,,,,0.6,,,,0.0,,,2.0,,,,,,,0,,8.8,1.593,0.003,139.0,0,,,,,,,0.010,,,1.269,,,,,7.5,0.000,0.000,,2.0,,0.0,10.0,1.668,,0.010,,
2011-04-04,1651,2011,4,1È¸Â÷ ÇÏÃþºÎ,³«µ¿°­,³²°­´ï,³²°­´ï2,7.0,,,,,,,0.6,,,,0.0,,,2.0,,,,,,,0,,9.0,1.544,0.004,139.0,0,,,,,,,0.020,,,1.491,,,,,7.4,0.000,0.002,,1.4,,0.0,10.0,1.659,,0.010,,
2011-05-02,1864,2011,5,1È¸Â÷ »óÃþºÎ,³«µ¿°­,³²°­´ï,³²°­´ï2,1.0,,,,,,,1.0,,,,0.0,3.4,,3.4,,,,,,,0,,7.4,1.337,0.006,97.0,0,,,,,,,0.004,,,1.174,,,,,7.4,0.000,0.002,,6.8,,2.0,17.0,1.554,,0.028,2.1,
2011-05-02,1995,2011,5,1È¸Â÷ ÁßÃþºÎ,³«µ¿°­,³²°­´ï,³²°­´ï2,3.0,,,,,,,1.0,,,,0.0,,,3.5,,,,,,,0,,7.4,1.349,0.012,101.0,0,,,,,,,0.007,,,1.174,,,,,7.4,0.000,0.000,,6.4,,4.0,17.0,1.569,,0.029,,
2011-05-02,2116,2011,5,1È¸Â÷ ÇÏÃþºÎ,³«µ¿°­,³²°­´ï,³²°­´ï2,6.0,,,,,,,0.9,,,,0.0,,,3.0,,,,,,,0,,7.2,1.371,0.009,102.0,0,,,,,,,0.010,,,1.174,,,,,7.2,0.000,0.000,,16.4,,4.0,16.0,1.595,,0.028,,
2011-06-01,2354,2011,6,1È¸Â÷ »óÃþºÎ,³«µ¿°­,³²°­´ï,³²°­´ï2,1.0,0.00,,,0.00000,,,0.8,,0.00000,,0.0,10.4,0.00,2.7,,,0.000,,,,0,,6.9,1.105,0.005,62.0,0,,,,,0.0000000,,0.049,,,0.663,,0.00000,,,7.5,0.000,0.000,,2.8,,0.0,21.0,1.345,,0.019,2.1,
2011-06-01,2486,2011,6,1È¸Â÷ ÁßÃþºÎ,³«µ¿°­,³²°­´ï,³²°­´ï2,5.0,0.00,,,0.00000,,,0.9,,0.00000,,0.0,,0.00,2.7,,,0.000,,,,0,,6.9,1.062,0.006,71.0,0,,,,,0.0000000,,0.025,,,0.604,,0.00000,,,7.2,0.000,0.000,,3.4,,0.0,20.0,1.22,,0.018,,
2011-06-01,2607,2011,6,1È¸Â÷ ÇÏÃþºÎ,³«µ¿°­,³²°­´ï,³²°­´ï2,7.0,0.00,,,0.00000,,,0.7,,0.00000,,0.0,,0.00,2.9,,,0.000,,,,0,,6.0,1.043,0.003,64.0,0,,,,,0.0000000,,0.022,,,0.598,,0.00000,,,6.3,0.000,0.000,,10.4,,20.0,16.0,1.116,,0.017,,
2011-07-04,2851,2011,7,1È¸Â÷ »óÃþºÎ,³«µ¿°­,³²°­´ï,³²°­´ï2,1.0,,,,,,,0.9,,,,0.0,10.3,,3.1,,,,,,,0,,10.7,0.923,0.012,46.0,3,,,,,,,0.013,,,0.882,0.0000,,0.0000,,8.4,0.000,0.005,,4.4,,30.0,25.0,0.954,,0.018,1.9,
2011-07-04,2983,2011,7,1È¸Â÷ ÁßÃþºÎ,³«µ¿°­,³²°­´ï,³²°­´ï2,3.0,,,,,,,0.9,,,,0.0,,,3.2,,,,,,,0,,11.3,1.083,0.006,45.0,1,,,,,,,0.023,,,0.882,0.0000,,0.0000,,7.8,0.000,0.004,,5.8,,10.0,23.0,1.15,,0.008,,
2011-07-04,3104,2011,7,1È¸Â÷ ÇÏÃþºÎ,³«µ¿°­,³²°­´ï,³²°­´ï2,6.0,,,,,,,0.9,,,,0.0,,,3.2,,,,,,,0,,9.1,1.025,0.008,45.0,3,,,,,,,0.000,,,0.972,0.0000,,0.0000,,7.1,0.000,0.005,,6.6,,14.0,19.0,1.035,,0.009,,
2011-08-03,3375,2011,8,1È¸Â÷ »óÃþºÎ,³«µ¿°­,³²°­´ï,³²°­´ï2,1.0,,,,,,,0.7,,,,0.0,9.0,,2.1,,,,,,,0,,7.3,0.763,0.006,56.0,0,,,,,,,0.000,,,0.719,,,,,7.0,0.000,0.000,,1.0,,300.0,27.0,0.796,,0.013,1.6,
2011-08-03,3506,2011,8,1È¸Â÷ ÁßÃþºÎ,³«µ¿°­,³²°­´ï,³²°­´ï2,4.0,,,,,,,0.7,,,,0.0,,,2.7,,,,,,,0,,6.9,0.905,0.012,51.0,20,,,,,,,0.000,,,0.753,,,,,6.7,0.000,0.000,,22.8,,900.0,24.0,0.936,,0.031,,
2011-08-03,3626,2011,8,1È¸Â÷ ÇÏÃþºÎ,³«µ¿°­,³²°­´ï,³²°­´ï2,6.0,,,,,,,0.8,,,,0.0,,,2.0,,,,,,,0,,4.4,0.866,0.006,41.0,12,,,,,,,0.000,,,0.747,,,,,6.4,0.000,0.000,,8.2,,500.0,22.0,0.955,,0.021,,
2011-09-07,3937,2011,9,1È¸Â÷ »óÃþºÎ,³«µ¿°­,³²°­´ï,³²°­´ï2,39.3,0.00,,,0.00000,,0.0000,1.4,0.0000,0.00000,0.000,0.0,5.1,0.00,3.0,,,0.000,,0.0000,0.0000,0,,8.7,0.77,0.006,64.0,1,,,,,0.0000000,,0.033,,,0.714,,0.00000,,0.000,7.6,0.000,0.000,,2.2,0.000,200.0,27.0,0.797,,0.017,1.9,
2011-09-07,4065,2011,9,1È¸Â÷ ÁßÃþºÎ,³«µ¿°­,³²°­´ï,³²°­´ï2,,0.00,,,0.00000,,0.0000,1.4,0.0000,0.00000,0.000,0.0,,0.00,3.2,,,0.000,,0.0000,0.0000,0,,8.1,0.717,0.006,63.0,1,,,,,0.0000000,,0.036,,,0.643,,0.00000,,0.000,7.6,0.000,0.000,,2.8,0.000,58.0,27.0,0.843,,0.015,,
2011-09-07,4189,2011,9,1È¸Â÷ ÇÏÃþºÎ,³«µ¿°­,³²°­´ï,³²°­´ï2,,0.00,,,0.00000,,0.0000,1.4,0.0000,0.00000,0.000,0.0,,0.00,3.0,,,0.000,,0.0000,0.0000,0,,6.5,0.787,0.006,65.0,2,,,,,0.0000000,,0.031,,,0.627,,0.00000,,0.000,7.4,0.000,0.000,,2.6,0.000,84.0,24.0,0.862,,0.021,,
2011-10-04,4401,2011,10,1È¸Â÷ »óÃþºÎ,³«µ¿°­,³²°­´ï,³²°­´ï2,1.0,,,,,,,0.6,,,,0.0,5.7,,2.6,,,,,,,0,,10.0,0.759,0.007,93.0,0,,,,,,,0.031,,,0.507,,,,,7.5,0.000,0.000,,1.6,,30.0,21.0,0.832,,0.013,2.1,
2011-10-04,4530,2011,10,1È¸Â÷ ÁßÃþºÎ,³«µ¿°­,³²°­´ï,³²°­´ï2,4.0,,,,,,,0.9,,,,0.0,,,2.6,,,,,,,0,,9.8,0.666,0.005,92.0,1,,,,,,,0.018,,,0.509,,,,,7.5,0.000,0.000,,3.4,,400.0,21.0,0.716,,0.009,,
2011-10-04,4651,2011,10,1È¸Â÷ ÇÏÃþºÎ,³«µ¿°­,³²°­´ï,³²°­´ï2,8.0,,,,,,,0.8,,,,0.0,,,2.6,,,,,,,0,,8.5,0.701,0.012,91.0,0,,,,,,,0.000,,,0.524,,,,,7.6,0.000,0.000,,3.2,,700.0,21.0,0.749,,0.016,,
2011-11-08,4973,2011,11,1È¸Â÷ »óÃþºÎ,³«µ¿°­,³²°­´ï,³²°­´ï2,1.0,,,,,,,0.7,,,,0.0,5.7,,2.5,,,,,,,0,,10.1,0.974,0.002,85.0,2,,,,,,,0.034,,,0.325,,,,,7.1,0.000,0.000,,0.8,,210.0,19.0,1.067,,0.004,2.1,
2011-11-08,5101,2011,11,1È¸Â÷ ÁßÃþºÎ,³«µ¿°­,³²°­´ï,³²°­´ï2,5.0,,,,,,,0.7,,,,0.0,,,2.2,,,,,,,0,,10.4,0.954,0.002,86.0,5,,,,,,,0.030,,,0.321,,,,,7.1,0.000,0.000,,0.8,,80.0,18.0,1.04,,0.003,,
2011-11-08,5221,2011,11,1È¸Â÷ ÇÏÃþºÎ,³«µ¿°­,³²°­´ï,³²°­´ï2,10.0,,,,,,,0.6,,,,0.0,,,2.7,,,,,,,0,,3.5,0.85,0.009,93.0,0,,,,,,,0.038,,,0.317,,,,,7.0,0.000,0.006,,0.8,,230.0,17.0,0.908,,0.015,,
2011-12-05,5470,2011,12,1È¸Â÷ »óÃþºÎ,³«µ¿°­,³²°­´ï,³²°­´ï2,1.0,0.00,,,0.00000,,,0.6,,0.00000,,0.0,4.0,0.00,2.4,,,0.000,,,,0,,12.2,1.095,0.010,83.0,6,,,,,0.0000000,,0.066,,,0.691,,0.00000,,,7.3,0.000,0.006,,2.3,,34.0,11.0,1.186,,0.017,2.3,
2011-12-05,5596,2011,12,1È¸Â÷ ÁßÃþºÎ,³«µ¿°­,³²°­´ï,³²°­´ï2,4.0,0.00,,,0.00000,,,0.4,,0.00000,,0.0,,0.00,2.7,,,0.000,,,,0,,12.2,1.186,0.008,83.0,2,,,,,0.0000000,,0.079,,,0.700,,0.00000,,,7.3,0.000,0.006,,3.2,,21.0,11.0,1.38,,0.016,,
2011-12-05,5715,2011,12,1È¸Â÷ ÇÏÃþºÎ,³«µ¿°­,³²°­´ï,³²°­´ï2,8.0,0.00,,,0.00000,,,0.4,,0.00000,,0.0,,0.00,2.7,,,0.000,,,,0,,12.1,1.167,0.009,83.0,1,,,,,0.0000000,,0.074,,,0.707,,0.00000,,,7.3,0.000,0.006,,3.0,,27.0,11.0,1.295,,0.020,,
2012-01-03,5961,2012,1,1È¸Â÷ »óÃþºÎ,³«µ¿°­,³²°­´ï,³²°­´ï2,1.0,,,,,,,0.5,,,,0.0,1.2,,2.4,,,,,,,0,,14.2,0.758,0.008,102.0,1,,,,,,,0.000,,,0.708,,,,,7.5,0.000,0.003,,2.0,,35.0,5.0,0.801,,0.019,3.0,
2012-01-03,6070,2012,1,1È¸Â÷ ÁßÃþºÎ,³«µ¿°­,³²°­´ï,³²°­´ï2,4.0,,,,,,,0.9,,,,0.0,,,2.4,,,,,,,0,,13.3,0.805,0.011,103.0,0,,,,,,,0.054,,,0.734,,,,,7.4,0.000,0.005,,2.2,,24.0,5.0,0.808,,0.021,,
2012-01-03,6169,2012,1,1È¸Â÷ ÇÏÃþºÎ,³«µ¿°­,³²°­´ï,³²°­´ï2,8.0,,,,,,,1.1,,,,0.0,,,2.2,,,,,,,0,,12.9,0.889,0.012,104.0,0,,,,,,,0.051,,,0.736,,,,,7.4,0.000,0.004,,2.4,,32.0,5.0,0.892,,0.013,,
2012-02-01,6386,2012,2,1È¸Â÷ »óÃþºÎ,³«µ¿°­,³²°­´ï,³²°­´ï2,,,,,,,,0.6,,,,0.0,6.9,,2.5,,,,,,,0,,13.9,1.295,0.008,107.0,0,,,,,,,0.036,,,0.789,,,,,7.6,0.000,0.000,,1.8,,6.0,4.0,1.392,,0.015,2.8,
2012-02-01,6486,2012,2,1È¸Â÷ ÁßÃþºÎ,³«µ¿°­,³²°­´ï,³²°­´ï2,,,,,,,,0.5,,,,0.0,,,2.3,,,,,,,0,,12.6,1.359,0.008,107.0,0,,,,,,,0.015,,,0.795,,,,,7.6,0.000,0.000,,2.2,,7.0,4.0,1.407,,0.015,,
2012-02-01,6579,2012,2,1È¸Â÷ ÇÏÃþºÎ,³«µ¿°­,³²°­´ï,³²°­´ï2,,,,,,,,0.5,,,,0.0,,,2.1,,,,,,,0,,12.5,1.395,0.008,107.0,0,,,,,,,0.036,,,0.806,,,,,7.6,0.000,0.000,,2.0,,9.0,4.0,1.442,,0.017,,
2012-03-05,6798,2012,3,1È¸Â÷ »óÃþºÎ,³«µ¿°­,³²°­´ï,³²°­´ï2,,0.00,,,0.00000,,,0.6,,0.00000,,0.0,6.5,0.00,2.2,,,0.000,,,,0,,12.0,1.702,0.010,114.0,0,,,,,0.0000000,,0.046,,,1.417,,0.00000,,,7.7,0.000,0.006,,1.6,,2.0,6.0,1.779,,0.012,2.0,
2012-03-05,6919,2012,3,1È¸Â÷ ÁßÃþºÎ,³«µ¿°­,³²°­´ï,³²°­´ï2,,0.00,,,0.00000,,,0.5,,0.00000,,0.0,,0.00,2.3,,,0.000,,,,0,,11.8,1.701,0.012,114.0,0,,,,,0.0000000,,0.032,,,1.429,,0.00000,,,7.7,0.000,0.003,,1.8,,3.0,6.0,1.776,,0.017,,
2012-03-05,7032,2012,3,1È¸Â÷ ÇÏÃþºÎ,³«µ¿°­,³²°­´ï,³²°­´ï2,,0.00,,,0.00000,,,0.6,,0.00000,,0.0,,0.00,2.2,,,0.000,,,,0,,11.7,1.693,0.012,114.0,0,,,,,0.0000000,,0.028,,,1.438,,0.00000,,,7.7,0.000,0.002,,1.6,,2.0,6.0,1.776,,0.018,,
2012-04-05,7345,2012,4,1È¸Â÷ »óÃþºÎ,³«µ¿°­,³²°­´ï,³²°­´ï2,,,,,,,,0.4,,,,0.0,1.9,,2.0,,,,,,,0,,10.3,1.44,0.012,93.0,0,,,,,,,0.010,,,1.395,,,,,7.0,0.000,0.008,,3.6,,26.0,11.0,1.51,,0.033,1.4,
2012-04-05,7467,2012,4,1È¸Â÷ ÁßÃþºÎ,³«µ¿°­,³²°­´ï,³²°­´ï2,,,,,,,,0.6,,,,0.0,,,2.1,,,,,,,0,,10.3,1.429,0.013,98.0,2,,,,,,,0.013,,,1.403,,,,,7.0,0.000,0.000,,3.4,,28.0,11.0,1.518,,0.039,,
2012-04-05,7583,2012,4,1È¸Â÷ ÇÏÃþºÎ,³«µ¿°­,³²°­´ï,³²°­´ï2,,,,,,,,0.9,,,,0.0,,,2.5,,,,,,,0,,10.2,1.51,,102.0,23,,,,,,,0.064,,,1.363,,,,,7.0,0.000,0.013,,5.2,,340.0,11.0,1.68,,0.046,,
2012-05-08,7870,2012,5,1È¸Â÷ »óÃþºÎ,³«µ¿°­,³²°­´ï,³²°­´ï2,,,,,,,,0.9,,,,0.0,2.8,,2.3,,,,,,,0,,9.6,1.745,0.011,61.0,1,,,,,,,0.042,,,0.689,,,,,6.8,0.000,0.006,,2.6,,170.0,21.0,1.822,,0.068,2.0,
2012-05-08,7994,2012,5,1È¸Â÷ ÁßÃþºÎ,³«µ¿°­,³²°­´ï,³²°­´ï2,,,,,,,,0.8,,,,0.0,,,2.5,,,,,,,0,,10.7,1.737,0.009,64.0,0,,,,,,,0.044,,,0.681,,,,,6.8,0.000,0.003,,2.4,,36.0,18.0,1.972,,0.033,,
2012-05-08,8110,2012,5,1È¸Â÷ ÇÏÃþºÎ,³«µ¿°­,³²°­´ï,³²°­´ï2,,,,,,,,0.9,,,,0.0,,,2.2,,,,,,,0,,8.3,1.503,0.010,61.0,0,,,,,,,0.060,,,0.685,,,,,6.8,0.000,0.004,,3.2,,24.0,14.0,1.848,,0.019,,
2012-06-04,8340,2012,6,1È¸Â÷ »óÃþºÎ,³«µ¿°­,³²°­´ï,³²°­´ï2,,0.00,,,0.00000,,,1.2,,0.00000,,0.0,4.8,0.00,2.7,,,0.000,,,,0,,9.2,1.122,0.006,66.0,0,,,,,0.0000000,,0.014,,,0.817,,0.00000,,,7.1,0.000,0.000,,1.4,,94.0,24.0,1.229,,0.010,1.6,
2012-06-04,8463,2012,6,1È¸Â÷ ÁßÃþºÎ,³«µ¿°­,³²°­´ï,³²°­´ï2,,0.00,,,0.00000,,,1.1,,0.00000,,0.0,,0.00,2.6,,,0.000,,,,0,,9.4,1.221,0.002,66.0,1,,,,,0.0000000,,0.022,,,0.705,,0.00000,,,7.1,0.000,0.000,,2.8,,150.0,23.0,1.522,,0.005,,
2012-06-04,8577,2012,6,1È¸Â÷ ÇÏÃþºÎ,³«µ¿°­,³²°­´ï,³²°­´ï2,,0.00,,,0.00000,,,1.0,,0.00000,,0.0,,0.00,2.8,,,0.000,,,,0,,6.2,1.098,0.008,65.0,1,,,,,0.0000000,,0.037,,,0.708,,0.00000,,,7.1,0.000,0.002,,5.4,,150.0,18.0,1.381,,0.022,,
2012-07-02,8816,2012,7,1È¸Â÷ »óÃþºÎ,³«µ¿°­,³²°­´ï,³²°­´ï2,,,,,,,,0.9,,,,0.0,6.9,,2.7,,,,,,,0,,8.7,0.431,0.003,87.0,0,,,,,,,0.000,,,0.104,,,,,7.1,0.000,0.000,,0.8,,51.0,26.0,0.542,1.9,0.014,1.4,
2012-07-02,8945,2012,7,1È¸Â÷ ÁßÃþºÎ,³«µ¿°­,³²°­´ï,³²°­´ï2,,,,,,,,0.9,,,,0.0,,,2.7,,,,,,,0,,10.8,0.291,0.007,88.0,0,,,,,,,0.022,,,0.104,,,,,7.1,0.000,0.006,,2.2,,140.0,25.0,0.515,2.1,0.016,,
2012-07-02,9062,2012,7,1È¸Â÷ ÇÏÃþºÎ,³«µ¿°­,³²°­´ï,³²°­´ï2,,,,,,,,1.0,,,,0.0,,,3.2,,,,,,,0,,4.3,0.498,0.017,97.0,0,,,,,,,0.012,,,0.141,,,,,7.0,0.000,0.006,,4.8,,130.0,22.0,0.552,2.1,0.027,,
2012-08-01,9332,2012,8,1È¸Â÷ »óÃþºÎ,³«µ¿°­,³²°­´ï,³²°­´ï2,,,,,,,,0.7,,,,0.0,5.1,,3.3,,,,,,,0,,13.1,1.023,0.008,64.0,0,,,,,,,0.020,,,0.792,,,,,7.0,0.000,0.000,,1.6,,26.0,32.0,1.109,1.1,0.020,1.4,
2012-08-01,9460,2012,8,1È¸Â÷ ÁßÃþºÎ,³«µ¿°­,³²°­´ï,³²°­´ï2,,,,,,,,0.7,,,,0.0,,,3.1,,,,,,,0,,15.7,1.14,0.008,58.0,0,,,,,,,0.044,,,0.960,,,,,7.0,0.000,0.000,,4.6,,110.0,26.0,1.275,1.3,0.020,,
2012-08-01,9576,2012,8,1È¸Â÷ ÇÏÃþºÎ,³«µ¿°­,³²°­´ï,³²°­´ï2,,,,,,,,0.7,,,,0.0,,,3.0,,,,,,,0,,6.4,1.006,0.004,46.0,0,,,,,,,0.046,,,0.958,,,,,6.9,0.000,0.000,,1.6,,160.0,22.0,1.167,1.5,0.015,,
2012-09-05,9910,2012,9,1È¸Â÷ »óÃþºÎ,³«µ¿°­,³²°­´ï,³²°­´ï2,,0.00,,,0.00000,,0.0000,0.7,0.0000,0.00000,0.000,0.0,6.4,0.00,2.5,,,0.000,,0.0000,0.0000,0,,13.0,1.581,0.026,37.0,5,,,,,0.0000000,,0.037,,,0.838,,0.00000,,0.000,6.5,0.000,0.016,,5.8,0.000,170.0,25.0,1.701,1.8,0.036,1.1,
2012-09-05,10035,2012,9,1È¸Â÷ ÁßÃþºÎ,³«µ¿°­,³²°­´ï,³²°­´ï2,,0.00,,,0.00000,,0.0000,0.7,0.0000,0.00000,0.000,0.0,,0.00,2.8,,,0.000,,0.0000,0.0000,0,,13.8,1.581,0.011,44.0,68,,,,,0.0000000,,0.013,,,0.888,,0.00000,,0.000,6.5,0.000,0.004,,8.4,0.000,570.0,22.0,1.704,1.7,0.026,,
2012-09-05,10153,2012,9,1È¸Â÷ ÇÏÃþºÎ,³«µ¿°­,³²°­´ï,³²°­´ï2,,0.00,,,0.00000,,0.0000,0.7,0.0000,0.00000,0.000,0.0,,0.00,2.8,,,0.000,,0.0000,0.0000,0,,11.0,1.492,0.030,43.0,56,,,,,0.0000000,,0.000,,,0.981,,0.00000,,0.000,6.5,0.000,0.014,,9.2,0.000,430.0,21.0,1.74,1.7,0.034,,
2012-10-08,10434,2012,10,1È¸Â÷ »óÃþºÎ,³«µ¿°­,³²°­´ï,³²°­´ï2,,,,,,,,0.8,,,,0.0,7.4,,2.7,,,,,,,0,,7.5,1.407,0.010,74.0,0,,,,,,,0.013,,,0.986,,,,,7.0,0.000,0.004,,1.6,,85.0,18.0,1.553,1.4,0.022,0.8,
2012-10-08,10557,2012,10,1È¸Â÷ ÁßÃþºÎ,³«µ¿°­,³²°­´ï,³²°­´ï2,,,,,,,,0.8,,,,0.0,,,2.7,,,,,,,0,,7.4,1.368,0.012,71.0,0,,,,,,,0.019,,,1.022,,,,,6.8,0.000,0.003,,2.2,,220.0,17.0,1.523,1.4,0.024,,
2012-10-08,10676,2012,10,1È¸Â÷ ÇÏÃþºÎ,³«µ¿°­,³²°­´ï,³²°­´ï2,,,,,,,,0.7,,,,0.0,,,2.8,,,,,,,0,,7.3,1.449,0.010,78.0,84,,,,,,,0.022,,,1.025,,,,,6.7,0.000,0.003,,2.0,,430.0,17.0,1.515,1.4,0.024,,
2012-11-07,10949,2012,11,1È¸Â÷ »óÃþºÎ,³«µ¿°­,³²°­´ï,³²°­´ï2,1.0,,,,,,,1.1,,,,0.0,7.0,,2.5,,,,,,,0,,8.3,1.368,0.013,86.0,0,,,,,,,0.028,,,0.578,,,,,7.3,0.000,0.000,,2.0,,50.0,16.0,1.565,1.4,0.021,1.2,
2012-11-07,11075,2012,11,1È¸Â÷ ÁßÃþºÎ,³«µ¿°­,³²°­´ï,³²°­´ï2,4.0,,,,,,,1.1,,,,0.0,,,2.4,,,,,,,0,,8.0,1.365,0.011,89.0,0,,,,,,,0.040,,,0.581,,,,,7.2,0.000,0.002,,3.2,,77.0,16.0,1.507,1.5,0.018,,
2012-11-07,11194,2012,11,1È¸Â÷ ÇÏÃþºÎ,³«µ¿°­,³²°­´ï,³²°­´ï2,7.0,,,,,,,1.1,,,,0.0,,,2.3,,,,,,,0,,7.8,1.357,0.008,92.0,0,,,,,,,0.041,,,0.579,,,,,7.0,0.000,0.002,,3.2,,240.0,17.0,1.496,1.5,0.033,,
2012-12-03,11401,2012,12,1È¸Â÷ »óÃþºÎ,³«µ¿°­,³²°­´ï,³²°­´ï2,1.0,0.00,,,0.00000,,,0.7,,0.00000,,0.0,5.1,0.00,2.4,,,0.000,,,,0,,13.0,1.331,0.009,82.0,2,,,,,0.0000000,,0.026,,,0.685,,0.00000,,,7.0,0.000,0.000,,3.4,,46.0,9.0,1.44,1.3,0.021,1.3,
2012-12-03,11531,2012,12,1È¸Â÷ ÁßÃþºÎ,³«µ¿°­,³²°­´ï,³²°­´ï2,4.0,0.00,,,0.00000,,,0.7,,0.00000,,0.0,,0.00,2.2,,,0.000,,,,0,,11.6,1.37,0.006,82.0,5,,,,,0.0000000,,0.032,,,0.672,,0.00000,,,7.0,0.000,0.000,,3.2,,59.0,9.0,1.493,1.3,0.023,,
2012-12-03,11652,2012,12,1È¸Â÷ ÇÏÃþºÎ,³«µ¿°­,³²°­´ï,³²°­´ï2,8.0,0.00,,,0.00000,,,0.7,,0.00000,,0.0,,0.00,2.2,,,0.000,,,,0,,11.4,1.333,0.007,82.0,3,,,,,0.0000000,,0.023,,,0.673,,0.00000,,,7.0,0.000,0.000,,3.6,,100.0,9.0,1.435,1.3,0.022,,
2013-01-21,12027,2013,1,1È¸Â÷ »óÃþºÎ,³«µ¿°­,³²°­´ï,³²°­´ï2,1.0,,,,,,,1.1,,,,0.0,6.2,,2.6,,,,,,,0,,12.6,1.302,0.015,98.0,6,,,,,,,0.038,,,1.416,,,,,7.4,0.000,0.005,,2.1,,110.0,3.0,1.476,1.2,0.018,1.8,
2013-01-21,12141,2013,1,1È¸Â÷ ÁßÃþºÎ,³«µ¿°­,³²°­´ï,³²°­´ï2,4.0,,,,,,,1.0,,,,0.0,,,2.5,,,,,,,0,,12.4,1.421,0.014,100.0,5,,,,,,,0.041,,,1.416,,,,,7.5,0.000,0.004,,2.0,,90.0,3.0,1.492,1.2,0.017,,
2013-01-21,12255,2013,1,1È¸Â÷ ÇÏÃþºÎ,³«µ¿°­,³²°­´ï,³²°­´ï2,8.0,,,,,,,1.0,,,,0.0,,,2.4,,,,,,,0,,12.3,1.429,0.015,102.0,3,,,,,,,0.040,,,1.419,,,,,7.5,0.000,0.004,,2.0,,105.0,4.0,1.509,1.2,0.018,,
2013-02-21,12539,2013,2,1È¸Â÷ »óÃþºÎ,³«µ¿°­,³²°­´ï,³²°­´ï2,1.0,,,,,,,1.0,,,,0.0,4.0,,2.6,,,,,,,0,,14.2,1.621,0.021,78.0,256,,,,,,,0.034,,,1.537,,,,,7.0,0.000,0.015,,2.8,,159.0,4.0,1.886,0.8,0.024,1.3,
2013-02-21,12655,2013,2,1È¸Â÷ ÁßÃþºÎ,³«µ¿°­,³²°­´ï,³²°­´ï2,3.0,,,,,,,0.9,,,,0.0,,,2.7,,,,,,,0,,13.6,1.628,0.019,73.0,243,,,,,,,0.029,,,1.543,,,,,7.0,0.000,0.014,,3.0,,146.0,4.0,1.829,0.9,0.022,,
2013-02-21,12768,2013,2,1È¸Â÷ ÇÏÃþºÎ,³«µ¿°­,³²°­´ï,³²°­´ï2,8.0,,,,,,,0.8,,,,0.0,,,2.5,,,,,,,0,,13.1,1.622,0.020,70.0,241,,,,,,,0.031,,,1.637,,,,,6.9,0.000,0.016,,2.9,,109.0,4.0,1.846,0.9,0.023,,
2013-03-18,13025,2013,3,1È¸Â÷ »óÃþºÎ,³«µ¿°­,³²°­´ï,³²°­´ï2,1.0,0.00,,,0.00000,,0.0000,0.7,0.0000,0.00000,0.000,0.0,5.8,0.00,2.4,,,0.000,,0.0000,0.0000,0,,13.5,1.867,0.017,81.0,40,,,,,0.0000000,,0.028,,,1.719,,0.00000,,0.000,7.0,0.000,0.014,,2.2,0.000,210.0,10.0,1.902,1.1,0.021,1.8,
2013-03-18,13146,2013,3,1È¸Â÷ ÁßÃþºÎ,³«µ¿°­,³²°­´ï,³²°­´ï2,4.0,0.00,,,0.00000,,0.0000,0.8,0.0000,0.00000,0.000,0.0,,0.00,2.5,,,0.000,,0.0000,0.0000,0,,13.3,1.855,0.019,83.0,45,,,,,0.0000000,,0.029,,,1.716,,0.00000,,0.000,7.0,0.000,0.015,,2.3,0.000,230.0,10.0,1.898,1.1,0.022,,
2013-03-18,13263,2013,3,1È¸Â÷ ÇÏÃþºÎ,³«µ¿°­,³²°­´ï,³²°­´ï2,8.0,0.00,,,0.00000,,0.0000,0.8,0.0000,0.00000,0.000,0.0,,0.00,2.5,,,0.000,,0.0000,0.0000,0,,12.8,1.859,0.020,90.0,90,,,,,0.0000000,,0.027,,,1.712,,0.00000,,0.000,7.0,0.000,0.015,,2.4,0.000,160.0,8.0,1.892,1.3,0.022,,
2013-04-10,13514,2013,4,1È¸Â÷ »óÃþºÎ,³«µ¿°­,³²°­´ï,³²°­´ï2,1.0,,,,,,,0.9,,,,0.0,6.4,,2.2,,,,,,,0,,11.6,1.281,0.019,86.0,120,,,,,,,0.031,,,1.232,,,,,7.0,0.000,0.012,,2.2,,200.0,13.0,1.296,1.1,0.026,1.7,
2013-04-10,13637,2013,4,1È¸Â÷ ÁßÃþºÎ,³«µ¿°­,³²°­´ï,³²°­´ï2,3.0,,,,,,,0.8,,,,0.0,,,2.3,,,,,,,0,,11.3,1.278,0.022,85.0,20,,,,,,,0.031,,,1.255,,,,,7.0,0.000,0.012,,2.1,,40.0,13.0,1.287,1.2,0.024,,
2013-04-10,13756,2013,4,1È¸Â÷ ÇÏÃþºÎ,³«µ¿°­,³²°­´ï,³²°­´ï2,6.0,,,,,,,1.0,,,,0.0,,,2.2,,,,,,,0,,11.1,1.284,0.021,85.0,40,,,,,,,0.036,,,1.228,,,,,7.0,0.000,0.014,,2.0,,60.0,13.0,1.293,1.2,0.025,,
2013-05-09,14008,2013,5,1È¸Â÷ »óÃþºÎ,³«µ¿°­,³²°­´ï,³²°­´ï2,1.0,,,,,,,0.8,,,,0.0,5.7,,2.2,,,,,,,0,,11.2,1.026,0.020,85.0,20,,,,,,,0.029,,,1.001,,,,,7.5,0.000,0.008,,2.0,,390.0,19.0,1.046,1.4,0.022,1.7,
2013-05-09,14128,2013,5,1È¸Â÷ ÁßÃþºÎ,³«µ¿°­,³²°­´ï,³²°­´ï2,4.0,,,,,,,0.9,,,,0.0,,,2.1,,,,,,,0,,10.8,1.032,0.018,88.0,40,,,,,,,0.032,,,0.990,,,,,7.6,0.000,0.009,,2.2,,200.0,18.0,1.052,1.4,0.021,,
2013-05-09,14246,2013,5,1È¸Â÷ ÇÏÃþºÎ,³«µ¿°­,³²°­´ï,³²°­´ï2,8.0,,,,,,,0.9,,,,0.0,,,2.3,,,,,,,0,,9.6,1.022,0.019,86.0,90,,,,,,,0.031,,,1.054,,,,,7.5,0.000,0.009,,2.0,,180.0,16.0,1.056,1.5,0.023,,
2013-06-04,14469,2013,6,1È¸Â÷ »óÃþºÎ,³«µ¿°­,³²°­´ï,³²°­´ï2,1.0,0.00,,,0.00000,,,1.1,,0.00000,,0.0,8.8,0.00,2.4,,,0.000,,,,0,,11.2,1.084,0.007,96.0,40,,,,,0.0000000,,0.024,,,0.744,,0.00000,,,8.8,0.000,0.000,,2.4,,210.0,24.0,1.232,1.6,0.011,2.0,
2013-06-04,14595,2013,6,1È¸Â÷ ÁßÃþºÎ,³«µ¿°­,³²°­´ï,³²°­´ï2,4.0,0.00,,,0.00000,,,1.2,,0.00000,,0.0,,0.00,2.6,,,0.000,,,,0,,9.8,1.092,0.009,78.0,90,,,,,0.0000000,,0.027,,,0.743,,0.00000,,,8.7,0.000,0.004,,2.6,,120.0,22.0,1.241,1.6,0.014,,
2013-06-04,14712,2013,6,1È¸Â÷ ÇÏÃþºÎ,³«µ¿°­,³²°­´ï,³²°­´ï2,8.0,0.00,,,0.00000,,,1.3,,0.00000,,0.0,,0.00,2.6,,,0.000,,,,0,,9.0,1.116,0.014,56.0,240,,,,,0.0000000,,0.032,,,1.093,,0.00000,,,8.4,0.000,0.009,,2.8,,360.0,19.0,1.335,2.1,0.019,,
2013-07-10,15015,2013,7,1È¸Â÷ »óÃþºÎ,³«µ¿°­,³²°­´ï,³²°­´ï2,1.0,,,,,,,1.0,,,,0.0,5.8,,3.0,,,,,,,0,,8.5,1.056,0.021,76.0,320,,,,,,,0.038,,,0.743,,,,,8.0,0.000,0.011,,14.0,,690.0,25.0,1.496,1.7,0.035,1.0,
2013-07-10,15137,2013,7,1È¸Â÷ ÁßÃþºÎ,³«µ¿°­,³²°­´ï,³²°­´ï2,4.0,,,,,,,1.2,,,,0.0,,,2.8,,,,,,,0,,8.6,1.095,0.023,74.0,260,,,,,,,0.036,,,0.786,,,,,8.1,0.000,0.012,,13.8,,420.0,25.0,1.511,1.9,0.036,,
2013-07-10,15254,2013,7,1È¸Â÷ ÇÏÃþºÎ,³«µ¿°­,³²°­´ï,³²°­´ï2,7.0,,,,,,,1.1,,,,0.0,,,3.2,,,,,,,0,,7.9,1.112,0.025,71.0,330,,,,,,,0.041,,,1.194,,,,,7.9,0.000,0.015,,18.2,,540.0,24.0,1.519,3.0,0.038,,
2013-08-06,15504,2013,8,1È¸Â÷ »óÃþºÎ,³«µ¿°­,³²°­´ï,³²°­´ï2,1.0,,,,,,,1.7,,,,0.0,12.2,,3.6,,,,,,,0,,7.3,1.268,0.032,79.0,40,,,,,,,0.021,,,0.380,,,,,8.9,0.000,0.020,,9.3,,340.0,30.0,2.009,2.1,0.040,1.2,
2013-08-06,15627,2013,8,1È¸Â÷ ÁßÃþºÎ,³«µ¿°­,³²°­´ï,³²°­´ï2,4.0,,,,,,,1.6,,,,0.0,,,3.7,,,,,,,0,,6.8,1.259,0.029,79.0,360,,,,,,,0.019,,,0.446,,,,,8.9,0.000,0.016,,9.0,,20.0,29.0,2.018,2.1,0.036,,
2013-08-06,15745,2013,8,1È¸Â÷ ÇÏÃþºÎ,³«µ¿°­,³²°­´ï,³²°­´ï2,7.0,,,,,,,1.8,,,,0.0,,,3.9,,,,,,,0,,0.8,1.262,0.035,93.0,240,,,,,,,0.020,,,0.635,,,,,8.9,0.000,0.024,,8.6,,260.0,27.0,2.001,2.0,0.034,,
2013-09-03,15976,2013,9,1È¸Â÷ »óÃþºÎ,³«µ¿°­,³²°­´ï,³²°­´ï2,1.0,0.00,,0.0000,0.00000,,0.0000,0.7,0.0000,0.00000,0.000,0.0,8.0,0.00,3.8,,,0.000,,0.0000,0.0000,0,0.000,7.8,0.831,0.014,88.0,90,,,,,0.0000000,,0.034,,,0.363,,0.00000,,0.000,8.2,0.000,0.008,,4.6,0.000,160.0,28.0,0.841,2.4,0.019,2.2,
2013-09-03,16102,2013,9,1È¸Â÷ ÁßÃþºÎ,³«µ¿°­,³²°­´ï,³²°­´ï2,4.0,0.00,,0.0000,0.00000,,0.0000,0.8,0.0000,0.00000,0.000,0.0,,0.00,3.8,,,0.000,,0.0000,0.0000,0,0.000,7.8,0.824,0.016,88.0,150,,,,,0.0000000,,0.039,,,0.349,,0.00000,,0.000,8.2,0.000,0.009,,4.0,0.000,120.0,28.0,0.836,2.4,0.022,,
2013-09-03,16219,2013,9,1È¸Â÷ ÇÏÃþºÎ,³«µ¿°­,³²°­´ï,³²°­´ï2,8.0,0.00,,0.0000,0.00000,,0.0000,0.8,0.0000,0.00000,0.000,0.0,,0.00,3.7,,,0.000,,0.0000,0.0000,0,0.000,2.0,0.826,0.018,80.0,80,,,,,0.0000000,,0.042,,,0.599,,0.00000,,0.000,7.7,0.000,0.011,,3.0,0.000,80.0,24.0,0.839,2.2,0.023,,
2013-10-07,16496,2013,10,1È¸Â÷ »óÃþºÎ,³«µ¿°­,³²°­´ï,³²°­´ï2,1.0,,,,,,,0.7,,,,0.0,9.4,,3.0,,,,,,,0,,6.1,0.982,0.006,107.0,40,,,,,,,0.042,,,0.426,,,,,8.1,0.000,0.000,,1.8,,140.0,23.0,1.132,2.6,0.023,1.6,
2013-10-07,16621,2013,10,1È¸Â÷ ÁßÃþºÎ,³«µ¿°­,³²°­´ï,³²°­´ï2,4.0,,,,,,,0.8,,,,0.0,,,3.2,,,,,,,0,,2.4,0.988,0.008,107.0,30,,,,,,,0.040,,,0.441,,,,,8.0,0.000,0.002,,1.6,,80.0,23.0,1.13,2.5,0.025,,
2013-10-07,16740,2013,10,1È¸Â÷ ÇÏÃþºÎ,³«µ¿°­,³²°­´ï,³²°­´ï2,8.0,,,,,,,0.8,,,,0.0,,,2.8,,,,,,,0,,2.0,0.989,0.009,112.0,40,,,,,,,0.045,,,0.432,,,,,7.8,0.000,0.002,,1.6,,60.0,23.0,1.134,2.5,0.024,,
2013-11-08,17020,2013,11,1È¸Â÷ »óÃþºÎ,³«µ¿°­,³²°­´ï,³²°­´ï2,1.0,,,,,,,0.8,,,,0.0,9.2,,3.0,,,,,,,0,,11.8,0.979,0.011,93.0,60,,,,,,,0.015,,,0.601,,,,,7.9,0.000,0.009,,3.0,,150.0,17.0,1.229,2.0,0.022,2.0,
2013-11-08,17143,2013,11,1È¸Â÷ ÁßÃþºÎ,³«µ¿°­,³²°­´ï,³²°­´ï2,4.0,,,,,,,0.7,,,,0.0,,,2.8,,,,,,,0,,11.6,0.982,0.012,97.0,70,,,,,,,0.017,,,0.610,,,,,7.8,0.000,0.010,,2.8,,120.0,17.0,1.211,2.2,0.020,,
2013-11-08,17262,2013,11,1È¸Â÷ ÇÏÃþºÎ,³«µ¿°­,³²°­´ï,³²°­´ï2,8.0,,,,,,,0.7,,,,0.0,,,3.0,,,,,,,0,,10.3,0.976,0.012,89.0,30,,,,,,,0.018,,,0.619,,,,,7.7,0.000,0.011,,2.8,,60.0,17.0,1.202,2.2,0.021,,
2013-12-06,17515,2013,12,1È¸Â÷ »óÃþºÎ,³«µ¿°­,³²°­´ï,³²°­´ï2,1.0,0.00,,0.0000,0.00000,,,1.0,,0.00000,,0.0,8.0,0.00,3.2,,,0.000,,,,0,,11.9,0.922,0.009,99.0,120,,,,,0.0000000,,0.101,,,0.587,,0.00000,,,7.9,0.000,0.007,,3.0,,230.0,10.0,1.234,1.9,0.022,2.0,
2013-12-06,17641,2013,12,1È¸Â÷ ÁßÃþºÎ,³«µ¿°­,³²°­´ï,³²°­´ï2,4.0,0.00,,0.0000,0.00000,,,0.9,,0.00000,,0.0,,0.00,3.0,,,0.000,,,,0,,11.1,0.926,0.011,98.0,30,,,,,0.0000000,,0.106,,,0.577,,0.00000,,,7.8,0.000,0.009,,2.8,,60.0,10.0,1.239,1.9,0.023,,
2013-12-06,17760,2013,12,1È¸Â÷ ÇÏÃþºÎ,³«µ¿°­,³²°­´ï,³²°­´ï2,8.0,0.00,,0.0000,0.00000,,,0.9,,0.00000,,0.0,,0.00,3.4,,,0.000,,,,0,,10.6,0.931,0.013,94.0,150,,,,,0.0000000,,0.111,,,0.575,,0.00000,,,7.8,0.000,0.011,,3.2,,420.0,10.0,1.242,1.9,0.025,,
2014-01-09,18022,2014,1,1È¸Â÷ »óÃþºÎ,³«µ¿°­,³²°­´ï,³²°­´ï2,1.0,,,,,,,0.9,,,,0.0,7.0,,2.6,,,,,,,0,,21.7,1.206,0.007,106.0,0,,,,,,,0.092,,,0.803,,,,,8.4,0.000,0.000,,2.4,,150.0,5.0,1.452,1.7,0.018,2.2,
2014-01-09,18146,2014,1,1È¸Â÷ ÁßÃþºÎ,³«µ¿°­,³²°­´ï,³²°­´ï2,4.0,,,,,,,1.0,,,,0.0,,,2.6,,,,,,,0,,20.5,1.211,0.009,106.0,0,,,,,,,0.094,,,0.799,,,,,8.2,0.000,0.000,,2.6,,180.0,5.0,1.462,1.7,0.019,,
2014-01-09,18265,2014,1,1È¸Â÷ ÇÏÃþºÎ,³«µ¿°­,³²°­´ï,³²°­´ï2,8.0,,,,,,,1.1,,,,0.0,,,2.8,,,,,,,0,,20.3,1.223,0.011,105.0,0,,,,,,,0.096,,,0.922,,,,,8.2,0.000,0.000,,2.6,,210.0,5.0,1.468,1.7,0.021,,
2014-02-07,18517,2014,2,1È¸Â÷ »óÃþºÎ,³«µ¿°­,³²°­´ï,³²°­´ï2,,,,,,,,0.8,,,,0.0,3.0,,2.2,,,,,,,0,,12.4,1.126,0.011,124.0,40,,,,,,,0.066,,,0.702,,,,,7.0,0.000,0.004,,2.2,,60.0,5.0,1.258,1.2,0.014,2.8,
2014-02-07,18641,2014,2,1È¸Â÷ ÁßÃþºÎ,³«µ¿°­,³²°­´ï,³²°­´ï2,,,,,,,,0.7,,,,0.0,,,2.6,,,,,,,0,,12.6,1.152,0.012,125.0,0,,,,,,,0.069,,,0.701,,,,,7.1,0.000,0.001,,2.4,,40.0,5.0,1.269,1.4,0.017,,
2014-02-07,18760,2014,2,1È¸Â÷ ÇÏÃþºÎ,³«µ¿°­,³²°­´ï,³²°­´ï2,,,,,,,,0.9,,,,0.0,,,2.4,,,,,,,0,,12.6,1.143,0.014,126.0,50,,,,,,,0.073,,,0.701,,,,,7.0,0.000,0.003,,2.6,,120.0,5.0,1.279,1.2,0.019,,
2014-03-07,19008,2014,3,1È¸Â÷ »óÃþºÎ,³«µ¿°­,³²°­´ï,³²°­´ï2,1.0,0.00,,0.0000,0.00000,,0.0000,0.8,0.0000,0.00000,0.000,0.0,2.3,0.00,2.2,,,0.000,,0.0000,0.0000,0,0.000,12.6,1.161,0.015,136.0,30,,,,,0.0000000,,0.029,,,1.076,,0.00000,,0.000,7.2,0.000,0.007,,2.4,0.000,80.0,7.0,1.246,1.3,0.018,2.6,
2014-03-07,19128,2014,3,1È¸Â÷ ÁßÃþºÎ,³«µ¿°­,³²°­´ï,³²°­´ï2,4.0,0.00,,0.0000,0.00000,,0.0000,0.7,0.0000,0.00000,0.000,0.0,,0.00,2.4,,,0.000,,0.0000,0.0000,0,0.000,11.8,1.165,0.016,139.0,120,,,,,0.0000000,,0.031,,,1.060,,0.00000,,0.000,7.3,0.000,0.010,,2.2,0.000,150.0,7.0,1.256,1.3,0.019,,
2014-03-07,19243,2014,3,1È¸Â÷ ÇÏÃþºÎ,³«µ¿°­,³²°­´ï,³²°­´ï2,7.0,0.00,,0.0000,0.00000,,0.0000,0.8,0.0000,0.00000,0.000,0.0,,0.00,2.4,,,0.000,,0.0000,0.0000,0,0.000,11.2,1.167,0.017,141.0,40,,,,,0.0000000,,0.033,,,1.053,,0.00000,,0.000,7.3,0.000,0.011,,2.4,0.000,170.0,7.0,1.259,1.3,0.019,,
2014-04-07,19502,2014,4,1È¸Â÷ »óÃþºÎ,³«µ¿°­,³²°­´ï,³²°­´ï2,1.0,,,,,,,1.1,,,,0.0,2.8,,2.8,,,,,,,0,,11.2,1.786,0.025,138.0,120,,,,,,,0.036,,,1.539,,,,,7.2,0.000,0.019,,2.6,,190.0,15.0,1.895,1.3,0.029,2.2,
2014-04-07,19626,2014,4,1È¸Â÷ ÁßÃþºÎ,³«µ¿°­,³²°­´ï,³²°­´ï2,4.0,,,,,,,1.0,,,,0.0,,,2.6,,,,,,,0,,10.9,1.769,0.024,135.0,90,,,,,,,0.032,,,1.549,,,,,7.1,0.000,0.014,,2.8,,110.0,15.0,1.889,1.4,0.027,,
2014-04-07,19743,2014,4,1È¸Â÷ ÇÏÃþºÎ,³«µ¿°­,³²°­´ï,³²°­´ï2,8.0,,,,,,,1.1,,,,0.0,,,2.6,,,,,,,0,,10.7,1.772,0.028,142.0,0,,,,,,,0.034,,,1.516,,,,,7.2,0.000,0.015,,2.4,,30.0,15.0,1.892,1.3,0.031,,
2014-05-13,20027,2014,5,1È¸Â÷ »óÃþºÎ,³«µ¿°­,³²°­´ï,³²°­´ï2,1.0,,,,,,,1.1,,,,0.0,3.2,,2.8,,,,,,,0,,8.0,1.693,0.026,120.0,90,,,,,,,0.043,,,0.811,,,,,8.5,0.000,0.018,,5.2,,160.0,20.0,1.832,1.6,0.031,1.2,
2014-05-13,20149,2014,5,1È¸Â÷ ÁßÃþºÎ,³«µ¿°­,³²°­´ï,³²°­´ï2,4.0,,,,,,,1.2,,,,0.0,,,2.8,,,,,,,0,,8.2,1.669,0.024,119.0,290,,,,,,,0.045,,,0.810,,,,,8.5,0.000,0.019,,5.8,,380.0,19.0,1.806,1.6,0.029,,
2014-05-13,20266,2014,5,1È¸Â÷ ÇÏÃþºÎ,³«µ¿°­,³²°­´ï,³²°­´ï2,7.0,,,,,,,1.2,,,,0.0,,,3.0,,,,,,,0,,5.7,1.671,0.026,130.0,150,,,,,,,0.000,,,0.800,,,,,8.5,0.000,0.022,,6.0,,240.0,15.0,1.814,1.8,0.032,,
2014-06-05,20497,2014,6,1È¸Â÷ »óÃþºÎ,³«µ¿°­,³²°­´ï,³²°­´ï2,1.0,0.00,,0.0000,0.00000,,,1.0,,0.00000,,0.0,4.8,0.00,2.6,,,0.000,,,,0,,13.3,0.896,0.009,83.0,260,,,,,0.0000000,,0.012,,,0.570,,0.00000,,,8.3,0.000,0.006,,3.8,,460.0,23.0,0.994,1.6,0.024,2.5,
2014-06-05,20621,2014,6,1È¸Â÷ ÁßÃþºÎ,³«µ¿°­,³²°­´ï,³²°­´ï2,4.0,0.00,,0.0000,0.00000,,,1.1,,0.00000,,0.0,,0.00,2.8,,,0.000,,,,0,,13.3,0.909,0.011,83.0,80,,,,,0.0000000,,0.016,,,0.589,,0.00000,,,8.3,0.000,0.008,,4.2,,290.0,23.0,1.011,1.6,0.026,,
2014-06-05,20738,2014,6,1È¸Â÷ ÇÏÃþºÎ,³«µ¿°­,³²°­´ï,³²°­´ï2,8.0,0.00,,0.0000,0.00000,,,0.9,,0.00000,,0.0,,0.00,2.6,,,0.000,,,,0,,1.7,0.901,0.010,98.0,30,,,,,0.0000000,,0.018,,,0.571,,0.00000,,,7.5,0.000,0.009,,4.6,,310.0,22.0,0.998,1.6,0.029,,
2014-07-08,21029,2014,7,1È¸Â÷ »óÃþºÎ,³«µ¿°­,³²°­´ï,³²°­´ï2,1.0,,,,,,,1.3,,,,0.0,7.6,,3.6,,,,,,,0,,10.2,0.876,0.009,132.0,350,,,,,,,0.019,,,0.310,0.0000,,0.0000,,8.6,0.000,0.004,,5.8,,580.0,24.0,0.926,2.4,0.025,2.2,
2014-07-08,21149,2014,7,1È¸Â÷ ÁßÃþºÎ,³«µ¿°­,³²°­´ï,³²°­´ï2,4.0,,,,,,,1.5,,,,0.0,,,3.8,,,,,,,0,,10.0,0.866,0.008,146.0,360,,,,,,,0.021,,,0.270,0.0000,,0.0000,,8.5,0.000,0.003,,6.4,,840.0,24.0,0.918,2.5,0.020,,
2014-07-08,21262,2014,7,1È¸Â÷ ÇÏÃþºÎ,³«µ¿°­,³²°­´ï,³²°­´ï2,8.0,,,,,,,1.2,,,,0.0,,,3.6,,,,,,,0,,4.4,0.871,0.008,155.0,220,,,,,,,0.024,,,0.310,0.0000,,0.0000,,7.6,0.000,0.004,,3.6,,340.0,14.0,0.921,2.2,0.021,,
2014-08-11,21555,2014,8,1È¸Â÷ »óÃþºÎ,³«µ¿°­,³²°­´ï,³²°­´ï2,1.0,,,,,,,1.3,,,,0.0,5.1,,3.0,,,,,,,0,,7.9,1.333,0.024,56.0,420,,,,,,,0.034,,,0.660,,,,,7.6,0.000,0.019,,12.2,,510.0,23.0,1.499,3.0,0.029,0.7,
2014-08-11,21675,2014,8,1È¸Â÷ ÁßÃþºÎ,³«µ¿°­,³²°­´ï,³²°­´ï2,4.0,,,,,,,1.4,,,,0.0,,,3.2,,,,,,,0,,7.6,1.339,0.027,59.0,290,,,,,,,0.038,,,0.680,,,,,7.4,0.000,0.022,,13.6,,360.0,23.0,1.483,3.1,0.030,,
2014-08-11,21790,2014,8,1È¸Â÷ ÇÏÃþºÎ,³«µ¿°­,³²°­´ï,³²°­´ï2,8.0,,,,,,,1.3,,,,0.0,,,3.2,,,,,,,0,,7.3,1.341,0.028,62.0,160,,,,,,,0.035,,,0.690,,,,,7.2,0.000,0.021,,13.0,,190.0,22.0,1.492,3.0,0.032,,
2014-09-04,22041,2014,9,1È¸Â÷ »óÃþºÎ,³«µ¿°­,³²°­´ï,³²°­´ï2,1.0,0.00,,0.0000,0.00000,,0.0000,1.2,0.0000,0.00000,0.000,0.0,5.2,0.00,3.2,,,0.000,,0.0000,0.0000,0,0.000,20.8,1.105,0.016,66.0,160,,,,,0.0000000,,0.051,,,0.740,,0.00000,,0.000,9.2,0.000,0.011,,16.2,0.000,260.0,24.0,1.198,2.2,0.018,1.2,
2014-09-04,22167,2014,9,1È¸Â÷ ÁßÃþºÎ,³«µ¿°­,³²°­´ï,³²°­´ï2,4.0,0.00,,0.0000,0.00000,,0.0000,1.4,0.0000,0.00000,0.000,0.0,,0.00,3.3,,,0.000,,0.0000,0.0000,0,0.000,13.2,1.138,0.018,64.0,260,,,,,0.0000000,,0.053,,,0.640,,0.00000,,0.000,8.9,0.000,0.012,,17.6,0.000,340.0,22.0,1.211,2.1,0.020,,
2014-09-04,22287,2014,9,1È¸Â÷ ÇÏÃþºÎ,³«µ¿°­,³²°­´ï,³²°­´ï2,8.0,0.00,,0.0000,0.00000,,0.0000,1.5,0.0000,0.00000,0.000,0.0,,0.00,3.5,,,0.000,,0.0000,0.0000,0,0.000,10.3,1.132,0.017,62.0,340,,,,,0.0000000,,0.051,,,0.690,,0.00000,,0.000,8.2,0.000,0.013,,16.8,0.000,520.0,21.0,1.215,2.0,0.021,,
2014-10-10,22579,2014,10,1È¸Â÷ »óÃþºÎ,³«µ¿°­,³²°­´ï,³²°­´ï2,1.0,,,,,,,1.0,,,,0.0,5.2,,2.8,,,,,,,0,,17.9,1.01,0.019,76.0,410,,,,,,,0.016,,,0.540,,,,,8.4,0.000,0.014,,4.8,,580.0,21.0,1.054,1.7,0.024,2.5,
2014-10-10,22701,2014,10,1È¸Â÷ ÁßÃþºÎ,³«µ¿°­,³²°­´ï,³²°­´ï2,4.0,,,,,,,1.0,,,,0.0,,,3.2,,,,,,,0,,17.8,1.015,0.022,72.0,160,,,,,,,0.019,,,0.550,,,,,8.2,0.000,0.015,,5.2,,350.0,21.0,1.039,1.6,0.026,,
2014-10-10,22818,2014,10,1È¸Â÷ ÇÏÃþºÎ,³«µ¿°­,³²°­´ï,³²°­´ï2,8.0,,,,,,,1.0,,,,0.0,,,3.2,,,,,,,0,,10.6,0.983,0.021,97.0,140,,,,,,,0.022,,,0.550,,,,,7.3,0.000,0.018,,5.6,,220.0,20.0,1.0,1.7,0.027,,
2014-11-07,23077,2014,11,1È¸Â÷ »óÃþºÎ,³«µ¿°­,³²°­´ï,³²°­´ï2,1.0,,,,,,,1.0,,,,0.0,5.9,,3.0,,,,,,,0,,15.4,1.124,0.019,94.0,60,,,,,,,0.017,,,0.600,,,,,8.1,0.000,0.011,,4.2,,180.0,16.0,1.143,1.6,0.024,2.6,
2014-11-07,23195,2014,11,1È¸Â÷ ÁßÃþºÎ,³«µ¿°­,³²°­´ï,³²°­´ï2,4.0,,,,,,,1.2,,,,0.0,,,2.8,,,,,,,0,,15.2,1.116,0.018,94.0,20,,,,,,,0.014,,,0.600,,,,,8.0,0.000,0.009,,4.0,,80.0,16.0,1.129,1.7,0.022,,
2014-11-07,23306,2014,11,1È¸Â÷ ÇÏÃþºÎ,³«µ¿°­,³²°­´ï,³²°­´ï2,8.0,,,,,,,1.0,,,,0.0,,,3.2,,,,,,,0,,14.2,1.122,0.022,97.0,20,,,,,,,0.018,,,0.600,,,,,7.9,0.000,0.012,,4.4,,60.0,16.0,1.135,1.6,0.026,,
2014-12-08,23572,2014,12,1È¸Â÷ »óÃþºÎ,³«µ¿°­,³²°­´ï,³²°­´ï2,1.0,0.00,,0.0000,0.00000,,,0.8,,0.00000,,0.0,4.1,0.00,2.6,,,0.000,,,,0,,20.9,0.994,0.010,88.0,210,,,,,0.0000000,,0.008,,,0.670,,0.00000,,,8.0,0.000,0.005,,2.4,,370.0,9.0,1.135,1.6,0.015,3.2,
2014-12-08,23686,2014,12,1È¸Â÷ ÁßÃþºÎ,³«µ¿°­,³²°­´ï,³²°­´ï2,4.0,0.00,,0.0000,0.00000,,,0.6,,0.00000,,0.0,,0.00,2.4,,,0.000,,,,0,,20.4,0.991,0.009,87.0,180,,,,,0.0000000,,0.009,,,0.670,,0.00000,,,7.9,0.000,0.004,,2.6,,290.0,9.0,1.128,1.5,0.013,,
2014-12-08,23793,2014,12,1È¸Â÷ ÇÏÃþºÎ,³«µ¿°­,³²°­´ï,³²°­´ï2,8.0,0.00,,0.0000,0.00000,,,0.8,,0.00000,,0.0,,0.00,2.6,,,0.000,,,,0,,20.3,1.002,0.010,82.0,160,,,,,0.0000000,,0.007,,,0.680,,0.00000,,,7.9,0.000,0.004,,2.4,,270.0,9.0,1.129,1.4,0.014,,
2015-01-09,24054,2015,1,1È¸Â÷ »óÃþºÎ,³«µ¿°­,³²°­´ï,³²°­´ï2,1.0,,,,,,,0.9,,,,0.0,6.5,,2.7,,,,,,,0,,15.1,1.582,0.020,98.0,0,,,,,,,0.058,,,1.190,,,,,8.2,0.000,0.000,,1.5,,360.0,4.0,1.632,1.4,0.029,3.5,
2015-01-09,24170,2015,1,1È¸Â÷ ÁßÃþºÎ,³«µ¿°­,³²°­´ï,³²°­´ï2,4.0,,,,,,,0.8,,,,0.0,,,2.6,,,,,,,0,,14.4,1.609,0.020,96.0,0,,,,,,,0.097,,,1.190,,,,,8.1,0.000,0.000,,2.2,,450.0,4.0,1.622,1.4,0.032,,
2015-01-09,24281,2015,1,1È¸Â÷ ÇÏÃþºÎ,³«µ¿°­,³²°­´ï,³²°­´ï2,8.0,,,,,,,0.8,,,,0.0,,,2.5,,,,,,,0,,14.0,1.647,0.019,96.0,0,,,,,,,0.076,,,1.210,,,,,8.1,0.000,0.000,,2.6,,320.0,4.0,1.968,1.4,0.030,,
2015-02-03,24466,2015,2,1È¸Â÷ »óÃþºÎ,³«µ¿°­,³²°­´ï,³²°­´ï2,1.0,,,,,,,0.4,,,,0.0,1.8,,1.9,,,,,,,0,,13.5,1.529,0.008,128.0,0,,,,,,,0.048,,,1.200,,,,,7.9,0.000,0.003,,1.2,,27.0,4.0,1.59,1.3,0.009,3.0,
2015-02-03,24586,2015,2,1È¸Â÷ ÁßÃþºÎ,³«µ¿°­,³²°­´ï,³²°­´ï2,4.0,,,,,,,0.7,,,,0.0,,,2.1,,,,,,,0,,14.1,1.574,0.011,130.0,0,,,,,,,0.072,,,1.220,,,,,8.0,0.000,0.000,,1.7,,210.0,4.0,1.675,1.4,0.012,,
2015-02-03,24696,2015,2,1È¸Â÷ ÇÏÃþºÎ,³«µ¿°­,³²°­´ï,³²°­´ï2,8.0,,,,,,,0.7,,,,0.0,,,2.2,,,,,,,0,,13.2,1.648,0.011,133.0,0,,,,,,,0.076,,,1.240,,,,,7.0,0.000,0.000,,1.9,,110.0,4.0,1.768,1.5,0.014,,
2015-03-02,24889,2015,3,1È¸Â÷ »óÃþºÎ,³«µ¿°­,³²°­´ï,³²°­´ï2,1.0,0.00,,0.0000,0.00000,,0.0000,0.6,0.0000,0.00000,0.000,0.0,3.1,0.00,2.0,,,0.000,,0.0000,0.0000,0,0.000,13.5,2.055,0.005,114.0,0,,,0.000,0.000,0.0000000,,0.023,,,1.570,,0.00000,,0.000,8.3,0.000,0.000,,1.4,0.000,170.0,6.0,2.111,1.2,0.008,3.0,
2015-03-02,25011,2015,3,1È¸Â÷ ÁßÃþºÎ,³«µ¿°­,³²°­´ï,³²°­´ï2,4.0,0.00,,0.0000,0.00000,,0.0000,0.6,0.0000,0.00000,0.000,0.0,,0.00,1.9,,,0.000,,0.0000,0.0000,0,0.000,13.1,1.776,0.003,113.0,0,,,0.000,0.000,0.0000000,,0.011,,,1.570,,0.00000,,0.000,8.4,0.000,0.000,,1.8,0.000,220.0,6.0,2.032,1.3,0.014,,
2015-03-02,25122,2015,3,1È¸Â÷ ÇÏÃþºÎ,³«µ¿°­,³²°­´ï,³²°­´ï2,8.0,0.00,,0.0000,0.00000,,0.0000,0.7,0.0000,0.00000,0.000,0.0,,0.00,2.0,,,0.000,,0.0000,0.0000,0,0.000,12.6,2.144,0.005,111.0,0,,,0.000,0.000,0.0000000,,0.011,,,1.580,,0.00000,,0.000,8.4,0.000,0.000,,1.8,0.000,160.0,5.0,2.15,1.2,0.011,,
2015-04-01,25405,2015,4,1È¸Â÷ »óÃþºÎ,³«µ¿°­,³²°­´ï,³²°­´ï2,1.0,,,,,,,0.6,,,,0.0,8.4,,1.9,,,,,,,0,,13.6,1.833,0.004,93.0,0,,,,,,,0.040,,,1.180,,,,,8.0,0.000,0.003,,1.0,,63.0,13.0,1.867,1.1,0.010,3.0,
2015-04-01,25530,2015,4,1È¸Â÷ ÁßÃþºÎ,³«µ¿°­,³²°­´ï,³²°­´ï2,4.0,,,,,,,0.7,,,,0.0,,,2.1,,,,,,,0,,13.2,1.774,0.005,92.0,0,,,,,,,0.060,,,1.220,,,,,8.1,0.000,0.000,,1.2,,140.0,11.0,1.867,1.2,0.012,,
2015-04-01,25644,2015,4,1È¸Â÷ ÇÏÃþºÎ,³«µ¿°­,³²°­´ï,³²°­´ï2,8.0,,,,,,,0.7,,,,0.0,,,2.1,,,,,,,0,,12.8,1.774,0.005,90.0,0,,,,,,,0.060,,,1.290,,,,,7.9,0.000,0.001,,0.8,,130.0,10.0,1.836,1.2,0.008,,
2015-05-04,25907,2015,5,1È¸Â÷ »óÃþºÎ,³«µ¿°­,³²°­´ï,³²°­´ï2,1.0,,,,,,,1.1,,,,0.0,3.0,,2.2,,,,,,,0,,12.7,1.305,0.011,82.0,3,,,,,,,0.069,,,0.780,,,,,8.2,0.000,0.002,,1.7,,340.0,19.0,1.312,1.4,0.018,3.0,
2015-05-04,26029,2015,5,1È¸Â÷ ÁßÃþºÎ,³«µ¿°­,³²°­´ï,³²°­´ï2,4.0,,,,,,,0.9,,,,0.0,,,2.5,,,,,,,0,,12.2,1.934,0.016,78.0,5,,,,,,,0.071,,,1.000,,,,,8.2,0.000,0.002,,1.3,,1100.0,17.0,1.976,1.5,0.019,,
2015-05-04,26141,2015,5,1È¸Â÷ ÇÏÃþºÎ,³«µ¿°­,³²°­´ï,³²°­´ï2,8.0,,,,,,,0.7,,,,0.0,,,2.4,,,,,,,0,,11.5,2.099,0.014,74.0,5,,,,,,,0.077,,,0.920,,,,,8.1,0.000,0.000,,1.2,,790.0,14.0,2.114,1.5,0.015,,
2015-06-01,26402,2015,6,1È¸Â÷ »óÃþºÎ,³«µ¿°­,³²°­´ï,³²°­´ï2,1.0,0.00,,0.0000,0.00000,,,1.1,,0.00000,,0.0,12.5,0.00,2.9,,,0.000,,,,0,,12.6,1.412,0.013,87.0,0,,,,,0.0000000,,0.058,,,0.540,,0.00000,,,7.7,0.000,0.002,,3.6,,32.0,25.0,1.425,2.4,0.017,2.5,
2015-06-01,26530,2015,6,1È¸Â÷ ÁßÃþºÎ,³«µ¿°­,³²°­´ï,³²°­´ï2,4.0,0.00,,0.0000,0.00000,,,0.9,,0.00000,,0.0,,0.00,2.5,,,0.000,,,,0,,8.4,1.427,0.014,91.0,56,,,,,0.0000000,,0.110,,,0.540,,0.00000,,,7.6,0.000,0.003,,5.0,,560.0,20.0,1.441,2.1,0.018,,
2015-06-01,26647,2015,6,1È¸Â÷ ÇÏÃþºÎ,³«µ¿°­,³²°­´ï,³²°­´ï2,8.0,0.00,,0.0000,0.00000,,,1.0,,0.00000,,0.0,,0.00,2.5,,,0.000,,,,0,,7.1,1.424,0.014,95.0,40,,,,,0.0000000,,0.109,,,0.500,,0.00000,,,6.8,0.000,0.003,,3.8,,710.0,17.0,1.428,1.9,0.018,,
2015-07-06,26987,2015,7,1È¸Â÷ »óÃþºÎ,³«µ¿°­,³²°­´ï,³²°­´ï2,1.0,,,,,,,1.7,,,,0.0,10.9,,3.3,,,,,,,0,,11.0,1.213,0.017,95.0,25,,,,,,,0.191,,,0.140,0.0000,,0.0000,,7.4,0.000,0.004,,2.0,,240.0,25.0,1.412,2.5,0.024,1.7,
2015-07-06,27112,2015,7,1È¸Â÷ ÁßÃþºÎ,³«µ¿°­,³²°­´ï,³²°­´ï2,4.0,,,,,,,1.4,,,,0.0,,,3.2,,,,,,,0,,5.2,1.191,0.013,102.0,53,,,,,,,0.153,,,0.140,0.0000,,0.0000,,7.3,0.000,0.003,,1.2,,440.0,24.0,1.343,2.5,0.019,,
2015-07-06,27230,2015,7,1È¸Â÷ ÇÏÃþºÎ,³«µ¿°­,³²°­´ï,³²°­´ï2,7.0,,,,,,,1.6,,,,0.0,,,3.5,,,,,,,0,,2.1,1.191,0.013,135.0,13,,,,,,,0.127,,,0.160,0.0000,,0.0000,,7.2,0.000,0.003,,5.6,,950.0,16.0,1.342,2.5,0.018,,
2015-08-03,27441,2015,8,1È¸Â÷ »óÃþºÎ,³«µ¿°­,³²°­´ï,³²°­´ï2,1.0,,,,,,,1.3,,,,0.0,4.3,,2.3,,,,,,,0,,11.7,1.426,0.018,72.0,5,,,,,,,0.100,,,0.400,,,,,7.4,0.000,0.004,,1.3,,1800.0,29.0,1.429,1.7,0.023,1.0,
2015-08-03,27561,2015,8,1È¸Â÷ ÁßÃþºÎ,³«µ¿°­,³²°­´ï,³²°­´ï2,4.0,,,,,,,1.9,,,,0.0,,,3.3,,,,,,,0,,11.5,1.429,0.015,69.0,13,,,,,,,0.147,,,0.580,,,,,6.9,0.000,0.003,,2.3,,1700.0,25.0,1.443,2.2,0.021,,
2015-08-03,27670,2015,8,1È¸Â÷ ÇÏÃþºÎ,³«µ¿°­,³²°­´ï,³²°­´ï2,8.0,,,,,,,2.3,,,,0.0,,,4.5,,,,,,,0,,3.4,2.168,0.021,67.0,140,,,,,,,0.132,,,0.700,,,,,6.5,0.000,0.005,,3.0,,13000.0,22.0,2.175,3.1,0.027,,
2015-09-01,27940,2015,9,1È¸Â÷ »óÃþºÎ,³«µ¿°­,³²°­´ï,³²°­´ï2,1.0,0.00,,0.0000,0.00000,,0.0000,1.4,0.0000,0.00000,0.000,0.0,8.2,0.00,2.5,,,0.000,,0.0000,0.0000,0,0.000,9.7,1.095,0.031,103.0,280,,,0.000,0.000,0.0000000,,0.037,,,0.230,,0.00000,,0.000,7.2,0.000,0.006,,3.4,0.000,13000.0,26.0,1.114,2.0,0.035,1.5,
2015-09-01,28067,2015,9,1È¸Â÷ ÁßÃþºÎ,³«µ¿°­,³²°­´ï,³²°­´ï2,4.0,0.00,,0.0000,0.00000,,0.0000,1.6,0.0000,0.00000,0.000,0.0,,0.00,3.5,,,0.000,,0.0000,0.0000,0,0.000,9.0,1.046,0.025,112.0,300,,,0.000,0.000,0.0000000,,0.056,,,0.310,,0.00000,,0.000,6.8,0.000,0.007,,3.8,0.000,7100.0,25.0,1.076,2.8,0.028,,
2015-09-01,28183,2015,9,1È¸Â÷ ÇÏÃþºÎ,³«µ¿°­,³²°­´ï,³²°­´ï2,8.0,0.00,,0.0000,0.00000,,0.0000,1.6,0.0000,0.00000,0.000,0.0,,0.00,4.1,,,0.000,,0.0000,0.0000,0,0.000,3.5,1.667,0.068,102.0,450,,,0.000,0.000,0.0000000,,0.287,,,0.520,,0.00000,,0.000,6.5,0.000,0.007,,3.6,0.000,28000.0,23.0,1.683,3.0,0.071,,
2015-10-02,28458,2015,10,1È¸Â÷ »óÃþºÎ,³«µ¿°­,³²°­´ï,³²°­´ï2,1.0,,,,,,,1.2,,,,0.0,3.9,,1.8,,,,,,,0,,9.7,1.336,0.018,97.0,110,,,,,,,0.133,,,0.480,,,,,6.6,0.000,0.004,,1.8,,2600.0,22.0,1.337,1.6,0.024,1.5,
2015-10-02,28582,2015,10,1È¸Â÷ ÁßÃþºÎ,³«µ¿°­,³²°­´ï,³²°­´ï2,4.0,,,,,,,1.5,,,,0.0,,,3.0,,,,,,,0,,8.2,1.251,0.020,94.0,430,,,,,,,0.080,,,0.400,,,,,6.5,0.000,0.005,,3.4,,4400.0,22.0,1.29,1.8,0.026,,
2015-10-02,28699,2015,10,1È¸Â÷ ÇÏÃþºÎ,³«µ¿°­,³²°­´ï,³²°­´ï2,7.0,,,,,,,1.5,,,,0.0,,,3.1,,,,,,,0,,7.7,1.293,0.023,92.0,570,,,,,,,0.133,,,0.440,,,,,6.4,0.000,0.006,,5.0,,7600.0,21.0,1.315,2.1,0.030,,
2015-11-02,28955,2015,11,1È¸Â÷ »óÃþºÎ,³«µ¿°­,³²°­´ï,³²°­´ï2,1.0,,,,,,,1.1,,,,0.0,4.5,,1.6,,,,,,,0,,9.2,1.548,0.015,95.0,0,,,,,,,0.062,,,0.160,,,,,6.7,0.000,0.005,,2.6,,6200.0,17.0,1.554,1.0,0.026,2.0,
2015-11-02,29083,2015,11,1È¸Â÷ ÁßÃþºÎ,³«µ¿°­,³²°­´ï,³²°­´ï2,4.0,,,,,,,1.4,,,,0.0,,,3.0,,,,,,,0,,8.8,1.635,0.020,94.0,11,,,,,,,0.127,,,0.340,,,,,6.6,0.000,0.007,,7.2,,8400.0,17.0,1.692,1.9,0.029,,
2015-11-02,29204,2015,11,1È¸Â÷ ÇÏÃþºÎ,³«µ¿°­,³²°­´ï,³²°­´ï2,7.0,,,,,,,1.5,,,,0.0,,,3.1,,,,,,,0,,8.0,1.635,0.022,93.0,93,,,,,,,0.150,,,0.340,,,,,6.4,0.000,0.007,,5.6,,14000.0,16.0,1.686,2.0,0.032,,
2015-12-01,29483,2015,12,1È¸Â÷ »óÃþºÎ,³«µ¿°­,³²°­´ï,³²°­´ï2,1.0,0.00,,0.0000,0.00000,,,1.0,,0.00000,,0.0,12.3,0.00,2.1,,,0.000,,,,0,,9.7,1.365,0.020,139.0,0,,,,,0.0000000,,0.080,,,0.490,,0.00000,,,7.9,0.000,0.003,,3.2,,2500.0,13.0,1.38,2.3,0.025,2.0,
2015-12-01,29611,2015,12,1È¸Â÷ ÁßÃþºÎ,³«µ¿°­,³²°­´ï,³²°­´ï2,4.0,0.00,,0.0000,0.00000,,,1.4,,0.00000,,0.0,,0.00,3.1,,,0.000,,,,0,,9.0,1.341,0.018,137.0,7,,,,,0.0000000,,0.117,,,0.490,,0.00000,,,7.7,0.000,0.003,,5.4,,1900.0,13.0,1.354,2.8,0.024,,
2015-12-01,29732,2015,12,1È¸Â÷ ÇÏÃþºÎ,³«µ¿°­,³²°­´ï,³²°­´ï2,8.0,0.00,,0.0000,0.00000,,,1.3,,0.00000,,0.0,,0.00,2.9,,,0.000,,,,0,,8.4,1.509,0.022,136.0,29,,,,,0.0000000,,0.099,,,0.490,,0.00000,,,7.7,0.000,0.005,,5.0,,5200.0,12.0,1.518,2.7,0.029,,
2016-01-04,79,2016,1,1È¸Â÷ »óÃþºÎ,³«µ¿°­,³²°­´ï,³²°­´ï2,1.0,,,,,,,0.9,,,,0.0,3.6,,2.7,,,,,,,0,,10.6,1.980,0.016,142.0,0,,,,,,,0.037,,,0.840,,,,,6.9,0.000,0.002,,2.6,,130,7.0,2.000,1.4,0.020,2.5,
2016-01-04,206,2016,1,1È¸Â÷ ÁßÃþºÎ,³«µ¿°­,³²°­´ï,³²°­´ï2,4.0,,,,,,,1.0,,,,0.0,,,2.8,,,,,,,0,,10.1,1.688,0.014,137.0,0,,,,,,,0.054,,,0.840,,,,,6.9,0.000,0.002,,3.4,,250,7.0,1.701,1.4,0.019,,
2016-01-04,323,2016,1,1È¸Â÷ ÇÏÃþºÎ,³«µ¿°­,³²°­´ï,³²°­´ï2,8.0,,,,,,,1.3,,,,0.0,,,3.2,,,,,,,0,,9.0,1.619,0.018,133.0,0,,,,,,,0.069,,,0.850,,,,,6.8,0.000,0.004,,4.8,,280,7.0,1.623,2.1,0.023,,
2016-02-01,587,2016,2,1È¸Â÷ »óÃþºÎ,³«µ¿°­,³²°­´ï,³²°­´ï2,1.0,,,,,,,1.0,,,,0.0,9.9,,2.1,,,,,,,0,,13.2,1.943,0.018,151.0,0,,,,,,,0.080,,,1.010,,,,,7.5,0.000,0.002,,1.4,,240,5.0,1.964,1.7,0.022,2.5,
2016-02-01,705,2016,2,1È¸Â÷ ÁßÃþºÎ,³«µ¿°­,³²°­´ï,³²°­´ï2,4.0,,,,,,,1.3,,,,0.0,,,2.4,,,,,,,0,,11.3,1.812,0.019,153.0,0,,,,,,,0.082,,,1.010,,,,,7.5,0.000,0.002,,1.6,,320,5.0,1.821,1.7,0.026,,
2016-02-01,816,2016,2,1È¸Â÷ ÇÏÃþºÎ,³«µ¿°­,³²°­´ï,³²°­´ï2,8.0,,,,,,,1.4,,,,0.0,,,3.0,,,,,,,0,,10.6,1.910,0.020,159.0,0,,,,,,,0.112,,,1.020,,,,,7.5,0.000,0.003,,2.6,,180,5.0,1.933,2.4,0.028,,
2016-03-02,1090,2016,3,1È¸Â÷ »óÃþºÎ,³«µ¿°­,³²°­´ï,³²°­´ï2,1.0,0.00,,0.0000,0.00000,,0.0000,1.2,0.0000,0.00000,0.000,0.0,7.7,0.00,3.1,,,0.000,,0.0000,0.0000,0,0.000,12.0,2.239,0.018,152.0,0,,,0.000,0.000,0.0000000,,0.159,,,1.260,,0.00000,,0.000,7.8,0.000,0.003,,3.1,0.000,42,8.0,2.320,2.1,0.020,2.5,
2016-03-02,1215,2016,3,1È¸Â÷ ÁßÃþºÎ,³«µ¿°­,³²°­´ï,³²°­´ï2,4.0,0.00,,0.0000,0.00000,,0.0000,1.2,0.0000,0.00000,0.000,0.0,,0.00,3.3,,,0.000,,0.0000,0.0000,0,0.000,12.3,2.388,0.020,155.0,0,,,0.000,0.000,0.0000000,,0.160,,,1.260,,0.00000,,0.000,7.8,0.000,0.003,,3.8,0.000,51,8.0,2.423,2.2,0.022,,
2016-03-02,1333,2016,3,1È¸Â÷ ÇÏÃþºÎ,³«µ¿°­,³²°­´ï,³²°­´ï2,8.0,0.00,,0.0000,0.00000,,0.0000,1.2,0.0000,0.00000,0.000,0.0,,0.00,3.0,,,0.000,,0.0000,0.0000,0,0.000,12.0,2.759,0.021,150.0,0,,,0.000,0.000,0.0000000,,0.151,,,1.250,,0.00000,,0.000,7.6,0.000,0.003,,2.8,0.000,96,8.0,2.790,2.0,0.025,,
2016-04-04,1612,2016,4,1È¸Â÷ »óÃþºÎ,³«µ¿°­,³²°­´ï,³²°­´ï2,1.0,0.00,,0.0000,0.00000,,,1.3,,0.00000,,0.0,7.6,0.00,2.4,,,0.000,,,,0,,11.5,2.489,0.020,150.0,0,,,,,0.0000000,,0.121,,,0.860,,0.00000,,,7.8,0.000,0.004,,1.6,,33,10.0,2.502,1.4,0.022,2.5,
2016-04-04,1737,2016,4,1È¸Â÷ ÁßÃþºÎ,³«µ¿°­,³²°­´ï,³²°­´ï2,4.0,0.00,,0.0000,0.00000,,,1.3,,0.00000,,0.0,,0.00,2.5,,,0.000,,,,0,,11.4,2.340,0.018,145.0,0,,,,,0.0000000,,0.127,,,0.850,,0.00000,,,7.7,0.000,0.004,,1.8,,48,10.0,2.419,1.4,0.020,,
2016-04-04,1856,2016,4,1È¸Â÷ ÇÏÃþºÎ,³«µ¿°­,³²°­´ï,³²°­´ï2,8.0,0.00,,0.0000,0.00000,,,1.3,,0.00000,,0.0,,0.00,2.5,,,0.000,,,,0,,11.2,2.108,0.016,140.0,0,,,,,0.0000000,,0.127,,,0.860,,0.00000,,,7.7,0.000,0.004,,1.4,,79,10.0,2.178,1.4,0.018,,
2016-05-12,2194,2016,5,1È¸Â÷ »óÃþºÎ,³«µ¿°­,³²°­´ï,³²°­´ï2,1.0,0.00,,0.0000,0.00000,,,2.8,,0.00000,,0.0,9.3,0.00,2.4,,,0.000,,,,0,,9.0,1.270,0.026,155.0,4,,,,,0.0000000,,0.049,,,0.610,,0.00000,,,7.8,0.000,0.008,,2.6,,350,19.0,1.403,1.8,0.030,2.5,
2016-05-12,2315,2016,5,1È¸Â÷ ÁßÃþºÎ,³«µ¿°­,³²°­´ï,³²°­´ï2,4.0,0.00,,0.0000,0.00000,,,2.6,,0.00000,,0.0,,0.00,2.2,,,0.000,,,,0,,8.6,1.169,0.024,140.0,8,,,,,0.0000000,,0.057,,,0.580,,0.00000,,,7.8,0.000,0.008,,3.8,,340,19.0,1.259,1.6,0.028,,
2016-05-12,2432,2016,5,1È¸Â÷ ÇÏÃþºÎ,³«µ¿°­,³²°­´ï,³²°­´ï2,8.0,0.00,,0.0000,0.00000,,,3.0,,0.00000,,0.0,,0.00,1.9,,,0.000,,,,0,,8.2,1.157,0.026,154.0,28,,,,,0.0000000,,0.040,,,0.600,,0.00000,,,7.8,0.000,0.008,,4.4,,480,19.0,1.259,1.3,0.030,,
2016-06-07,2679,2016,6,1È¸Â÷ »óÃþºÎ,³«µ¿°­,³²°­´ï,³²°­´ï2,1.0,0.00,,0.0000,0.00000,,,2.0,,0.00000,,0.0,22.7,0.00,3.6,,,0.000,,,,0,,7.0,1.876,0.020,184.0,4,,,,,0.0000000,,0.056,,,0.370,,0.00000,,,8.4,0.000,0.006,,3.8,,330,23.0,2.067,2.1,0.024,2.3,
2016-06-07,2804,2016,6,1È¸Â÷ ÁßÃþºÎ,³«µ¿°­,³²°­´ï,³²°­´ï2,4.0,0.00,,0.0000,0.00000,,,2.0,,0.00000,,0.0,,0.00,3.5,,,0.000,,,,0,,6.4,1.556,0.018,180.0,10,,,,,0.0000000,,0.102,,,0.400,,0.00000,,,8.5,0.000,0.005,,5.0,,370,22.0,1.776,2.0,0.019,,
2016-06-07,2920,2016,6,1È¸Â÷ ÇÏÃþºÎ,³«µ¿°­,³²°­´ï,³²°­´ï2,8.0,0.00,,0.0000,0.00000,,,2.3,,0.00000,,0.0,,0.00,4.4,,,0.000,,,,0,,6.0,1.364,0.018,154.0,26,,,,,0.0000000,,0.100,,,0.380,,0.00000,,,8.6,0.000,0.005,,5.6,,520,21.0,1.554,3.2,0.018,,
2016-07-06,3186,2016,7,1È¸Â÷ »óÃþºÎ,³«µ¿°­,³²°­´ï,³²°­´ï2,1.0,0.00,,0.0000,0.00000,,,1.7,,0.00000,,0.0,2.0,0.00,4.3,,,0.000,,,,0,,11.0,1.619,0.017,106.0,350,,,,,0.0000000,,0.143,,,0.660,0.0000,0.00000,0.0000,,8.0,0.000,0.004,,4.6,,20000,26.0,1.854,2.7,0.024,2.3,
2016-07-06,3311,2016,7,1È¸Â÷ ÁßÃþºÎ,³«µ¿°­,³²°­´ï,³²°­´ï2,4.0,0.00,,0.0000,0.00000,,,1.4,,0.00000,,0.0,2.0,0.00,4.8,,,0.000,,,,0,,7.2,1.684,0.014,86.0,300,,,,,0.0000000,,0.170,,,0.800,0.0000,0.00000,0.0000,,7.9,0.000,0.003,,7.6,,16000,24.0,2.051,3.0,0.020,,
2016-07-06,3428,2016,7,1È¸Â÷ ÇÏÃþºÎ,³«µ¿°­,³²°­´ï,³²°­´ï2,7.0,0.00,,0.0000,0.00000,,,1.6,,0.00000,,0.0,2.0,0.00,3.9,,,0.000,,,,0,,4.2,1.567,0.014,134.0,550,,,,,0.0000000,,0.150,,,0.790,0.0000,0.00000,0.0000,,7.7,0.000,0.003,,7.0,,20000,20.0,2.070,2.8,0.018,,
2016-08-03,3703,2016,8,1È¸Â÷ »óÃþºÎ,³«µ¿°­,³²°­´ï,³²°­´ï2,1.0,0.00,,0.0000,0.00000,,,1.3,,0.00000,,0.0,2.5,0.00,2.4,,,0.000,,,,0,,8.2,1.055,0.018,172.0,0,,,,,0.0000000,,0.035,,,0.270,,0.00000,,,8.3,0.000,0.004,,0.6,,4700,32.0,1.101,1.3,0.022,2.2,
2016-08-03,3826,2016,8,1È¸Â÷ ÁßÃþºÎ,³«µ¿°­,³²°­´ï,³²°­´ï2,4.0,0.00,,0.0000,0.00000,,,2.0,,0.00000,,0.0,2.2,0.00,2.3,,,0.000,,,,0,,6.4,0.961,0.016,168.0,0,,,,,0.0000000,,0.039,,,0.300,,0.00000,,,7.6,0.000,0.003,,0.8,,2200,29.0,1.128,1.2,0.021,,
2016-08-03,3941,2016,8,1È¸Â÷ ÇÏÃþºÎ,³«µ¿°­,³²°­´ï,³²°­´ï2,8.0,0.00,,0.0000,0.00000,,,2.3,,0.00000,,0.0,6.2,0.00,2.4,,,0.000,,,,0,,3.8,0.927,0.020,160.0,0,,,,,0.0000000,,0.053,,,0.350,,0.00000,,,7.0,0.000,0.003,,1.0,,5000,26.0,1.373,1.1,0.026,,
2016-09-07,4242,2016,9,1È¸Â÷ »óÃþºÎ,³«µ¿°­,³²°­´ï,³²°­´ï2,1.0,0.00,,0.0000,0.00000,,0.0000,1.7,0.0000,0.00000,0.000,0.0,7.5,0.00,3.6,,,0.000,,0.0000,0.0000,0,0.000,7.8,0.465,0.032,113.0,30,,,0.000,0.000,0.0000000,,0.046,,,0.150,,0.00000,,0.000,7.8,0.000,0.006,,2.4,0.000,1900,27.0,0.730,2.1,0.035,11.7,
2016-09-07,4364,2016,9,1È¸Â÷ ÁßÃþºÎ,³«µ¿°­,³²°­´ï,³²°­´ï2,4.0,0.00,,0.0000,0.00000,,0.0000,1.7,0.0000,0.00000,0.000,0.0,5.9,0.00,3.6,,,0.000,,0.0000,0.0000,0,0.000,6.5,0.607,0.030,122.0,0,,,0.000,0.000,0.0000000,,0.046,,,0.170,,0.00000,,0.000,7.5,0.000,0.006,,3.6,0.000,1400,25.0,0.705,1.8,0.034,,
2016-09-07,4479,2016,9,1È¸Â÷ ÇÏÃþºÎ,³«µ¿°­,³²°­´ï,³²°­´ï2,8.0,0.00,,0.0000,0.00000,,0.0000,1.6,0.0000,0.00000,0.000,0.0,4.5,0.00,3.2,,,0.000,,0.0000,0.0000,0,0.000,5.6,0.638,0.034,112.0,20,,,0.000,0.000,0.0000000,,0.053,,,0.210,,0.00000,,0.000,7.3,0.000,0.008,,3.2,0.000,1200,24.0,0.756,1.8,0.038,,
2016-10-18,4750,2016,10,1È¸Â÷ »óÃþºÎ,³«µ¿°­,³²°­´ï,³²°­´ï2,1.0,0.00,,0.0000,0.00000,,,1.3,,0.00000,,0.0,7.9,0.00,2.4,,,0.000,,,,0,,9.6,1.458,0.016,79.0,1,,,,,0.0000000,,0.012,,,0.470,,0.00000,,,7.8,0.000,0.003,,5.6,,3200,20.0,1.722,1.3,0.020,1.5,
2016-10-18,4869,2016,10,1È¸Â÷ ÁßÃþºÎ,³«µ¿°­,³²°­´ï,³²°­´ï2,5.0,0.00,,0.0000,0.00000,,,1.5,,0.00000,,0.0,6.6,0.00,1.9,,,0.000,,,,0,,7.9,1.062,0.018,68.0,0,,,,,0.0000000,,0.012,,,0.440,,0.00000,,,7.6,0.000,0.004,,3.8,,3400,20.0,1.128,1.0,0.024,,
2016-10-18,4983,2016,10,1È¸Â÷ ÇÏÃþºÎ,³«µ¿°­,³²°­´ï,³²°­´ï2,9.0,0.00,,0.0000,0.00000,,,1.5,,0.00000,,0.0,6.1,0.00,1.6,,,0.000,,,,0,,8.0,1.497,0.021,51.0,19,,,,,0.0000000,,0.022,,,0.510,,0.00000,,,7.6,0.000,0.005,,3.2,,4300,19.0,1.706,0.9,0.026,,
2016-11-07,5223,2016,11,1È¸Â÷ »óÃþºÎ,³«µ¿°­,³²°­´ï,³²°­´ï2,1.0,0.00,,0.0000,0.00000,,,1.0,,0.00000,,0.0,3.2,0.00,1.5,,,0.000,,,,0,,9.1,1.129,0.018,72.0,0,,,,,0.0000000,,0.029,,,0.470,,0.00000,,,8.1,0.000,0.007,,1.0,,3100,15.0,1.452,0.8,0.030,2.2,
2016-11-07,5350,2016,11,1È¸Â÷ ÁßÃþºÎ,³«µ¿°­,³²°­´ï,³²°­´ï2,4.0,0.00,,0.0000,0.00000,,,1.2,,0.00000,,0.0,4.8,0.00,1.7,,,0.000,,,,0,,8.6,1.137,0.020,72.0,1030,,,,,0.0000000,,0.027,,,0.480,,0.00000,,,7.3,0.000,0.008,,2.0,,21000,15.0,1.370,0.9,0.032,,
2016-11-07,5469,2016,11,1È¸Â÷ ÇÏÃþºÎ,³«µ¿°­,³²°­´ï,³²°­´ï2,7.0,0.00,,0.0000,0.00000,,,1.4,,0.00000,,0.0,5.5,0.00,1.6,,,0.000,,,,0,,8.7,1.151,0.024,72.0,540,,,,,0.0000000,,0.029,,,0.480,,0.00000,,,7.7,0.000,0.008,,1.8,,10200,15.0,1.457,0.8,0.034,,
2016-12-05,5719,2016,12,1È¸Â÷ »óÃþºÎ,³«µ¿°­,³²°­´ï,³²°­´ï2,1.0,0.00,,0.0000,0.00000,,,1.2,,0.00000,,0.0,2.4,0.00,1.8,,,0.000,,,,0,,10.2,1.004,0.018,87.0,0,,,,,0.0000000,,0.077,,,0.440,,0.00000,,,8.1,0.000,0.003,,1.2,,400,10.0,1.117,1.0,0.025,2.2,
2016-12-05,5842,2016,12,1È¸Â÷ ÁßÃþºÎ,³«µ¿°­,³²°­´ï,³²°­´ï2,5.0,0.00,,0.0000,0.00000,,,1.4,,0.00000,,0.0,1.8,0.00,2.0,,,0.000,,,,0,,9.9,1.114,0.022,86.0,0,,,,,0.0000000,,0.084,,,0.460,,0.00000,,,7.9,0.000,0.004,,1.2,,1300,10.0,1.157,1.1,0.025,,
2016-12-05,5957,2016,12,1È¸Â÷ ÇÏÃþºÎ,³«µ¿°­,³²°­´ï,³²°­´ï2,8.0,0.00,,0.0000,0.00000,,,1.3,,0.00000,,0.0,2.0,0.00,1.7,,,0.000,,,,0,,10.0,1.144,0.021,87.0,0,,,,,0.0000000,,0.109,,,0.540,,0.00000,,,7.7,0.000,0.005,,1.0,,220,10.0,1.353,0.9,0.029,,
2017-01-03,6211,2017,1,1È¸Â÷ »óÃþºÎ,³«µ¿°­,³²°­´ï,³²°­´ï2,1.0,0.00,,0.0000,0.00000,,,1.2,,0.00000,,0.0,4.2,0.00,2.2,,,0.000,,,,0,,12.0,1.281,0.018,101.0,0,,,,,0.0000000,,0.054,,,0.820,,0.00000,,,8.1,0.000,0.004,,1.0,,70,6.0,1.423,0.9,0.020,3.5,
2017-01-03,6335,2017,1,1È¸Â÷ ÁßÃþºÎ,³«µ¿°­,³²°­´ï,³²°­´ï2,4.0,0.00,,0.0000,0.00000,,,1.4,,0.00000,,0.0,4.4,0.00,2.3,,,0.000,,,,0,,11.7,1.279,0.020,102.0,0,,,,,0.0000000,,0.054,,,0.770,,0.00000,,,8.0,0.000,0.005,,1.2,,30,6.0,1.593,0.9,0.020,,
2017-01-03,6451,2017,1,1È¸Â÷ ÇÏÃþºÎ,³«µ¿°­,³²°­´ï,³²°­´ï2,8.0,0.00,,0.0000,0.00000,,,1.4,,0.00000,,0.0,1.8,0.00,2.0,,,0.000,,,,0,,11.4,1.344,0.022,132.0,1,,,,,0.0000000,,0.043,,,0.740,,0.00000,,,7.8,0.000,0.006,,1.0,,70,6.0,1.583,0.9,0.024,,
2017-02-06,6748,2017,2,1È¸Â÷ »óÃþºÎ,³«µ¿°­,³²°­´ï,³²°­´ï2,1.0,0.00,,0.0000,0.00000,,,1.2,,0.00000,,0.0,5.8,0.00,2.0,,,0.000,,,,0,,13.6,1.894,0.010,106.0,0,,,,,0.0000000,,0.028,,,1.330,,0.00000,,,8.1,0.000,0.001,,1.4,,90,4.0,2.020,1.5,0.014,3.2,
2017-02-06,6874,2017,2,1È¸Â÷ ÁßÃþºÎ,³«µ¿°­,³²°­´ï,³²°­´ï2,5.0,0.00,,0.0000,0.00000,,,1.6,,0.00000,,0.0,4.2,0.00,2.1,,,0.000,,,,0,,13.3,1.803,0.014,107.0,2,,,,,0.0000000,,0.025,,,1.350,,0.00000,,,8.0,0.000,0.001,,1.8,,120,4.0,1.976,1.5,0.018,,
2017-02-06,6992,2017,2,1È¸Â÷ ÇÏÃþºÎ,³«µ¿°­,³²°­´ï,³²°­´ï2,8.0,0.00,,0.0000,0.00000,,,1.4,,0.00000,,0.0,6.0,0.00,2.0,,,0.000,,,,0,,13.2,1.800,0.016,107.0,0,,,,,0.0000000,,0.019,,,1.340,,0.00000,,,7.9,0.000,0.000,,2.0,,140,4.0,1.940,1.6,0.020,,
2017-03-06,7249,2017,3,1È¸Â÷ »óÃþºÎ,³«µ¿°­,³²°­´ï,³²°­´ï2,1.0,0.00,,0.0000,0.00000,,,1.7,,0.00000,,0.0,3.2,0.00,1.6,,,0.000,,,,0,,12.6,1.868,0.004,124.0,0,,,,,0.0000000,,0.055,,,1.350,,0.00000,,,7.8,0.000,0.001,,1.0,,100,7.0,1.879,1.6,0.005,3.0,
2017-03-06,7376,2017,3,1È¸Â÷ ÁßÃþºÎ,³«µ¿°­,³²°­´ï,³²°­´ï2,5.0,0.00,,0.0000,0.00000,,,1.4,,0.00000,,0.0,1.6,0.00,1.7,,,0.000,,,,0,,12.5,1.880,0.007,124.0,2,,,,,0.0000000,,0.087,,,1.360,,0.00000,,,7.7,0.000,0.003,,1.4,,200,7.0,1.902,1.7,0.008,,
2017-03-06,7495,2017,3,1È¸Â÷ ÇÏÃþºÎ,³«µ¿°­,³²°­´ï,³²°­´ï2,8.0,0.00,,0.0000,0.00000,,,1.6,,0.00000,,0.0,2.3,0.00,1.7,,,0.000,,,,0,,12.2,1.720,0.010,126.0,1,,,,,0.0000000,,0.074,,,1.410,,0.00000,,,7.6,0.000,0.002,,1.5,,900,7.0,1.785,1.7,0.013,,
2017-04-03,7742,2017,4,1È¸Â÷ »óÃþºÎ,³«µ¿°­,³²°­´ï,³²°­´ï2,1.0,0.00,,0.0000,0.00000,,,1.3,,0.00000,,0.0,1.4,0.00,2.3,,,0.000,,,,0,,11.8,1.841,0.002,127.0,0,,,,,0.0000000,,0.048,,,1.330,,0.00000,,,8.1,0.000,0.000,,1.0,,100,12.0,1.890,1.5,0.005,3.7,
2017-04-03,7870,2017,4,1È¸Â÷ ÁßÃþºÎ,³«µ¿°­,³²°­´ï,³²°­´ï2,5.0,0.00,,0.0000,0.00000,,,1.5,,0.00000,,0.0,1.3,0.00,2.7,,,0.000,,,,0,,11.6,1.648,0.007,127.0,5,,,,,0.0000000,,0.086,,,1.290,,0.00000,,,8.0,0.000,0.004,,1.5,,2200,12.0,1.754,1.6,0.010,,
2017-04-03,7990,2017,4,1È¸Â÷ ÇÏÃþºÎ,³«µ¿°­,³²°­´ï,³²°­´ï2,8.0,0.00,,0.0000,0.00000,,,1.5,,0.00000,,0.0,3.1,0.00,2.6,,,0.000,,,,0,,9.2,1.460,0.007,129.0,2,,,,,0.0000000,,0.059,,,1.280,,0.00000,,,7.9,0.000,0.004,,1.9,,1300,10.0,1.585,1.6,0.008,,
2017-05-08,8279,2017,5,1È¸Â÷ »óÃþºÎ,³«µ¿°­,³²°­´ï,³²°­´ï2,1.0,,,,,,,1.6,,,,0.0,3.0,,2.5,,,,,,,0,,10.4,1.177,0.008,107.0,5,,,,,,,0.047,,,0.830,,,,,8.3,0.000,0.005,,0.6,,100,20.0,1.301,1.7,0.012,3.7,
2017-05-08,8404,2017,5,1È¸Â÷ ÁßÃþºÎ,³«µ¿°­,³²°­´ï,³²°­´ï2,4.0,,,,,,,1.9,,,,0.0,4.5,,2.6,,,,,,,0,,10.4,1.992,0.007,107.0,4,,,,,,,0.084,,,0.850,,,,,8.4,0.000,0.005,,1.0,,500,20.0,2.204,1.7,0.011,,
2017-05-08,8521,2017,5,1È¸Â÷ ÇÏÃþºÎ,³«µ¿°­,³²°­´ï,³²°­´ï2,6.8,,,,,,,1.9,,,,0.0,7.3,,2.9,,,,,,,0,,10.3,1.439,0.006,113.0,62,,,,,,,0.092,,,0.860,,,,,8.2,0.000,0.005,,1.7,,700,19.0,1.501,2.0,0.009,,
2017-06-01,8771,2017,6,1È¸Â÷ »óÃþºÎ,³«µ¿°­,³²°­´ï,³²°­´ï2,1.0,0.00,,0.0000,0.00000,,,1.7,,0.00000,,0.0,2.1,0.00,2.6,,,0.000,,,,0,,9.5,0.661,0.006,110.0,3,,,,,0.0000000,,0.018,,,0.590,,0.00000,,,8.4,0.000,0.000,,0.4,,110,24.0,1.067,1.9,0.010,4.5,
2017-06-01,8894,2017,6,1È¸Â÷ ÁßÃþºÎ,³«µ¿°­,³²°­´ï,³²°­´ï2,4.3,0.00,,0.0000,0.00000,,,1.9,,0.00000,,0.0,3.5,0.00,2.9,,,0.000,,,,0,,9.8,0.712,0.011,111.0,2,,,,,0.0000000,,0.030,,,0.590,,0.00000,,,8.3,0.000,0.003,,1.1,,3000,23.0,1.157,2.0,0.019,,
2017-06-01,9009,2017,6,1È¸Â÷ ÇÏÃþºÎ,³«µ¿°­,³²°­´ï,³²°­´ï2,7.5,0.00,,0.0000,0.00000,,,2.3,,0.00000,,0.0,4.4,0.00,3.2,,,0.000,,,,0,,2.3,0.874,0.007,124.0,10,,,,,0.0000000,,0.046,,,0.510,,0.00000,,,8.1,0.000,0.004,,2.1,,3400,17.0,1.093,2.2,0.010,,
2017-07-03,9279,2017,7,1È¸Â÷ »óÃþºÎ,³«µ¿°­,³²°­´ï,³²°­´ï2,0.7,,,,,,,2.2,,,,0.0,7.1,,3.6,,,,,,,0,,7.5,0.931,0.010,120.0,11,,,,,,,0.100,,,0.230,0.0000,,0.0000,,8.3,0.000,0.005,,4.0,,1600,26.0,1.058,2.5,0.014,1.3,
2017-07-03,9410,2017,7,1È¸Â÷ ÁßÃþºÎ,³«µ¿°­,³²°­´ï,³²°­´ï2,3.0,,,,,,,2.1,,,,0.0,8.4,,3.8,,,,,,,0,,5.7,0.760,0.013,128.0,13,,,,,,,0.151,,,0.330,0.0000,,0.0000,,8.0,0.000,0.005,,3.9,,2900,26.0,0.854,2.6,0.017,,
2017-07-03,9531,2017,7,1È¸Â÷ ÇÏÃþºÎ,³«µ¿°­,³²°­´ï,³²°­´ï2,4.4,,,,,,,2.0,,,,0.0,6.9,,3.9,,,,,,,0,,2.0,0.786,0.016,142.0,8,,,,,,,0.127,,,0.400,0.0000,,0.0000,,7.8,0.000,0.003,,4.2,,4400,24.0,0.863,2.7,0.018,,
2017-08-01,9814,2017,8,1È¸Â÷ »óÃþºÎ,³«µ¿°­,³²°­´ï,³²°­´ï2,1.0,,,,,,,1.5,,,,0.0,8.5,,4.3,,,,,,,0,,8.8,0.569,0.007,123.0,0,,,,,,,0.075,,,0.000,,,,,9.3,0.000,0.003,,1.3,,3200,30.0,1.832,3.4,0.016,1.2,
2017-08-01,9938,2017,8,1È¸Â÷ ÁßÃþºÎ,³«µ¿°­,³²°­´ï,³²°­´ï2,2.6,,,,,,,2.0,,,,0.0,7.6,,4.8,,,,,,,0,,7.0,0.694,0.001,121.0,0,,,,,,,0.114,,,0.000,,,,,9.0,0.000,0.002,,1.4,,6300,29.0,1.732,3.8,0.023,,
2017-08-01,10053,2017,8,1È¸Â÷ ÇÏÃþºÎ,³«µ¿°­,³²°­´ï,³²°­´ï2,4.0,,,,,,,2.5,,,,0.0,8.4,,4.5,,,,,,,0,,4.2,0.796,0.008,127.0,0,,,,,,,0.158,,,0.200,,,,,8.6,0.000,0.003,,2.8,,5600,29.0,1.786,3.6,0.024,,
2017-09-04,10330,2017,9,1È¸Â÷ »óÃþºÎ,³«µ¿°­,³²°­´ï,³²°­´ï2,0.2,0.00,,0.0000,0.00000,,0.0000,2.0,0.0000,0.00000,0.000,0.0,8.8,0.00,4.4,,,0.000,,0.0000,0.0000,0,0.000,7.6,1.025,0.018,114.0,1,,,0.000,0.000,0.0000000,,0.341,,,0.190,,0.00000,,0.000,9.0,0.000,0.006,,2.8,0.000,3400,26.0,1.304,3.8,0.026,1.3,
2017-09-04,10456,2017,9,1È¸Â÷ ÁßÃþºÎ,³«µ¿°­,³²°­´ï,³²°­´ï2,3.7,0.00,,0.0000,0.00000,,0.0000,1.9,0.0000,0.00000,0.000,0.0,7.6,0.00,4.3,,,0.000,,0.0000,0.0000,0,0.000,7.1,1.154,0.020,112.0,20,,,0.000,0.000,0.0000000,,0.386,,,0.180,,0.00000,,0.000,9.0,0.000,0.005,,2.7,0.000,6200,26.0,1.470,3.7,0.030,,
2017-09-04,10573,2017,9,1È¸Â÷ ÇÏÃþºÎ,³«µ¿°­,³²°­´ï,³²°­´ï2,6.0,0.00,,0.0000,0.00000,,0.0000,2.2,0.0000,0.00000,0.000,0.0,7.6,0.00,4.9,,,0.000,,0.0000,0.0000,0,0.000,3.3,1.006,0.023,106.0,10,,,0.000,0.000,0.0000000,,0.385,,,0.180,,0.00000,,0.000,8.5,0.000,0.007,,3.2,0.000,4700,26.0,1.765,4.1,0.030,,
2017-10-11,10865,2017,10,1È¸Â÷ »óÃþºÎ,³«µ¿°­,³²°­´ï,³²°­´ï2,0.3,,,,,,,1.6,,,,0.0,9.1,,3.9,,,,,,,0,,10.8,1.000,0.006,102.0,7,,,,,,,0.059,,,0.310,,,,,9.1,0.000,0.003,,2.3,,2000,23.0,1.076,3.0,0.011,2.5,
2017-10-11,10984,2017,10,1È¸Â÷ ÁßÃþºÎ,³«µ¿°­,³²°­´ï,³²°­´ï2,4.5,,,,,,,1.5,,,,0.0,7.5,,3.6,,,,,,,0,,5.6,1.014,0.008,107.0,0,,,,,,,0.111,,,0.330,,,,,8.8,0.000,0.004,,1.5,,1200,22.0,1.099,2.8,0.012,,
2017-10-11,11094,2017,10,1È¸Â÷ ÇÏÃþºÎ,³«µ¿°­,³²°­´ï,³²°­´ï2,7.0,,,,,,,1.6,,,,0.0,16.3,,3.9,,,,,,,0,,4.8,1.045,0.011,121.0,0,,,,,,,0.124,,,0.310,,,,,8.6,0.000,0.004,,4.6,,4000,21.0,1.180,3.0,0.018,,
2017-11-06,11339,2017,11,1È¸Â÷ »óÃþºÎ,³«µ¿°­,³²°­´ï,³²°­´ï2,0.5,,,,,,,1.6,,,,0.0,21.0,,3.5,,,,,,,0,,8.6,1.127,0.010,107.0,100,,,,,,,0.344,,,0.230,,,,,8.6,0.000,0.000,,5.0,,1000,16.0,1.310,2.6,0.013,1.2,
2017-11-06,11457,2017,11,1È¸Â÷ ÁßÃþºÎ,³«µ¿°­,³²°­´ï,³²°­´ï2,4.5,,,,,,,1.6,,,,0.0,7.8,,3.6,,,,,,,0,,8.2,0.892,0.017,107.0,27,,,,,,,0.283,,,0.230,,,,,8.4,0.000,0.000,,7.3,,780,16.0,1.050,2.6,0.024,,
2017-11-06,11567,2017,11,1È¸Â÷ ÇÏÃþºÎ,³«µ¿°­,³²°­´ï,³²°­´ï2,8.0,,,,,,,1.8,,,,0.0,6.7,,3.8,,,,,,,0,,8.1,0.910,0.009,108.0,100,,,,,,,0.297,,,0.240,,,,,8.4,0.000,0.000,,6.2,,3000,16.0,1.068,2.7,0.013,,
2017-12-11,11887,2017,12,1È¸Â÷ »óÃþºÎ,³«µ¿°­,³²°­´ï,³²°­´ï2,0.5,0.00,,0.0000,0.00000,,,1.5,,0.00000,,0.0,4.6,0.00,3.5,,,0.000,,,,0,,11.2,1.015,0.004,116.0,7,,,,,0.0000000,,0.262,,,0.220,,0.00000,,,8.4,0.000,0.000,,3.0,,57,7.0,2.732,2.6,0.005,2.5,
2017-12-11,12007,2017,12,1È¸Â÷ ÁßÃþºÎ,³«µ¿°­,³²°­´ï,³²°­´ï2,3.9,0.00,,0.0000,0.00000,,,1.6,,0.00000,,0.0,3.7,0.00,3.4,,,0.000,,,,0,,11.3,1.006,0.005,118.0,18,,,,,0.0000000,,0.248,,,0.230,,0.00000,,,8.4,0.000,0.001,,3.4,,130,7.0,1.248,2.7,0.007,,
2017-12-11,12120,2017,12,1È¸Â÷ ÇÏÃþºÎ,³«µ¿°­,³²°­´ï,³²°­´ï2,7.0,0.00,,0.0000,0.00000,,,1.5,,0.00000,,0.0,3.6,0.00,3.4,,,0.000,,,,0,,10.7,1.024,0.005,119.0,14,,,,,0.0000000,,0.264,,,0.220,,0.00000,,,8.4,0.000,0.000,,2.7,,82,7.0,1.136,2.7,0.007,,
2018-01-08,12380,2018,1,1È¸Â÷ »óÃþºÎ,³«µ¿°­,³²°­´ï,³²°­´ï2,0.2,,,,,,,0.9,,,,0.0,1.7,,2.9,,,,,,,0,,13.0,1.291,0.004,125.0,0,,,,,,,0.152,,,0.590,,,,,8.3,0.000,0.002,,0.1,,27,4.0,1.640,2.2,0.006,3.8,
2018-01-08,12497,2018,1,1È¸Â÷ ÁßÃþºÎ,³«µ¿°­,³²°­´ï,³²°­´ï2,3.3,,,,,,,1.2,,,,0.0,1.5,,2.9,,,,,,,0,,12.8,1.270,0.005,125.0,0,,,,,,,0.152,,,0.590,,,,,8.3,0.000,0.003,,0.6,,6,4.0,1.676,2.2,0.006,,
2018-01-08,12608,2018,1,1È¸Â÷ ÇÏÃþºÎ,³«µ¿°­,³²°­´ï,³²°­´ï2,5.0,,,,,,,1.0,,,,0.0,3.0,,3.0,,,,,,,0,,12.5,1.516,0.004,125.0,0,,,,,,,0.154,,,0.580,,,,,8.2,0.000,0.000,,1.2,,9,4.0,1.884,2.3,0.011,,
2018-02-20,12914,2018,2,1È¸Â÷ »óÃþºÎ,³«µ¿°­,³²°­´ï,³²°­´ï2,0.2,,,,,,,1.2,,,,0.0,1.9,,3.0,,,,,,,0,,13.3,1.824,0.011,154.0,0,,,,,,,0.036,,,0.700,,,,,8.8,0.000,0.001,,1.2,,0,4.0,2.098,2.1,0.012,4.0,
2018-02-20,13038,2018,2,1È¸Â÷ ÁßÃþºÎ,³«µ¿°­,³²°­´ï,³²°­´ï2,3.3,,,,,,,1.2,,,,0.0,1.6,,2.9,,,,,,,0,,13.1,1.581,0.009,155.0,0,,,,,,,0.034,,,0.720,,,,,8.6,,0.000,,1.0,,0,4.0,1.887,2.1,0.010,,
2018-02-20,13156,2018,2,1È¸Â÷ ÇÏÃþºÎ,³«µ¿°­,³²°­´ï,³²°­´ï2,5.4,,,,,,,1.3,,,,0.0,2.9,,2.7,,,,,,,0,,12.8,1.615,0.008,164.0,0,,,,,,,0.048,,,0.700,,,,,8.5,,0.000,,1.5,,0,4.0,1.879,2.1,0.009,,
2018-03-12,13407,2018,3,1È¸Â÷ »óÃþºÎ,³«µ¿°­,³²°­´ï,³²°­´ï2,0.3,0.00,,0.0000,0.00000,,0.0000,1.2,0.0000,0.00000,0.000,0.0,0.6,0.00,2.9,,,0.000,,0.0000,0.0000,0,0.000,11.6,1.307,0.010,170.0,0,,,0.000,0.000,0.0000000,,0.100,,,0.990,,0.00000,,0.000,8.8,0.000,0.000,,3.4,0.000,1,9.0,1.465,1.9,0.011,3.0,
2018-03-12,13533,2018,3,1È¸Â÷ ÁßÃþºÎ,³«µ¿°­,³²°­´ï,³²°­´ï2,4.0,0.00,,0.0000,0.00000,,,1.5,,0.00000,,0.0,1.4,0.00,3.0,,,0.000,,,,0,,11.4,1.228,0.008,181.0,0,,,,,0.0000000,,0.112,,,0.960,,0.00000,,,8.6,,0.000,,1.2,,10,8.0,1.431,2.0,0.010,,
2018-03-12,13652,2018,3,1È¸Â÷ ÇÏÃþºÎ,³«µ¿°­,³²°­´ï,³²°­´ï2,6.0,0.00,,0.0000,0.00000,,,1.4,,0.00000,,0.0,1.2,0.00,3.0,,,0.000,,,,0,,11.2,1.371,0.007,188.0,0,,,,,0.0000000,,0.086,,,0.980,,0.00000,,,8.4,,0.000,,1.2,,35,7.0,1.469,2.0,0.010,,
2018-04-09,13899,2018,4,1È¸Â÷ »óÃþºÎ,³«µ¿°­,³²°­´ï,³²°­´ï2,0.3,,,,,,,1.2,,,,0.0,4.2,,3.0,,,,,,,0,,9.8,1.652,0.013,120.0,0,,,,,,,0.593,,,0.950,,,,,8.5,0.000,0.003,,1.2,,48,14.0,1.859,2.0,0.016,3.2,
2018-04-09,14023,2018,4,1È¸Â÷ ÁßÃþºÎ,³«µ¿°­,³²°­´ï,³²°­´ï2,5.1,,,,,,,1.3,,,,0.0,4.1,,3.2,,,,,,,0,,9.8,2.079,0.015,126.0,2,,,,,,,0.532,,,1.010,,,,,8.4,,0.004,,1.0,,100,13.0,2.211,2.1,0.019,,
2018-04-09,14141,2018,4,1È¸Â÷ ÇÏÃþºÎ,³«µ¿°­,³²°­´ï,³²°­´ï2,7.0,,,,,,,1.4,,,,0.0,3.8,,3.2,,,,,,,0,,9.8,1.985,0.014,131.0,0,,,,,,,0.616,,,1.070,,,,,8.3,,0.003,,0.9,,66,13.0,2.181,2.1,0.017,,
2018-05-15,14466,2018,5,1È¸Â÷ »óÃþºÎ,³«µ¿°­,³²°­´ï,³²°­´ï2,0.3,,,,,,,1.2,,,,0.0,1.7,,2.6,,,,,,,0,,9.6,1.142,0.004,82.0,1,,,,,,,0.052,,,0.730,,,,,8.8,0.000,0.000,,0.8,,3300,20.0,1.313,1.8,0.006,3.2,
2018-05-15,14589,2018,5,1È¸Â÷ ÁßÃþºÎ,³«µ¿°­,³²°­´ï,³²°­´ï2,4.4,,,,,,,1.4,,,,0.0,2.8,,3.0,,,,,,,0,,9.6,1.076,0.012,82.0,11,,,,,,,0.105,,,0.760,,,,,8.6,,0.002,,0.9,,7500,19.0,1.312,2.0,0.014,,
2018-05-15,14711,2018,5,1È¸Â÷ ÇÏÃþºÎ,³«µ¿°­,³²°­´ï,³²°­´ï2,7.4,,,,,,,1.4,,,,0.0,2.8,,2.9,,,,,,,0,,8.2,1.161,0.021,89.0,1,,,,,,,0.135,,,0.750,,,,,8.2,,0.003,,1.2,,6900,16.0,1.399,1.9,0.027,,
2018-06-11,14968,2018,6,1È¸Â÷ »óÃþºÎ,³«µ¿°­,³²°­´ï,³²°­´ï2,0.3,0.00,,0.0000,0.00000,,,1.4,,0.00000,,0.0,3.8,0.00,2.8,,,0.000,,,,0,,8.2,0.983,0.005,89.0,7,,,,,0.0000000,,0.112,,,0.670,,0.00000,,,8.4,0.000,0.001,,0.4,,1000,24.0,1.052,1.9,0.006,2.5,
2018-06-11,15098,2018,6,1È¸Â÷ ÁßÃþºÎ,³«µ¿°­,³²°­´ï,³²°­´ï2,3.9,0.00,,0.0000,0.00000,,,1.2,,0.00000,,0.0,3.9,0.00,2.6,,,0.000,,,,0,,8.2,1.400,0.005,89.0,7,,,,,0.0000000,,0.130,,,0.620,,0.00000,,,8.5,,0.002,,1.4,,3000,24.0,1.585,1.8,0.006,,
2018-06-11,15224,2018,6,1È¸Â÷ ÇÏÃþºÎ,³«µ¿°­,³²°­´ï,³²°­´ï2,6.2,0.00,,0.0000,0.00000,,,1.3,,0.00000,,0.0,5.1,0.00,2.7,,,0.000,,,,0,,5.0,1.352,0.006,95.0,6,,,,,0.0000000,,0.154,,,0.630,,0.00000,,,8.4,,0.003,,2.0,,20,21.0,1.684,1.8,0.007,,
2018-07-09,15456,2018,7,1È¸Â÷ »óÃþºÎ,³«µ¿°­,³²°­´ï,³²°­´ï2,0.5,,,,,,,1.6,,,,0.0,16.3,,3.3,,,,,,,0,,9.2,1.619,0.023,62.0,20,,,,,,,0.135,,,0.860,0.0000,,0.0000,,8.8,0.000,0.005,,4.1,,2100,22.0,1.628,2.5,0.038,1.2,
2018-07-09,15587,2018,7,1È¸Â÷ ÁßÃþºÎ,³«µ¿°­,³²°­´ï,³²°­´ï2,4.3,,,,,,,1.5,,,,0.0,12.2,,3.3,,,,,,,0,,8.7,1.530,0.016,62.0,1200,,,,,,,0.119,,,0.900,,,,,8.6,,0.005,,4.4,,16000,22.0,1.633,2.5,0.041,,
2018-07-09,15712,2018,7,1È¸Â÷ ÇÏÃþºÎ,³«µ¿°­,³²°­´ï,³²°­´ï2,7.2,,,,,,,1.6,,,,0.0,10.6,,3.4,,,,,,,0,,8.0,1.496,0.008,52.0,50,,,,,,,0.151,,,0.900,,,,,8.5,,0.000,,1.0,,1800,20.0,1.554,2.6,0.027,,
2018-08-16,16064,2018,8,1È¸Â÷ »óÃþºÎ,³«µ¿°­,³²°­´ï,³²°­´ï2,0.4,,,,,,,1.4,,,,0.0,13.6,,4.3,,,,,,,0,,7.1,0.874,0.017,99.0,4,,,,,,,0.112,,,0.140,,,,,9.0,0.000,0.000,,3.4,,180,31.0,1.130,3.2,0.028,1.2,
2018-08-16,16187,2018,8,1È¸Â÷ ÁßÃþºÎ,³«µ¿°­,³²°­´ï,³²°­´ï2,2.7,,,,,,,1.3,,,,0.0,14.4,,4.1,,,,,,,0,,6.7,0.916,0.025,94.0,0,,,,,,,0.267,,,0.180,,,,,8.9,,0.000,,3.4,,5,31.0,1.331,3.0,0.034,,
2018-08-16,16307,2018,8,1È¸Â÷ ÇÏÃþºÎ,³«µ¿°­,³²°­´ï,³²°­´ï2,4.0,,,,,,,1.2,,,,0.0,14.8,,3.8,,,,,,,0,,2.6,0.961,0.020,101.0,2,,,,,,,0.129,,,0.200,,,,,8.6,,0.000,,2.7,,9,30.0,1.336,2.8,0.029,,
2018-09-10,16554,2018,9,1È¸Â÷ »óÃþºÎ,³«µ¿°­,³²°­´ï,³²°­´ï2,,0.00,,0.0000,0.00000,,0.0000,1.5,0.0000,0.00000,0.000,0.0,21.4,0.00,4.1,,,0.000,,0.0000,0.0000,0,0.000,10.3,1.529,0.018,60.0,17,,,0.000,,0.0000000,,0.123,,,1.360,,0.00000,,,8.6,0.000,0.005,,7.4,0.000,1000,23.0,1.675,2.8,0.046,1.0,
2018-09-10,16686,2018,9,1È¸Â÷ ÁßÃþºÎ,³«µ¿°­,³²°­´ï,³²°­´ï2,,0.00,,0.0000,0.00000,,,1.4,,0.00000,,0.0,19.2,0.00,4.1,,,0.000,,,,0,,7.8,0.953,0.032,58.0,2,,,,,0.0000000,,0.092,,,0.610,,0.00000,,,8.4,,0.004,,5.3,,3000,22.0,0.994,2.8,0.054,,
2018-09-10,16812,2018,9,1È¸Â÷ ÇÏÃþºÎ,³«µ¿°­,³²°­´ï,³²°­´ï2,,0.00,,0.0000,0.00000,,,1.4,,0.00000,,0.0,10.3,0.00,4.2,,,0.000,,,,0,,7.2,1.152,0.041,59.0,13,,,,,0.0000000,,0.105,,,0.680,,0.00000,,,8.4,,0.005,,5.4,,22000,21.0,1.163,2.9,0.059,,
2018-10-15,17089,2018,10,1È¸Â÷ »óÃþºÎ,³«µ¿°­,³²°­´ï,³²°­´ï2,0.3,,,,,,,1.8,,,,0.0,4.3,,3.9,,,,,,,0,,7.7,1.210,0.041,46.0,180,,,,,,,0.092,,,0.440,,,,,7.7,0.000,0.027,,3.7,,1000,18.0,1.375,2.7,0.072,0.6,
2018-10-15,17214,2018,10,1È¸Â÷ ÁßÃþºÎ,³«µ¿°­,³²°­´ï,³²°­´ï2,4.6,,,,,,,1.7,,,,0.0,4.2,,3.5,,,,,,,0,,7.4,1.452,0.043,43.0,100,,,,,,,0.098,,,0.801,,,,,7.0,,0.029,,3.8,,33000,17.5,1.614,2.6,0.060,,
2018-10-15,17337,2018,10,1È¸Â÷ ÇÏÃþºÎ,³«µ¿°­,³²°­´ï,³²°­´ï2,7.5,,,,,,,1.6,,,,0.0,4.0,,3.0,,,,,,,0,,7.5,1.744,0.022,45.0,2300,,,,,,,0.086,,,1.446,,,,,6.8,,0.015,,6.3,,72000,17.4,1.846,2.2,0.046,,
2018-11-14,17639,2018,11,1È¸Â÷ »óÃþºÎ,³«µ¿°­,³²°­´ï,³²°­´ï2,0.5,,,,,,,1.3,,,,0.0,10.3,,2.8,,,,,,,0,,9.2,1.195,0.010,75.0,50,,,,,,,0.085,,,0.522,,,,,7.6,0.000,0.007,,2.2,,300,14.6,1.256,2.0,0.023,2.3,
2018-11-14,17766,2018,11,1È¸Â÷ ÁßÃþºÎ,³«µ¿°­,³²°­´ï,³²°­´ï2,5.0,,,,,,,1.5,,,,0.0,12.1,,3.2,,,,,,,0,,9.0,1.264,0.013,74.0,69,,,,,,,0.110,,,0.524,,,,,7.2,,0.005,,3.3,,100,14.5,1.315,2.2,0.037,,
2018-11-14,17891,2018,11,1È¸Â÷ ÇÏÃþºÎ,³«µ¿°­,³²°­´ï,³²°­´ï2,8.0,,,,,,,1.6,,,,0.0,13.2,,3.2,,,,,,,0,,8.6,1.234,0.011,76.0,720,,,,,,,0.203,,,0.524,,,,,7.1,,0.005,,5.9,,1300,14.2,1.549,2.3,0.059,,
2018-12-10,18146,2018,12,1È¸Â÷ »óÃþºÎ,³«µ¿°­,³²°­´ï,³²°­´ï2,0.5,0.00,,0.0000,0.00000,,,1.4,,0.00000,,0.0,6.2,0.00,2.8,,,0.000,,,,0,,10.2,1.322,0.010,76.0,22,,,,,0.0000000,,0.091,,,0.800,,0.00000,,,7.9,0.000,0.004,,3.2,,200,9.1,1.379,1.8,0.020,1.9,
2018-12-10,18276,2018,12,1È¸Â÷ ÁßÃþºÎ,³«µ¿°­,³²°­´ï,³²°­´ï2,4.5,0.00,,0.0000,0.00000,,,1.3,,0.00000,,0.0,6.0,0.00,2.7,,,0.000,,,,0,,9.6,1.258,0.010,76.0,19,,,,,0.0000000,,0.113,,,0.700,,0.00000,,,7.6,,0.004,,3.1,,48,9.1,1.432,1.8,0.019,,
2018-12-10,18402,2018,12,1È¸Â÷ ÇÏÃþºÎ,³«µ¿°­,³²°­´ï,³²°­´ï2,8.0,0.00,,0.0000,0.00000,,,1.2,,0.00000,,0.0,6.1,0.00,2.7,,,0.000,,,,0,,9.5,1.423,0.011,76.0,27,,,,,0.0000000,,0.195,,,0.700,,0.00000,,,7.6,,0.004,,3.0,,58,9.1,1.756,1.8,0.018,,
2019-01-07,18644,2019,1,1È¸Â÷ »óÃþºÎ,³«µ¿°­,³²°­´ï,³²°­´ï2,0.5,,,,,,,1.6,,,,0.0,3.5,,2.0,,,,,,,0,,11.8,1.518,0.008,84.0,3,,,,,,,0.093,,,0.800,,,,,7.8,0.000,0.000,,1.2,,7,4.9,1.590,1.8,0.017,3.0,
2019-01-07,18768,2019,1,1È¸Â÷ ÁßÃþºÎ,³«µ¿°­,³²°­´ï,³²°­´ï2,4.0,,,,,,,1.6,,,,0.0,4.0,,2.1,,,,,,,0,,11.3,1.381,0.002,84.0,3,,,,,,,0.096,,,0.800,,,,,7.7,,0.000,,0.9,,15,4.8,1.469,1.9,0.013,,
2019-01-07,18885,2019,1,1È¸Â÷ ÇÏÃþºÎ,³«µ¿°­,³²°­´ï,³²°­´ï2,7.0,,,,,,,1.2,,,,0.0,4.8,,1.9,,,,,,,0,,10.9,1.372,0.006,85.0,3,,,,,,,0.097,,,0.800,,,,,7.6,,0.000,,1.8,,9,4.9,1.338,1.8,0.016,,
2019-02-12,19181,2019,2,1È¸Â÷ »óÃþºÎ,³«µ¿°­,³²°­´ï,³²°­´ï2,0.4,,,,,,,0.7,,,,0.0,3.7,,2.0,,,,,,,0,,12.2,0.734,0.000,96.0,1,,,,,,,0.051,,,1.000,,,,,7.9,0.000,0.000,,0.0,,6,4.8,1.208,1.8,0.010,3.2,
2019-02-12,19303,2019,2,1È¸Â÷ ÁßÃþºÎ,³«µ¿°­,³²°­´ï,³²°­´ï2,4.7,,,,,,,1.0,,,,0.0,4.0,,2.8,,,,,,,0,,12.0,0.849,0.004,96.0,4,,,,,,,0.042,,,1.000,,,,,7.9,,0.000,,0.0,,5,4.7,1.373,1.6,0.013,,
2019-02-12,19417,2019,2,1È¸Â÷ ÇÏÃþºÎ,³«µ¿°­,³²°­´ï,³²°­´ï2,8.3,,,,,,,0.8,,,,0.0,3.8,,2.1,,,,,,,0,,11.8,0.882,0.005,96.0,5,,,,,,,0.052,,,1.000,,,,,7.9,,0.000,,0.0,,3,4.7,1.581,1.7,0.012,,
2019-03-11,19702,2019,3,1È¸Â÷ »óÃþºÎ,³«µ¿°­,³²°­´ï,³²°­´ï2,0.3,0.00,,0.0000,0.00000,,0.0000,1.4,0.0000,0.00000,0.000,0.0,5.0,0.00,1.5,,,0.000,,0.0000,0.0000,0,0.000,11.8,0.750,0.002,109.0,0,,,0.000,0.000,0.0000000,,0.061,,,1.200,,0.00000,,0.000,8.2,0.000,0.000,,1.2,0.000,36,9.4,0.963,1.7,0.006,3.2,
2019-03-11,19822,2019,3,1È¸Â÷ ÁßÃþºÎ,³«µ¿°­,³²°­´ï,³²°­´ï2,5.0,0.00,,0.0000,0.00000,,0.0000,1.9,0.0000,0.00000,0.000,0.0,5.9,0.00,2.2,,,0.000,,0.0000,0.0000,0,0.000,11.8,0.990,0.008,109.0,0,,,0.000,0.000,0.0000000,,0.065,,,1.200,,0.00000,,0.000,8.2,0.000,0.000,,1.2,0.000,61,9.3,1.069,1.8,0.010,,
2019-03-11,19934,2019,3,1È¸Â÷ ÇÏÃþºÎ,³«µ¿°­,³²°­´ï,³²°­´ï2,8.0,0.00,,0.0000,0.00000,,0.0000,1.9,0.0000,0.00000,0.000,0.0,5.3,0.00,2.1,,,0.000,,0.0000,0.0000,0,0.000,10.2,0.893,0.002,110.0,0,,,0.000,0.000,0.0000000,,0.057,,,1.200,,0.00000,,0.000,8.0,0.000,0.000,,2.4,0.000,53,7.0,0.926,1.7,0.011,,
2019-04-08,20186,2019,4,1È¸Â÷ »óÃþºÎ,³«µ¿°­,³²°­´ï,³²°­´ï2,0.3,,,,,,,0.7,,,,0.0,1.4,,4.9,,,,,,,0,,10.4,2.425,0.004,114.0,0,,,,,,,0.060,,,1.200,,,,,8.0,0.000,0.007,,2.4,,84,13.4,2.479,1.6,0.009,3.2,
2019-04-08,20315,2019,4,1È¸Â÷ ÁßÃþºÎ,³«µ¿°­,³²°­´ï,³²°­´ï2,4.2,,,,,,,1.1,,,,0.0,2.1,,4.7,,,,,,,0,,10.4,2.244,0.006,115.0,1,,,,,,,0.064,,,1.200,,,,,8.0,0.000,0.003,,1.6,,164,12.6,2.473,1.7,0.006,,
2019-04-08,20440,2019,4,1È¸Â÷ ÇÏÃþºÎ,³«µ¿°­,³²°­´ï,³²°­´ï2,7.2,,,,,,,1.4,,,,0.0,2.5,,4.4,,,,,,,0,,10.0,2.411,0.004,118.0,0,,,,,,,0.059,,,1.200,,,,,7.9,0.000,0.006,,1.2,,19,11.9,2.518,1.6,0.008,,
2019-05-07,20712,2019,5,1È¸Â÷ »óÃþºÎ,³«µ¿°­,³²°­´ï,³²°­´ï2,0.3,,,,,,,1.1,,,,0.0,2.3,,2.6,,,,,,,0,,9.5,1.030,0.001,93.0,0,,,,,,,0.063,,,0.800,,,,,8.1,0.000,0.000,,1.2,,32,19.0,1.197,1.7,0.005,5.0,
2019-05-07,20821,2019,5,1È¸Â÷ ÁßÃþºÎ,³«µ¿°­,³²°­´ï,³²°­´ï2,4.4,,,,,,,1.5,,,,0.0,2.6,,2.6,,,,,,,0,,9.4,1.106,0.005,104.0,1,,,,,,,0.059,,,0.800,,,,,7.9,0.000,0.003,,1.2,,14,18.4,1.688,1.7,0.006,,
2019-05-07,20930,2019,5,1È¸Â÷ ÇÏÃþºÎ,³«µ¿°­,³²°­´ï,³²°­´ï2,9.0,,,,,,,2.0,,,,0.0,3.1,,2.9,,,,,,,0,,5.0,1.309,0.009,105.0,55,,,,,,,0.064,,,0.800,,,,,7.3,0.000,0.007,,4.0,,13,13.9,2.159,1.7,0.025,,
2019-06-10,21240,2019,6,1È¸Â÷ »óÃþºÎ,³«µ¿°­,³²°­´ï,³²°­´ï2,1.3,0.00,,0.0000,0.00000,,,0.3,,0.00000,,0.0,3.1,0.00,4.0,,,0.000,,,,0,,9.6,0.469,0.001,90.0,0,,,,,0.0000000,,0.012,,,0.300,,0.00000,,,9.1,0.000,0.003,,1.2,,120,24.2,0.733,2.1,0.007,2.5,
2019-06-10,21367,2019,6,1È¸Â÷ ÁßÃþºÎ,³«µ¿°­,³²°­´ï,³²°­´ï2,4.5,0.00,,0.0000,0.00000,,,0.3,,0.00000,,0.0,3.4,0.00,3.8,,,0.000,,,,0,,10.0,0.517,0.001,84.0,1,,,,,0.0000000,,0.012,,,0.300,,0.00000,,,9.0,0.000,0.004,,2.0,,148,23.7,0.631,2.1,0.009,,
2019-06-10,21486,2019,6,1È¸Â÷ ÇÏÃþºÎ,³«µ¿°­,³²°­´ï,³²°­´ï2,8.0,0.00,,0.0000,0.00000,,,0.3,,0.00000,,0.0,6.9,0.00,3.4,,,0.000,,,,0,,1.0,0.812,0.002,81.0,16,,,,,0.0000000,,0.083,,,0.300,,0.00000,,,7.2,0.000,0.012,,6.4,,186,17.5,0.779,1.9,0.015,,
2019-07-08,21758,2019,7,1È¸Â÷ »óÃþºÎ,³«µ¿°­,³²°­´ï,³²°­´ï2,0.5,,,,,,,0.7,,,,0.0,1.7,,3.7,,,,,,,0,,8.7,0.150,0.006,86.0,3,,,,,,,0.003,,,0.200,0.0000,,0.0000,,8.7,0.000,0.002,,2.0,,1300,26.6,0.180,2.5,0.013,3.5,
2019-07-08,21890,2019,7,1È¸Â÷ ÁßÃþºÎ,³«µ¿°­,³²°­´ï,³²°­´ï2,4.0,,,,,,,0.7,,,,0.0,2.4,,3.9,,,,,,,0,,8.7,0.132,0.007,66.0,31,,,,,,,0.006,,,0.500,0.0000,,0.0000,,8.4,0.000,0.004,,2.4,,2420,24.4,0.165,2.2,0.017,,
2019-07-08,22019,2019,7,1È¸Â÷ ÇÏÃþºÎ,³«µ¿°­,³²°­´ï,³²°­´ï2,8.0,,,,,,,1.2,,,,0.0,2.1,,4.3,,,,,,,0,,5.6,0.148,0.009,57.0,59,,,,,,,0.008,,,0.500,0.0000,,0.0000,,7.6,0.000,0.026,,18.4,,2420,20.0,0.184,2.0,0.028,,
2019-08-12,22356,2019,8,1È¸Â÷ »óÃþºÎ,³«µ¿°­,³²°­´ï,³²°­´ï2,0.3,,,,,,,1.0,,,,0.0,0.4,,3.9,,,,,,,0,,7.5,0.967,0.011,63.0,0,,,,,,,0.042,,,0.500,,,,,8.3,0.000,0.005,,2.4,,548,29.8,1.139,1.9,0.038,3.0,
2019-08-12,22486,2019,8,1È¸Â÷ ÁßÃþºÎ,³«µ¿°­,³²°­´ï,³²°­´ï2,6.0,,,,,,,0.4,,,,0.0,0.3,,4.1,,,,,,,0,,1.2,1.339,0.013,72.0,0,,,,,,,0.053,,,0.500,,,,,7.3,0.000,0.009,,2.0,,119,24.0,1.580,1.9,0.019,,
2019-08-12,22615,2019,8,1È¸Â÷ ÇÏÃþºÎ,³«µ¿°­,³²°­´ï,³²°­´ï2,9.0,,,,,,,0.5,,,,0.0,0.5,,4.0,,,,,,,0,,1.0,0.949,0.012,47.0,0,,,,,,,0.053,,,0.600,,,,,7.1,0.000,0.006,,1.6,,205,19.8,2.059,2.2,0.021,,
2019-09-09,22853,2019,9,1È¸Â÷ »óÃþºÎ,³«µ¿°­,³²°­´ï,³²°­´ï2,0.3,0.00,,0.0000,0.00000,,0.0000,1.3,0.0000,0.00000,0.000,0.0,3.6,0.00,9.0,,,0.000,,0.0000,0.0000,0,0.000,9.6,0.940,0.007,64.0,8,,,0.000,0.000,0.0000000,,0.016,,,0.300,,0.00000,,0.000,8.9,0.000,0.011,,4.4,0.000,1120,26.3,1.138,2.6,0.039,1.5,
2019-09-09,22991,2019,9,1È¸Â÷ ÁßÃþºÎ,³«µ¿°­,³²°­´ï,³²°­´ï2,5.5,0.00,,0.0000,0.00000,,0.0000,1.5,0.0000,0.00000,0.000,0.0,3.5,0.00,7.4,,,0.000,,0.0000,0.0000,0,0.000,6.0,0.897,0.006,73.0,1,,,0.000,0.000,0.0000000,,0.016,,,0.300,,0.00000,,0.000,7.7,0.000,0.002,,2.8,0.000,1046,23.8,1.478,2.4,0.025,,
2019-09-09,23123,2019,9,1È¸Â÷ ÇÏÃþºÎ,³«µ¿°­,³²°­´ï,³²°­´ï2,9.0,0.00,,0.0000,0.00000,,0.0000,0.9,0.0000,0.00000,0.000,0.0,3.4,0.00,5.1,,,0.000,,0.0000,0.0000,0,0.000,6.0,1.250,0.004,34.0,12,,,0.000,0.000,0.0000000,,0.071,,,0.400,,0.00000,,0.000,7.5,0.000,0.008,,5.6,0.000,2420,21.4,1.415,2.3,0.038,,
2019-10-14,23446,2019,10,1È¸Â÷ »óÃþºÎ,³«µ¿°­,³²°­´ï,³²°­´ï2,0.4,,,,,,,0.9,,,,0.0,1.3,,4.2,,,,,,,0,,9.1,0.440,0.014,43.0,2,,,,,,,0.077,,,0.700,,,,,8.3,0.000,0.011,,2.0,,84,19.8,2.943,2.2,0.030,1.5,
2019-10-14,23582,2019,10,1È¸Â÷ ÁßÃþºÎ,³«µ¿°­,³²°­´ï,³²°­´ï2,6.0,,,,,,,0.9,,,,0.0,0.6,,4.1,,,,,,,0,,8.1,0.770,0.015,46.0,4,,,,,,,0.176,,,0.800,,,,,8.0,0.000,0.002,,3.2,,1046,19.6,1.120,2.2,0.062,,
2019-10-14,23712,2019,10,1È¸Â÷ ÇÏÃþºÎ,³«µ¿°­,³²°­´ï,³²°­´ï2,9.5,,,,,,,0.7,,,,0.0,0.5,,3.9,,,,,,,0,,7.4,0.553,0.015,45.0,1,,,,,,,0.076,,,0.800,,,,,7.9,0.000,0.008,,4.0,,649,19.4,2.183,2.2,0.044,,
2019-11-11,23980,2019,11,1È¸Â÷ »óÃþºÎ,³«µ¿°­,³²°­´ï,³²°­´ï2,0.4,,,,,,,1.2,,,,0.0,0.6,,2.0,,,,,,,0,,7.4,1.147,0.006,62.0,10,,,,,,,0.118,,,0.700,,,,,8.1,0.000,0.006,,2.8,,80,16.4,2.943,2.0,0.008,2.0,
2019-11-11,24118,2019,11,1È¸Â÷ ÁßÃþºÎ,³«µ¿°­,³²°­´ï,³²°­´ï2,6.1,,,,,,,1.1,,,,0.0,0.9,,2.2,,,,,,,0,,7.4,1.564,0.007,61.0,3,,,,,,,0.146,,,0.700,,,,,7.8,0.000,0.006,,1.2,,14,16.3,1.588,1.8,0.012,,
2019-11-11,24250,2019,11,1È¸Â÷ ÇÏÃþºÎ,³«µ¿°­,³²°­´ï,³²°­´ï2,9.5,,,,,,,1.2,,,,0.0,0.2,,2.2,,,,,,,0,,7.4,1.087,0.011,61.0,1,,,,,,,0.177,,,0.700,,,,,7.7,0.000,0.005,,2.0,,14,16.3,2.183,1.9,0.012,,
2019-12-09,24519,2019,12,1È¸Â÷ »óÃþºÎ,³«µ¿°­,³²°­´ï,³²°­´ï2,0.4,0.00,,0.0000,0.00000,,,0.6,,0.00000,,0.0,0.8,0.00,1.4,,,0.000,,,,0,,8.1,1.453,0.003,75.0,0,,,,,0.0000000,,0.027,,,0.700,,0.00000,,,7.4,0.000,0.006,,2.0,,5,10.7,1.772,1.4,0.014,3.0,
2019-12-09,24655,2019,12,1È¸Â÷ ÁßÃþºÎ,³«µ¿°­,³²°­´ï,³²°­´ï2,6.1,0.00,,0.0000,0.00000,,,0.6,,0.00000,,0.0,0.7,0.00,1.7,,,0.000,,,,0,,7.9,1.594,0.009,74.0,0,,,,,0.0000000,,0.034,,,0.700,,0.00000,,,7.2,0.000,0.005,,1.6,,1,10.6,1.699,1.6,0.015,,
2019-12-09,24788,2019,12,1È¸Â÷ ÇÏÃþºÎ,³«µ¿°­,³²°­´ï,³²°­´ï2,10.1,0.00,,0.0000,0.00000,,,0.8,,0.00000,,0.0,1.7,0.00,2.8,,,0.000,,,,0,,7.9,1.088,0.006,70.0,1,,,,,0.0000000,,0.014,,,0.700,,0.00000,,,7.3,0.000,0.002,,2.0,,2,10.0,1.171,2.5,0.008,,
2020-01-13,25078,2020,1,1È¸Â÷ »óÃþºÎ,³«µ¿°­,³²°­´ï,³²°­´ï2,0.5,,,,,,,1.6,,,,0.0,1.0,,2.2,,,,,,,0,,7.3,1.342,0.001,82.0,1,,,,,,,0.267,,,1.000,,,,,7.4,0.000,0.001,,0.8,,67,6.4,1.530,2.1,0.002,2.5,
2020-01-13,25218,2020,1,1È¸Â÷ ÁßÃþºÎ,³«µ¿°­,³²°­´ï,³²°­´ï2,5.0,,,,,,,1.7,,,,0.0,0.4,,2.5,,,,,,,0,,7.6,1.180,0.008,84.0,1,,,,,,,0.029,,,1.000,,,,,7.5,0.000,0.002,,0.8,,108,6.3,2.173,1.8,0.008,,
2020-01-13,25352,2020,1,1È¸Â÷ ÇÏÃþºÎ,³«µ¿°­,³²°­´ï,³²°­´ï2,10.0,,,,,,,1.5,,,,0.0,0.9,,2.4,,,,,,,0,,7.7,1.254,0.003,87.0,1,,,,,,,0.091,,,1.000,,,,,7.6,0.000,0.002,,1.2,,225,6.1,1.635,1.9,0.007,,
2020-02-03,25545,2020,2,1È¸Â÷ »óÃþºÎ,³«µ¿°­,³²°­´ï,³²°­´ï2,0.5,,,,,,,1.4,,,,0.0,0.4,,2.3,,,,,,,0,,10.3,1.205,0.000,110.0,1,,,,,,,0.010,,,1.200,,,,,7.6,0.000,0.001,,1.6,,6,6.4,1.301,1.4,0.004,3.0,
2020-02-03,25688,2020,2,1È¸Â÷ ÁßÃþºÎ,³«µ¿°­,³²°­´ï,³²°­´ï2,5.0,,,,,,,1.8,,,,0.0,0.4,,3.1,,,,,,,0,,10.1,1.134,0.012,113.0,1,,,,,,,0.057,,,1.300,,,,,7.6,0.000,0.003,,2.0,,4,6.3,1.428,1.7,0.015,,
2020-02-03,25823,2020,2,1È¸Â÷ ÇÏÃþºÎ,³«µ¿°­,³²°­´ï,³²°­´ï2,9.5,,,,,,,1.7,,,,0.0,0.8,,2.9,,,,,,,0,,10.0,1.521,0.007,116.0,1,,,,,,,0.048,,,1.300,,,,,7.6,0.000,0.004,,2.4,,3,6.2,1.630,1.7,0.009,,
2020-03-09,26170,2020,3,1È¸Â÷ »óÃþºÎ,³«µ¿°­,³²°­´ï,³²°­´ï2,0.5,0.00,,0.0000,0.00000,,0.0000,0.9,0.0000,0.00000,0.000,0.0,1.4,0.00,1.5,,,0.000,,0.0000,0.0000,0,0.000,11.8,1.296,0.004,112.0,1,,,0.000,0.000,0.0000000,,0.060,,,1.200,,0.00000,,0.000,7.0,0.000,0.004,,0.4,0.000,23,9.1,1.664,1.1,0.009,3.0,
2020-03-09,26308,2020,3,1È¸Â÷ ÁßÃþºÎ,³«µ¿°­,³²°­´ï,³²°­´ï2,4.6,0.00,,0.0000,0.00000,,0.0000,1.0,0.0000,0.00000,0.000,0.0,0.7,0.00,1.6,,,0.000,,0.0000,0.0000,0,0.000,11.7,1.547,0.005,114.0,0,,,0.000,0.000,0.0000000,,0.054,,,1.300,,0.00000,,0.000,6.9,0.000,0.002,,0.8,0.000,12,9.0,3.022,1.3,0.014,,
2020-03-09,26442,2020,3,1È¸Â÷ ÇÏÃþºÎ,³«µ¿°­,³²°­´ï,³²°­´ï2,8.5,0.00,,0.0000,0.00000,,0.0000,1.0,0.0000,0.00000,0.000,0.0,0.9,0.00,1.6,,,0.000,,0.0000,0.0000,0,0.000,11.3,1.183,0.004,126.0,0,,,0.000,0.000,0.0000000,,0.064,,,1.300,,0.00000,,0.000,6.9,0.000,0.002,,0.8,0.000,9,8.4,1.753,1.4,0.013,,
2020-04-06,26694,2020,4,1È¸Â÷ »óÃþºÎ,³«µ¿°­,³²°­´ï,³²°­´ï2,0.5,,,,,,,0.9,,,,0.0,0.9,,1.9,,,,,,,0,,11.0,1.289,0.001,110.0,4,,,,,,,0.060,,,1.000,,,,,7.9,0.000,0.002,,0.8,,29,13.9,1.578,1.7,0.006,5.0,
2020-04-06,26837,2020,4,1È¸Â÷ ÁßÃþºÎ,³«µ¿°­,³²°­´ï,³²°­´ï2,5.0,,,,,,,0.8,,,,0.0,1.6,,1.9,,,,,,,0,,11.0,1.487,0.003,110.0,2,,,,,,,0.054,,,1.000,,,,,7.8,0.000,0.001,,0.4,,17,13.5,1.778,1.8,0.004,,
2020-04-06,26972,2020,4,1È¸Â÷ ÇÏÃþºÎ,³«µ¿°­,³²°­´ï,³²°­´ï2,8.0,,,,,,,0.8,,,,0.0,1.2,,2.0,,,,,,,0,,9.0,1.278,0.003,116.0,4,,,,,,,0.064,,,1.000,,,,,7.6,0.000,0.001,,0.8,,44,12.4,1.558,1.9,0.004,,
2020-05-11,27279,2020,5,1È¸Â÷ »óÃþºÎ,³«µ¿°­,³²°­´ï,³²°­´ï2,1.0,,,,,,,0.8,,,,0.0,4.1,,2.0,,,,,,,0,,10.5,0.692,0.004,90.0,4,,,,,,,0.128,,,0.400,,,,,8.5,0.000,0.001,,0.8,,20,20.1,0.892,1.8,0.008,2.0,
2020-05-11,27418,2020,5,1È¸Â÷ ÁßÃþºÎ,³«µ¿°­,³²°­´ï,³²°­´ï2,4.0,,,,,,,0.7,,,,0.0,4.3,,1.8,,,,,,,0,,10.3,0.895,0.004,95.0,3,,,,,,,0.121,,,0.500,,,,,7.9,0.000,0.002,,0.4,,16,18.8,1.086,1.6,0.009,,
2020-05-11,27551,2020,5,1È¸Â÷ ÇÏÃþºÎ,³«µ¿°­,³²°­´ï,³²°­´ï2,9.0,,,,,,,0.7,,,,0.0,5.2,,2.0,,,,,,,0,,6.3,0.739,0.007,93.0,2,,,,,,,0.104,,,0.500,,,,,7.1,0.000,0.005,,0.8,,17,16.7,0.886,1.5,0.010,,
2020-06-11,27853,2020,6,1È¸Â÷ »óÃþºÎ,³«µ¿°­,³²°­´ï,³²°­´ï2,0.5,0.00,,0.0000,0.00000,,,1.1,,0.00000,,0.0,2.0,0.00,2.4,,,0.000,,,,0,,9.7,0.680,0.006,110.0,1,,,,,0.0000000,,0.137,,,0.200,,0.00000,,,8.8,0.000,0.001,,1.2,,4,26.9,0.782,1.8,0.015,3.0,
2020-06-11,27988,2020,6,1È¸Â÷ ÁßÃþºÎ,³«µ¿°­,³²°­´ï,³²°­´ï2,2.5,0.00,,0.0000,0.00000,,,1.1,,0.00000,,0.0,1.0,0.00,2.8,,,0.000,,,,0,,9.4,0.671,0.004,111.0,2,,,,,0.0000000,,0.088,,,0.200,,0.00000,,,8.2,0.000,0.002,,2.0,,2,23.8,1.086,2.2,0.013,,
2020-06-11,28120,2020,6,1È¸Â÷ ÇÏÃþºÎ,³«µ¿°­,³²°­´ï,³²°­´ï2,5.0,0.00,,0.0000,0.00000,,,1.3,,0.00000,,0.0,1.9,0.00,2.7,,,0.000,,,,0,,0.9,0.607,0.005,94.0,1,,,,,0.0000000,,0.129,,,0.200,,0.00000,,,7.0,0.000,0.005,,1.2,,12,19.0,0.829,1.9,0.015,,
2020-07-06,28353,2020,7,1È¸Â÷ »óÃþºÎ,³«µ¿°­,³²°­´ï,³²°­´ï2,0.5,,,,,,,1.9,,,,0.0,5.5,,4.7,,,,,,,0,,9.0,0.583,0.018,99.0,0,,,,,,,0.291,,,0.200,0.0000,,0.0000,,8.2,0.000,0.001,,1.6,,4,25.1,0.772,2.9,0.022,2.0,
2020-07-06,28494,2020,7,1È¸Â÷ ÁßÃþºÎ,³«µ¿°­,³²°­´ï,³²°­´ï2,4.0,,,,,,,1.8,,,,0.0,1.9,,4.3,,,,,,,0,,9.1,0.586,0.016,97.0,0,,,,,,,0.405,,,0.300,0.0000,,0.0000,,7.8,0.000,0.002,,2.4,,24,24.5,1.104,3.1,0.028,,
2020-07-06,28627,2020,7,1È¸Â÷ ÇÏÃþºÎ,³«µ¿°­,³²°­´ï,³²°­´ï2,8.0,,,,,,,2.0,,,,0.0,2.7,,4.4,,,,,,,0,,6.5,1.344,0.020,67.0,1,,,,,,,0.474,,,0.400,0.0000,,0.0000,,7.5,0.000,0.005,,2.0,,87,22.4,1.980,3.0,0.026,,
2020-08-11,28941,2020,8,1È¸Â÷ »óÃþºÎ,³«µ¿°­,³²°­´ï,³²°­´ï2,0.5,,,,,,,1.4,,,,0.0,1.8,,3.5,,,,,,,0,,8.1,1.021,0.069,55.0,2,,,,,,,0.631,,,0.600,,,,,7.3,0.000,0.033,,28.4,,4,23.3,1.133,2.4,0.070,0.5,
2020-08-11,29079,2020,8,1È¸Â÷ ÁßÃþºÎ,³«µ¿°­,³²°­´ï,³²°­´ï2,4.0,,,,,,,1.4,,,,0.0,1.2,,3.2,,,,,,,0,,7.9,0.880,0.045,45.0,3,,,,,,,0.565,,,0.600,,,,,6.8,0.000,0.055,,27.6,,16,22.2,0.913,2.3,0.069,,
2020-08-11,29212,2020,8,1È¸Â÷ ÇÏÃþºÎ,³«µ¿°­,³²°­´ï,³²°­´ï2,8.0,,,,,,,1.2,,,,0.0,1.6,,3.1,,,,,,,0,,8.2,1.038,0.035,33.0,2,,,,,,,0.518,,,0.500,,,,,6.7,0.000,0.036,,23.2,,24,21.1,1.360,2.2,0.062,,
2020-09-08,29471,2020,9,1È¸Â÷ »óÃþºÎ,³«µ¿°­,³²°­´ï,³²°­´ï2,0.5,0.00,,0.0000,0.00000,,0.0000,1.0,0.0000,0.00000,0.000,0.0,4.2,0.00,2.8,,,0.000,,0.0000,0.0000,0,0.000,9.0,0.581,0.016,48.0,1081,,,0.000,0.000,0.0000000,,0.630,,,0.500,,0.00000,,0.000,7.7,0.000,0.008,,2.8,0.000,2495,21.4,0.727,1.6,0.019,0.5,
2020-09-08,29612,2020,9,1È¸Â÷ ÁßÃþºÎ,³«µ¿°­,³²°­´ï,³²°­´ï2,4.0,0.00,,0.0000,0.00000,,0.0000,1.2,0.0000,0.00000,0.000,0.0,4.6,0.00,3.2,,,0.000,,0.0000,0.0000,0,0.000,8.9,0.954,0.023,58.0,809,,,0.000,0.000,0.0000000,,0.446,,,0.700,,0.00000,,0.000,7.3,0.000,0.008,,3.2,0.000,24196,20.8,1.102,2.1,0.025,,
2020-09-08,29745,2020,9,1È¸Â÷ ÇÏÃþºÎ,³«µ¿°­,³²°­´ï,³²°­´ï2,8.0,0.00,,0.0000,0.00000,,0.0000,1.2,0.0000,0.00000,0.000,0.0,4.0,0.00,3.1,,,0.000,,0.0000,0.0000,0,0.000,8.9,0.643,0.030,59.0,7270,,,0.000,0.000,0.0000000,,0.522,,,0.700,,0.00000,,0.000,7.0,0.000,0.017,,3.6,0.000,8664,20.6,1.021,2.0,0.039,,
2020-10-12,30059,2020,10,1È¸Â÷ »óÃþºÎ,³«µ¿°­,³²°­´ï,³²°­´ï2,0.5,,,,,,,1.0,,,,0.0,4.6,,3.0,,,,,,,0,,9.5,0.622,0.001,68.0,0,,,,,,,0.126,,,0.500,,,,,8.0,0.000,0.001,,1.6,,55,20.5,0.703,1.9,0.004,2.5,
2020-10-12,30198,2020,10,1È¸Â÷ ÁßÃþºÎ,³«µ¿°­,³²°­´ï,³²°­´ï2,4.0,,,,,,,1.0,,,,0.0,3.9,,3.0,,,,,,,0,,9.4,1.139,0.004,68.0,0,,,,,,,0.297,,,0.500,,,,,8.0,0.000,0.002,,2.0,,88,20.4,1.615,1.9,0.004,,
2020-10-12,30331,2020,10,1È¸Â÷ ÇÏÃþºÎ,³«µ¿°­,³²°­´ï,³²°­´ï2,8.0,,,,,,,0.9,,,,0.0,4.1,,3.1,,,,,,,0,,9.3,0.787,0.004,69.0,1,,,,,,,0.262,,,0.500,,,,,7.9,0.000,0.002,,1.6,,30,20.3,0.990,2.1,0.005,,
2020-11-02,30518,2020,11,1È¸Â÷ »óÃþºÎ,³«µ¿°­,³²°­´ï,³²°­´ï2,0.5,,,,,,,1.4,,,,0.0,1.6,,3.9,,,,,,,0,,9.2,0.996,0.001,91.0,0,,,,,,,0.532,,,0.500,,,,,8.3,0.000,0.002,,1.2,,3,16.7,1.424,2.7,0.005,2.5,
2020-11-02,30659,2020,11,1È¸Â÷ ÁßÃþºÎ,³«µ¿°­,³²°­´ï,³²°­´ï2,4.0,,,,,,,1.5,,,,0.0,1.1,,3.9,,,,,,,0,,9.0,1.312,0.008,90.0,3,,,,,,,0.533,,,0.500,,,,,8.1,0.000,0.003,,1.2,,2,16.6,1.527,2.8,0.010,,
2020-11-02,30792,2020,11,1È¸Â÷ ÇÏÃþºÎ,³«µ¿°­,³²°­´ï,³²°­´ï2,8.0,,,,,,,1.4,,,,0.0,1.8,,3.8,,,,,,,0,,8.4,0.887,0.005,83.0,2,,,,,,,0.530,,,0.500,,,,,7.9,0.000,0.002,,0.8,,7,16.4,0.967,2.6,0.007,,
2020-12-01,31095,2020,12,1È¸Â÷ »óÃþºÎ,³«µ¿°­,³²°­´ï,³²°­´ï2,0.5,0.00,,0.0000,0.00000,,,1.3,,0.00000,,0.0,4.6,0.00,3.6,,,0.000,,,,0,,10.5,1.569,0.009,101.0,1,,,,,0.0000000,,0.261,,,0.500,,0.00000,,,8.6,0.000,0.004,,1.2,,2,11.7,1.888,2.7,0.012,2.0,
2020-12-01,31236,2020,12,1È¸Â÷ ÁßÃþºÎ,³«µ¿°­,³²°­´ï,³²°­´ï2,4.0,0.00,,0.0000,0.00000,,,1.4,,0.00000,,0.0,4.5,0.00,3.9,,,0.000,,,,0,,10.0,1.919,0.006,100.0,0,,,,,0.0000000,,0.305,,,0.500,,0.00000,,,8.2,0.000,0.003,,0.8,,2,11.6,2.662,2.9,0.013,,
2020-12-01,31369,2020,12,1È¸Â÷ ÇÏÃþºÎ,³«µ¿°­,³²°­´ï,³²°­´ï2,8.0,0.00,,0.0000,0.00000,,,1.5,,0.00000,,0.0,4.6,0.00,4.2,,,0.000,,,,0,,9.9,1.220,0.008,97.0,0,,,,,0.0000000,,0.276,,,0.500,,0.00000,,,8.0,0.000,0.002,,1.2,,1,11.4,1.986,3.4,0.008,,
2021-01-11,31715,2021,1,1È¸Â÷ »óÃþºÎ,³«µ¿°­,³²°­´ï,³²°­´ï2,0.5,,,,,,,1.0,,,,0.0,4.0,,3.1,,,,,,,0,,14.1,1.304,0.003,117.0,1,,,,,,,0.171,,,0.700,,,,,7.9,0.000,0.002,,0.4,,2,3.0,1.880,2.0,0.004,2.5,
2021-01-11,31848,2021,1,1È¸Â÷ ÁßÃþºÎ,³«µ¿°­,³²°­´ï,³²°­´ï2,4.0,,,,,,,1.0,,,,0.0,4.1,,3.0,,,,,,,0,,13.7,1.670,0.011,117.0,0,,,,,,,0.186,,,0.800,,,,,7.9,0.000,0.003,,0.4,,2,3.1,2.084,1.9,0.013,,
2021-01-11,31975,2021,1,1È¸Â÷ ÇÏÃþºÎ,³«µ¿°­,³²°­´ï,³²°­´ï2,8.0,,,,,,,0.6,,,,0.0,4.6,,3.3,,,,,,,0,,13.3,1.866,0.007,120.0,0,,,,,,,0.202,,,0.700,,,,,7.8,0.000,0.009,,0.4,,1,3.6,1.914,2.2,0.010,,
2021-02-01,32162,2021,2,1È¸Â÷ »óÃþºÎ,³«µ¿°­,³²°­´ï,³²°­´ï2,1.0,,,,,,,0.3,,,,0.0,4.4,,2.6,,,,,,,0,,13.5,1.397,0.001,128.0,0,,,,,,,0.112,,,1.000,,,,,8.0,0.000,0.001,,0.4,,0,4.4,1.420,1.8,0.005,3.0,
2021-02-01,32300,2021,2,1È¸Â÷ ÁßÃþºÎ,³«µ¿°­,³²°­´ï,³²°­´ï2,4.5,,,,,,,1.3,,,,0.0,3.8,,2.6,,,,,,,0,,13.4,2.125,0.002,129.0,0,,,,,,,0.111,,,0.900,,,,,8.0,0.000,0.002,,0.4,,1,4.4,2.762,1.9,0.004,,
2021-02-01,32430,2021,2,1È¸Â÷ ÇÏÃþºÎ,³«µ¿°­,³²°­´ï,³²°­´ï2,8.9,,,,,,,0.7,,,,0.0,3.5,,2.6,,,,,,,0,,13.3,1.380,0.002,131.0,0,,,,,,,0.120,,,0.900,,,,,8.0,0.000,0.002,,0.0,,6,4.3,1.633,1.8,0.003,,
2021-03-02,32704,2021,3,1È¸Â÷ »óÃþºÎ,³«µ¿°­,³²°­´ï,³²°­´ï2,0.5,0.01,,0.0000,0.00000,,0.0000,1.2,0.0000,0.00000,0.000,0.0,2.7,0.00,2.8,,,0.000,,0.0000,0.0000,0,0.000,12.9,0.923,0.000,139.0,0,,,0.000,0.000,0.0000000,,0.284,,,1.100,,0.00000,,0.000,8.2,0.000,0.001,,2.0,0.000,0,7.3,1.234,1.8,0.002,3.0,
2021-03-02,32847,2021,3,1È¸Â÷ ÁßÃþºÎ,³«µ¿°­,³²°­´ï,³²°­´ï2,4.0,0.01,,0.0000,0.00000,,0.0000,1.5,0.0000,0.00000,0.000,0.0,2.1,0.00,2.3,,,0.000,,0.0000,0.0000,0,0.000,12.9,0.795,0.002,140.0,2,,,0.000,0.000,0.0000000,,0.306,,,1.100,,0.00000,,0.000,8.4,0.000,0.001,,1.6,0.000,0,7.2,1.919,2.1,0.008,,
2021-03-02,32981,2021,3,1È¸Â÷ ÇÏÃþºÎ,³«µ¿°­,³²°­´ï,³²°­´ï2,8.0,0.01,,0.0000,0.00000,,0.0000,1.2,0.0000,0.00000,0.000,0.0,3.3,0.00,2.5,,,0.000,,0.0000,0.0000,0,0.000,12.9,1.005,0.000,140.0,0,,,0.000,0.000,0.0000000,,0.323,,,1.100,,0.00000,,0.000,8.3,0.000,0.001,,1.2,0.000,0,7.2,1.334,1.8,0.007,,
2021-04-06,33316,2021,4,1È¸Â÷ »óÃþºÎ,³«µ¿°­,³²°­´ï,³²°­´ï2,0.5,,,,,,,1.0,,,,0.0,3.3,,2.5,,,,,,,0,,11.6,0.991,0.002,130.0,2,,,,,,,0.165,,,1.000,,,,,7.7,0.000,0.001,,0.8,,11,14.8,1.111,1.6,0.008,3.0,
2021-04-06,33460,2021,4,1È¸Â÷ ÁßÃþºÎ,³«µ¿°­,³²°­´ï,³²°­´ï2,4.0,,,,,,,1.1,,,,0.0,3.1,,2.6,,,,,,,0,,10.5,1.553,0.001,128.0,3,,,,,,,0.132,,,1.000,,,,,7.7,0.000,0.001,,1.2,,4,14.6,1.896,1.6,0.004,,
2021-04-06,33595,2021,4,1È¸Â÷ ÇÏÃþºÎ,³«µ¿°­,³²°­´ï,³²°­´ï2,8.0,,,,,,,1.0,,,,0.0,3.2,,2.6,,,,,,,0,,9.0,0.844,0.009,138.0,2,,,,,,,0.080,,,0.900,,,,,7.7,0.000,0.001,,0.8,,4,12.5,1.007,1.6,0.011,,
2021-05-04,33867,2021,5,1È¸Â÷ »óÃþºÎ,³«µ¿°­,³²°­´ï,³²°­´ï2,1.0,,,,,,,0.8,,,,0.0,1.0,,3.6,,,,,,,0,,10.0,1.084,0.002,99.0,0,,,,,,,0.036,,,0.700,,,,,7.6,0.000,0.002,,0.4,,7,18.2,1.207,1.4,0.003,3.0,
2021-05-04,34009,2021,5,1È¸Â÷ ÁßÃþºÎ,³«µ¿°­,³²°­´ï,³²°­´ï2,4.0,,,,,,,1.1,,,,0.0,0.7,,2.9,,,,,,,0,,9.9,1.508,0.004,98.0,0,,,,,,,0.033,,,0.700,,,,,7.5,0.000,0.002,,0.8,,13,18.1,1.551,1.6,0.006,,
2021-05-04,34143,2021,5,1È¸Â÷ ÇÏÃþºÎ,³«µ¿°­,³²°­´ï,³²°­´ï2,7.0,,,,,,,1.0,,,,0.0,1.0,,3.6,,,,,,,0,,9.4,1.361,0.003,99.0,0,,,,,,,0.035,,,0.700,,,,,7.5,0.000,0.001,,14.4,,28,17.5,1.483,2.3,0.012,,
2021-06-07,34473,2021,6,1È¸Â÷ »óÃþºÎ,³«µ¿°­,³²°­´ï,³²°­´ï2,0.5,0.00,,0.0000,0.00000,,,0.3,,0.00000,,0.0,3.5,0.00,2.2,,,0.000,,,,0,,9.2,0.976,0.004,94.0,0,,,,,0.0000000,,0.016,,,0.400,,0.00000,,,7.8,0.000,0.002,,0.4,,28,23.7,1.028,1.8,0.005,3.0,
2021-06-07,34610,2021,6,1È¸Â÷ ÁßÃþºÎ,³«µ¿°­,³²°­´ï,³²°­´ï2,4.0,0.00,,0.0000,0.00000,,,0.4,,0.00000,,0.0,3.8,0.00,2.5,,,0.000,,,,0,,9.2,1.024,0.001,95.0,0,,,,,0.0000000,,0.053,,,0.400,,0.00000,,,7.8,0.000,0.001,,1.2,,19,23.2,1.057,2.0,0.003,,
2021-06-07,34744,2021,6,1È¸Â÷ ÇÏÃþºÎ,³«µ¿°­,³²°­´ï,³²°­´ï2,8.0,0.00,,0.0000,0.00000,,,0.5,,0.00000,,0.0,3.6,0.00,2.8,,,0.000,,,,0,,2.9,1.022,0.007,111.0,0,,,,,0.0000000,,0.064,,,0.400,,0.00000,,,7.4,0.000,0.003,,6.0,,20,20.3,1.085,2.0,0.011,,
2021-07-12,35038,2021,7,1È¸Â÷ »óÃþºÎ,³«µ¿°­,³²°­´ï,³²°­´ï2,0.5,,,,,,,1.0,,,,0.0,5.3,,4.7,,,,,,,0,,9.6,0.541,0.003,53.0,3,,,,,,,0.024,,,0.500,0.0000,,0.0000,,7.3,0.000,0.006,,4.8,,1414,24.9,0.671,2.2,0.016,2.0,
2021-07-12,35175,2021,7,1È¸Â÷ ÁßÃþºÎ,³«µ¿°­,³²°­´ï,³²°­´ï2,4.0,,,,,,,0.7,,,,0.0,3.8,,4.5,,,,,,,0,,8.0,0.797,0.003,61.0,143,,,,,,,0.066,,,0.800,0.0000,,0.0000,,7.1,0.000,0.015,,8.8,,1986,21.7,0.927,2.2,0.023,,
2021-07-12,35309,2021,7,1È¸Â÷ ÇÏÃþºÎ,³«µ¿°­,³²°­´ï,³²°­´ï2,8.0,,,,,,,0.9,,,,0.0,3.5,,4.0,,,,,,,0,,6.9,0.906,0.003,44.0,10,,,,,,,0.066,,,0.900,0.0000,,0.0000,,6.7,0.000,0.032,,8.0,,649,19.8,1.048,2.2,0.026,,
2021-08-09,35573,2021,8,1È¸Â÷ »óÃþºÎ,³«µ¿°­,³²°­´ï,³²°­´ï2,0.5,,,,,,,1.2,,,,0.0,4.1,,3.0,,,,,,,0,,7.7,1.158,0.011,76.0,0,,,,,,,0.114,,,0.400,,,,,7.4,0.000,0.010,,2.0,,28,30.6,1.499,2.2,0.021,3.0,
2021-08-09,35712,2021,8,1È¸Â÷ ÁßÃþºÎ,³«µ¿°­,³²°­´ï,³²°­´ï2,4.0,,,,,,,1.1,,,,0.0,3.5,,3.2,,,,,,,0,,7.3,1.410,0.011,77.0,0,,,,,,,0.090,,,0.400,,,,,7.2,0.000,0.009,,2.4,,67,30.5,1.453,2.3,0.022,,
2021-08-09,35845,2021,8,1È¸Â÷ ÇÏÃþºÎ,³«µ¿°­,³²°­´ï,³²°­´ï2,8.0,,,,,,,1.4,,,,0.0,3.2,,3.7,,,,,,,0,,3.9,1.270,0.012,82.0,0,,,,,,,0.110,,,0.400,,,,,7.0,0.000,0.009,,2.8,,74,28.5,1.484,2.3,0.021,,
2021-09-09,36181,2021,9,1È¸Â÷ »óÃþºÎ,³«µ¿°­,³²°­´ï,³²°­´ï2,0.5,0.01,,0.0000,0.00000,,0.0000,1.3,0.0000,0.00000,0.000,0.0,6.8,0.00,3.9,,,0.000,,0.0000,0.0000,0,0.000,10.8,1.502,0.010,73.0,1,,,0.000,0.000,0.0000000,,0.026,,,0.600,,0.00000,,0.000,8.0,0.000,0.007,,4.0,0.000,920,24.7,1.599,2.6,0.020,3.0,
2021-09-09,36323,2021,9,1È¸Â÷ ÁßÃþºÎ,³«µ¿°­,³²°­´ï,³²°­´ï2,4.0,0.01,,0.0000,0.00000,,0.0000,1.6,0.0000,0.00000,0.000,0.0,5.1,0.00,3.6,,,0.000,,0.0000,0.0000,0,0.000,9.6,1.465,0.013,69.0,1,,,0.000,0.000,0.0000000,,0.057,,,0.600,,0.00000,,0.000,7.7,0.000,0.007,,5.2,0.000,1600,24.4,1.705,2.3,0.020,,
2021-09-09,36457,2021,9,1È¸Â÷ ÇÏÃþºÎ,³«µ¿°­,³²°­´ï,³²°­´ï2,8.0,0.01,,0.0000,0.00000,,0.0000,1.4,0.0000,0.00000,0.000,0.0,7.2,0.00,4.0,,,0.000,,0.0000,0.0000,0,0.000,6.4,1.463,0.009,62.0,1,,,0.000,0.000,0.0000000,,0.139,,,0.700,,0.00000,,0.000,7.3,0.000,0.008,,6.0,0.000,1200,22.9,1.800,2.3,0.049,,
2021-10-12,36718,2021,10,1È¸Â÷ »óÃþºÎ,³«µ¿°­,³²°­´ï,³²°­´ï2,0.5,,,,,,,0.8,,,,0.0,3.4,,2.9,,,,,,,0,,9.0,0.544,0.013,95.0,0,,,,,,,0.026,,,0.400,,,,,7.5,0.000,0.010,,0.4,,340,24.1,0.621,2.0,0.020,4.0,
2021-10-12,36859,2021,10,1È¸Â÷ ÁßÃþºÎ,³«µ¿°­,³²°­´ï,³²°­´ï2,4.0,,,,,,,1.0,,,,0.0,3.1,,3.1,,,,,,,0,,8.6,0.554,0.010,96.0,0,,,,,,,0.022,,,0.400,,,,,7.6,0.000,0.008,,0.4,,770,24.1,0.593,2.1,0.011,,
2021-10-12,36992,2021,10,1È¸Â÷ ÇÏÃþºÎ,³«µ¿°­,³²°­´ï,³²°­´ï2,8.0,,,,,,,0.9,,,,0.0,2.1,,3.7,,,,,,,0,,8.2,0.528,0.009,102.0,4,,,,,,,0.026,,,0.400,,,,,7.4,0.000,0.008,,0.8,,920,23.5,0.541,2.0,0.015,,
2021-11-03,37226,2021,11,1È¸Â÷ »óÃþºÎ,³«µ¿°­,³²°­´ï,³²°­´ï2,0.5,,,,,,,0.8,,,,0.0,2.7,,2.6,,,,,,,0,,10.0,0.755,0.009,89.0,1,,,,,,,0.069,,,0.400,,,,,7.4,0.000,0.007,,4.4,,1100,17.4,0.800,2.1,0.016,2.0,
2021-11-03,37374,2021,11,1È¸Â÷ ÁßÃþºÎ,³«µ¿°­,³²°­´ï,³²°­´ï2,4.0,,,,,,,1.2,,,,0.0,3.5,,2.7,,,,,,,0,,9.5,0.812,0.010,89.0,1,,,,,,,0.088,,,0.400,,,,,7.3,0.000,0.010,,3.6,,4800,17.3,0.981,2.2,0.018,,
2021-11-03,37508,2021,11,1È¸Â÷ ÇÏÃþºÎ,³«µ¿°­,³²°­´ï,³²°­´ï2,8.0,,,,,,,1.3,,,,0.0,3.8,,2.8,,,,,,,0,,9.3,0.760,0.013,89.0,1,,,,,,,0.083,,,0.400,,,,,7.3,0.000,0.010,,12.4,,4800,17.3,0.813,2.0,0.018,,
2021-12-08,37824,2021,12,1È¸Â÷ »óÃþºÎ,³«µ¿°­,³²°­´ï,³²°­´ï2,0.5,0.01,,0.0000,0.00000,,,0.9,,0.00000,,0.0,3.2,0.00,2.5,,,0.000,,,,0,,10.9,0.837,0.009,104.0,0,,,,,0.0000000,,0.159,,,0.500,,0.00000,,,6.8,0.000,0.006,,1.6,,29,10.2,0.954,1.6,0.010,4.0,
2021-12-08,37967,2021,12,1È¸Â÷ ÁßÃþºÎ,³«µ¿°­,³²°­´ï,³²°­´ï2,4.0,0.01,,0.0000,0.00000,,,1.3,,0.00000,,0.0,3.2,0.00,2.5,,,0.000,,,,0,,10.6,0.896,0.007,104.0,0,,,,,0.0000000,,0.175,,,0.500,,0.00000,,,6.7,0.000,0.006,,1.6,,19,10.2,0.941,1.9,0.011,,
2021-12-08,38101,2021,12,1È¸Â÷ ÇÏÃþºÎ,³«µ¿°­,³²°­´ï,³²°­´ï2,8.0,0.01,,0.0000,0.00000,,,0.9,,0.00000,,0.0,2.3,0.00,2.6,,,0.000,,,,0,,10.5,1.199,0.010,103.0,0,,,,,0.0000000,,0.190,,,0.800,,0.00000,,,6.7,0.000,0.007,,3.2,,17,10.0,1.267,1.5,0.015,,
