 盲荐 老磊,No,楷档,岿,炼荤雀瞒,荐拌疙,吝鼻开疙,螟沥家疙,荐缴,澜捞柯拌搁劝己力,蜡樊,救萍阁,厚家,官俘,亥哩,积拱拳切利魂家夸备樊,荤堪拳藕家,墨靛古,努肺肺器抚,堪家捞柯,努肺肺鞘,矫救,拳切利魂家夸备樊,祸档,农芬,啊农芬,备府,促捞努肺肺俊藕,促捞努肺肺皋藕,促捞俊瓶琼角橇呕饭捞飘,促捞苛技牢,侩粮魂家,侩粮醚龙家,侩粮醚牢,傈扁傈档档,盒盔己措厘闭焙,侩秦己枚,阂家,琼荤努肺肺亥哩,器抚舅单洒靛,荐篮,侩秦己噶埃,鞠葛聪酒己龙家,畴富琼魂眠免拱龙,聪奶,龙魂己龙家,蜡扁牢,吵,弃府努肺府匙捞萍靛厚其匆,抛飘扼努肺肺俊瓶坊,荐家捞柯丑档,其愁幅,牢魂堪牢,伎饭唇,何蜡拱龙,飘府努肺肺俊瓶坊,醚措厘闭焙,荐柯,醚龙家,醚蜡扁藕家,醚牢,捧疙档,酒楷
2011-01-11,152,2011,1,1雀瞒 惑摸何,陛碍,措没达,措没达5,1.0,,,,,,,1.3,,,,0.0,3.6,,2.8,,,,,,,0,,11.7,1.219,0.002,144.0,0,,,,,,,0.025,,,1.056,,,,,7.6,0.000,0.001,,1.0,,200.0,6.0,1.335,,0.007,4.6,
2011-01-11,260,2011,1,1雀瞒 吝摸何,陛碍,措没达,措没达5,15.0,,,,,,,1.4,,,,0.0,,,3.0,,,,,,,0,,11.6,1.258,0.002,145.0,0,,,,,,,0.026,,,1.092,,,,,7.6,0.000,0.001,,0.3,,0.0,6.0,1.27,,0.006,,
2011-01-11,361,2011,1,1雀瞒 窍摸何,陛碍,措没达,措没达5,28.0,,,,,,,1.4,,,,0.0,,,3.4,,,,,,,0,,11.6,1.274,0.002,145.0,0,,,,,,,0.025,,,1.062,,,,,7.5,0.000,0.001,,0.3,,0.0,6.0,1.281,,0.006,,
2011-02-07,532,2011,2,1雀瞒 惑摸何,陛碍,措没达,措没达5,1.0,,,,,,,1.5,,,,0.0,6.1,,3.0,,,,,,,0,,13.9,1.178,0.002,148.0,0,,,,,,,0.030,,,1.024,,,,,7.6,0.000,0.000,,0.7,,0.0,3.0,1.203,,0.000,4.6,
2011-02-07,636,2011,2,1雀瞒 吝摸何,陛碍,措没达,措没达5,13.0,,,,,,,1.7,,,,0.0,,,3.0,,,,,,,0,,13.4,1.156,0.003,148.0,0,,,,,,,0.030,,,1.052,,,,,7.5,0.000,0.000,,0.7,,0.0,3.0,1.19,,0.000,,
2011-02-07,731,2011,2,1雀瞒 窍摸何,陛碍,措没达,措没达5,26.0,,,,,,,1.8,,,,0.0,,,3.0,,,,,,,0,,12.8,1.28,0.003,156.0,0,,,,,,,0.040,,,1.139,,,,,7.5,0.000,0.001,,0.3,,0.0,4.0,1.988,,0.000,,
2011-03-02,910,2011,3,1雀瞒 惑摸何,陛碍,措没达,措没达5,1.0,0.00,,,0.00000,,0.0000,1.2,0.0000,0.00000,0.000,0.0,5.5,0.00,3.0,,,0.000,,0.0000,0.0000,0,,14.0,1.128,0.008,152.0,0,,,,,0.0000000,,0.010,,,0.992,,0.00000,,0.000,8.0,0.000,0.002,,0.3,0.000,0.0,4.0,1.554,,0.020,4.8,
2011-03-02,1034,2011,3,1雀瞒 吝摸何,陛碍,措没达,措没达5,12.0,0.00,,,0.00000,,0.0000,1.2,0.0000,0.00000,0.000,0.0,,0.00,3.0,,,0.000,,0.0000,0.0000,0,,13.8,1.066,0.008,154.0,0,,,,,0.0000000,,0.050,,,1.003,,0.00000,,0.000,8.0,0.000,0.002,,0.3,0.000,0.0,4.0,1.768,,0.010,,
2011-03-02,1147,2011,3,1雀瞒 窍摸何,陛碍,措没达,措没达5,24.0,0.00,,,0.00000,,0.0000,0.9,0.0000,0.00000,0.000,0.0,,0.00,3.0,,,0.000,,0.0000,0.0000,0,,13.4,1.009,0.009,159.0,0,,,,,0.0000000,,0.060,,,0.858,,0.00000,,0.000,8.0,0.000,0.001,,1.0,0.000,0.0,4.0,2.047,,0.010,,
2011-04-04,1390,2011,4,1雀瞒 惑摸何,陛碍,措没达,措没达5,1.0,,,,,,,1.2,,,,0.0,6.4,,3.0,,,,,,,0,,12.3,1.16,0.007,159.0,0,,,,,,,0.020,,,1.098,,,,,8.1,0.000,0.000,,2.6,,100.0,9.0,1.248,,0.010,3.8,
2011-04-04,1523,2011,4,1雀瞒 吝摸何,陛碍,措没达,措没达5,12.0,,,,,,,1.1,,,,0.0,,,3.0,,,,,,,0,,12.4,1.242,0.004,160.0,0,,,,,,,0.020,,,1.150,,,,,8.2,0.000,0.001,,1.4,,0.0,6.0,1.384,,0.010,,
2011-04-04,1646,2011,4,1雀瞒 窍摸何,陛碍,措没达,措没达5,25.0,,,,,,,0.9,,,,0.0,,,3.0,,,,,,,0,,11.9,1.451,0.005,170.0,0,,,,,,,0.030,,,1.333,,,,,8.1,0.000,0.001,,1.2,,0.0,6.0,1.659,,0.010,,
2011-05-03,1889,2011,5,1雀瞒 惑摸何,陛碍,措没达,措没达5,1.0,,,,,,,1.2,,,,0.0,5.5,,3.4,,,,,,,0,,11.0,2.012,0.005,161.0,0,,,,,,,0.064,,,1.378,,,,,7.9,0.000,0.004,,3.3,,0.0,15.0,2.22,,0.012,3.8,
2011-05-03,2019,2011,5,1雀瞒 吝摸何,陛碍,措没达,措没达5,13.0,,,,,,,1.1,,,,0.0,,,3.2,,,,,,,0,,9.8,2.328,0.004,171.0,0,,,,,,,0.124,,,1.778,,,,,6.9,0.000,0.002,,2.0,,0.0,8.0,2.469,,0.009,,
2011-05-03,2140,2011,5,1雀瞒 窍摸何,陛碍,措没达,措没达5,26.0,,,,,,,0.8,,,,0.0,,,2.9,,,,,,,0,,10.5,1.549,0.001,163.0,0,,,,,,,0.124,,,1.062,,,,,6.5,0.000,0.000,,2.7,,0.0,6.0,1.561,,0.004,,
2011-06-09,2427,2011,6,1雀瞒 惑摸何,陛碍,措没达,措没达5,1.0,0.00,,,0.00000,,,2.3,,0.00000,,0.0,13.8,0.00,4.0,,,0.000,,,,0,,11.2,2.175,0.011,156.0,0,,,,,0.0000000,,0.075,,,2.074,,0.00000,,,9.5,0.000,0.003,,3.3,,300.0,24.0,2.894,,0.017,1.0,
2011-06-09,2556,2011,6,1雀瞒 吝摸何,陛碍,措没达,措没达5,12.0,0.00,,,0.00000,,,1.5,,0.00000,,0.0,,0.00,3.5,,,0.000,,,,0,,5.4,2.714,0.037,151.0,0,,,,,0.0000000,,0.008,,,2.679,,0.00000,,,7.5,0.000,0.009,,3.7,,100.0,16.0,3.203,,0.084,,
2011-06-09,2677,2011,6,1雀瞒 窍摸何,陛碍,措没达,措没达5,22.0,0.00,,,0.00000,,,1.8,,0.00000,,0.0,,0.00,2.8,,,0.000,,,,0,,5.8,2.884,0.010,177.0,0,,,,,0.0000000,,0.007,,,2.851,,0.00000,,,7.1,0.000,0.005,,2.0,,0.0,9.0,3.147,,0.019,,
2011-07-12,2916,2011,7,1雀瞒 惑摸何,陛碍,措没达,措没达5,1.0,,,,,,,1.5,,,,0.0,7.9,,3.2,,,,,,,0,,7.6,2.162,0.034,135.0,300,,,,,,,0.008,,,2.010,0.0000,,0.0000,,7.2,0.000,0.027,,6.0,,700.0,23.0,2.721,,0.056,0.8,
2011-07-12,3044,2011,7,1雀瞒 吝摸何,陛碍,措没达,措没达5,17.0,,,,,,,1.1,,,,0.0,,,5.1,,,,,,,0,,7.7,2.048,0.060,77.0,1100,,,,,,,0.026,,,1.685,0.0000,,0.0000,,6.9,0.000,0.053,,54.0,,3000.0,19.0,2.338,,0.177,,
2011-07-12,3165,2011,7,1雀瞒 窍摸何,陛碍,措没达,措没达5,31.0,,,,,,,0.9,,,,0.0,,,5.3,,,,,,,0,,7.8,2.01,0.080,71.0,2500,,,,,,,0.055,,,1.460,0.0000,,0.0000,,6.8,0.000,0.050,,75.0,,3300.0,19.0,2.531,,0.236,,
2011-08-01,3325,2011,8,1雀瞒 惑摸何,陛碍,措没达,措没达5,1.0,,,,,,,2.1,,,,0.0,36.4,,4.2,,,,,,,0,,12.2,1.9,0.016,138.0,0,,,,,,,0.086,,,1.527,,,,,9.7,0.000,0.001,,5.7,,200.0,29.0,2.01,,0.053,1.3,
2011-08-01,3457,2011,8,1雀瞒 吝摸何,陛碍,措没达,措没达5,15.0,,,,,,,0.8,,,,0.0,,,2.9,,,,,,,0,,5.4,2.078,0.038,129.0,0,,,,,,,0.008,,,2.030,,,,,7.8,0.000,0.031,,4.0,,500.0,21.0,2.159,,0.055,,
2011-08-01,3577,2011,8,1雀瞒 窍摸何,陛碍,措没达,措没达5,28.0,,,,,,,0.7,,,,0.0,,,2.9,,,,,,,0,,5.1,2.061,0.052,109.0,100,,,,,,,0.009,,,1.723,,,,,7.3,0.000,0.046,,24.0,,200.0,19.0,2.065,,0.101,,
2011-09-02,3877,2011,9,1雀瞒 惑摸何,陛碍,措没达,措没达5,1.0,0.00,,,0.00000,,0.0000,1.6,0.0000,0.00000,0.000,0.0,16.2,0.00,3.9,,,0.000,,0.0000,0.0000,0,,12.2,1.225,0.008,121.0,200,,,,,0.0000000,,0.014,,,0.995,,0.00000,,0.000,9.8,0.000,0.001,,4.7,0.000,800.0,29.0,1.297,,0.022,1.5,
2011-09-02,4008,2011,9,1雀瞒 吝摸何,陛碍,措没达,措没达5,15.0,0.00,,,0.00000,,0.0000,1.1,0.0000,0.00000,0.000,0.0,,0.00,2.9,,,0.000,,0.0000,0.0000,0,,4.9,2.02,0.039,117.0,300,,,,,0.0000000,,0.010,,,1.746,,0.00000,,0.000,7.8,0.000,0.033,,3.7,0.000,900.0,23.0,2.16,,0.047,,
2011-09-02,4132,2011,9,1雀瞒 窍摸何,陛碍,措没达,措没达5,28.0,0.00,,,0.00000,,0.0000,0.7,0.0000,0.00000,0.000,0.0,,0.00,3.2,,,0.000,,0.0000,0.0000,0,,3.7,1.608,0.037,100.0,100,,,,,0.0000000,,0.007,,,1.505,,0.00000,,0.000,7.2,0.000,0.030,,18.3,0.000,300.0,22.0,2.114,,0.094,,
2011-10-04,4381,2011,10,1雀瞒 惑摸何,陛碍,措没达,措没达5,1.0,,,,,,,0.8,,,,0.0,11.8,,3.2,,,,,,,0,,7.3,1.453,0.003,135.0,0,,,,,,,0.015,,,1.354,,,,,7.5,0.000,0.001,,2.7,,400.0,23.0,1.517,,0.018,1.4,
2011-10-04,4510,2011,10,1雀瞒 吝摸何,陛碍,措没达,措没达5,16.0,,,,,,,0.6,,,,0.0,,,3.0,,,,,,,0,,6.0,1.523,0.005,138.0,0,,,,,,,0.014,,,1.384,,,,,7.3,0.000,0.000,,2.3,,400.0,22.0,1.781,,0.018,,
2011-10-04,4631,2011,10,1雀瞒 窍摸何,陛碍,措没达,措没达5,28.0,,,,,,,0.8,,,,0.0,,,3.3,,,,,,,0,,1.6,1.487,0.009,129.0,500,,,,,,,0.050,,,1.271,,,,,6.9,0.000,0.002,,8.3,,1100.0,21.0,1.509,,0.029,,
2011-11-07,4945,2011,11,1雀瞒 惑摸何,陛碍,措没达,措没达5,1.0,,,,,,,1.4,,,,0.0,19.9,,3.6,,,,,,,0,,9.7,1.395,0.007,132.0,100,,,,,,,0.022,,,1.191,,,,,8.0,0.000,0.001,,1.3,,700.0,19.0,1.48,,0.015,2.9,
2011-11-07,5075,2011,11,1雀瞒 吝摸何,陛碍,措没达,措没达5,15.0,,,,,,,0.9,,,,0.0,,,2.8,,,,,,,0,,6.7,1.375,0.005,138.0,200,,,,,,,0.007,,,1.327,,,,,7.7,0.000,0.002,,1.0,,200.0,19.0,1.54,,0.009,,
2011-11-07,5195,2011,11,1雀瞒 窍摸何,陛碍,措没达,措没达5,28.0,,,,,,,1.1,,,,0.0,,,3.0,,,,,,,0,,7.5,1.381,0.002,167.0,200,,,,,,,0.008,,,1.278,,,,,7.5,0.000,0.002,,2.3,,400.0,17.0,1.747,,0.007,,
2011-12-05,5463,2011,12,1雀瞒 惑摸何,陛碍,措没达,措没达5,1.0,0.00,,,0.00000,,,1.1,,0.00000,,0.0,6.9,0.00,3.0,,,0.000,,,,0,,9.4,1.27,0.004,127.0,0,,,,,0.0000000,,0.010,,,1.103,,0.00000,,,7.5,0.000,0.001,,2.0,,800.0,14.0,1.405,,0.023,3.3,
2011-12-05,5589,2011,12,1雀瞒 吝摸何,陛碍,措没达,措没达5,15.0,0.00,,,0.00000,,,0.9,,0.00000,,0.0,,0.00,2.9,,,0.000,,,,0,,9.0,1.248,0.004,128.0,300,,,,,0.0000000,,0.009,,,1.150,,0.00000,,,7.5,0.000,0.000,,1.7,,700.0,14.0,1.289,,0.011,,
2011-12-05,5708,2011,12,1雀瞒 窍摸何,陛碍,措没达,措没达5,27.0,0.00,,,0.00000,,,0.8,,0.00000,,0.0,,0.00,2.7,,,0.000,,,,0,,9.5,1.355,0.007,153.0,100,,,,,0.0000000,,0.013,,,1.199,,0.00000,,,7.5,0.000,0.002,,3.7,,1500.0,12.0,1.604,,0.018,,
2012-01-03,5951,2012,1,1雀瞒 惑摸何,陛碍,措没达,措没达5,1.0,,,,,,,0.9,,,,0.0,3.1,,2.7,,,,,,,0,,10.9,1.49,0.005,132.0,0,,,,,,,0.014,,,1.235,,,,,7.7,0.000,0.004,,0.2,,100.0,8.0,1.633,,0.010,4.0,
2012-01-03,6060,2012,1,1雀瞒 吝摸何,陛碍,措没达,措没达5,15.0,,,,,,,0.8,,,,0.0,,,2.8,,,,,,,0,,10.6,1.476,0.006,133.0,100,,,,,,,0.010,,,1.225,,,,,7.7,0.000,0.004,,0.8,,100.0,8.0,1.482,,0.010,,
2012-01-03,6159,2012,1,1雀瞒 窍摸何,陛碍,措没达,措没达5,27.0,,,,,,,0.7,,,,0.0,,,2.9,,,,,,,0,,10.6,1.496,0.006,139.0,0,,,,,,,0.026,,,1.252,,,,,7.6,0.000,0.003,,0.6,,0.0,8.0,1.769,,0.012,,
2012-02-06,6413,2012,2,1雀瞒 惑摸何,陛碍,措没达,措没达5,1.0,,,,,,,0.8,,,,0.0,2.1,,2.4,,,,,,,0,,12.2,1.2,0.004,108.0,0,,,,,,,0.000,,,1.148,,,,,7.6,0.000,0.002,,0.6,,0.0,4.0,1.609,,0.006,2.8,
2012-02-06,6511,2012,2,1雀瞒 吝摸何,陛碍,措没达,措没达5,14.0,,,,,,,0.8,,,,0.0,,,2.4,,,,,,,0,,11.9,1.454,0.004,112.0,0,,,,,,,0.000,,,1.047,,,,,7.7,0.000,0.002,,0.8,,0.0,4.0,1.748,,0.006,,
2012-02-06,6604,2012,2,1雀瞒 窍摸何,陛碍,措没达,措没达5,26.0,,,,,,,0.7,,,,0.0,,,2.2,,,,,,,0,,11.6,1.387,0.004,120.0,0,,,,,,,0.011,,,1.172,,,,,7.6,0.000,0.002,,0.6,,0.0,4.0,1.742,,0.007,,
2012-03-06,6825,2012,3,1雀瞒 惑摸何,陛碍,措没达,措没达5,1.0,0.00,,,0.00000,,0.0000,1.0,0.0000,0.00000,0.000,0.0,2.6,0.00,2.8,,,0.000,,0.0000,0.0000,0,,12.8,1.356,0.014,118.0,0,,,,,0.0000000,,0.016,,,1.100,,0.00000,,0.000,7.9,0.000,0.006,,1.4,0.000,0.0,5.0,1.362,,0.046,4.8,
2012-03-06,6946,2012,3,1雀瞒 吝摸何,陛碍,措没达,措没达5,7.0,0.00,,,0.00000,,0.0000,1.2,0.0000,0.00000,0.000,0.0,,0.00,2.8,,,0.000,,0.0000,0.0000,0,,12.9,1.406,0.016,120.0,0,,,,,0.0000000,,0.020,,,1.100,,0.00000,,0.000,7.9,0.000,0.007,,1.0,0.000,0.0,5.0,1.626,,0.019,,
2012-03-06,7059,2012,3,1雀瞒 窍摸何,陛碍,措没达,措没达5,12.0,0.00,,,0.00000,,0.0000,1.0,0.0000,0.00000,0.000,0.0,,0.00,2.6,,,0.000,,0.0000,0.0000,0,,12.5,1.512,0.017,128.0,0,,,,,0.0000000,,0.028,,,1.200,,0.00000,,0.000,7.7,0.000,0.008,,1.2,0.000,0.0,4.0,1.528,,0.030,,
2012-04-05,7337,2012,4,1雀瞒 惑摸何,陛碍,措没达,措没达5,1.0,,,,,,,1.2,,,,0.0,1.5,,3.0,,,,,,,0,,12.3,1.288,0.006,121.0,0,,,,,,,0.011,,,1.080,,,,,7.8,0.000,0.004,,1.2,,0.0,8.0,1.292,,0.013,4.3,
2012-04-05,7460,2012,4,1雀瞒 吝摸何,陛碍,措没达,措没达5,14.0,,,,,,,1.3,,,,0.0,,,2.8,,,,,,,0,,12.2,1.331,0.007,125.0,0,,,,,,,0.000,,,1.169,,,,,7.8,0.000,0.003,,1.2,,0.0,7.0,1.532,,0.014,,
2012-04-05,7576,2012,4,1雀瞒 窍摸何,陛碍,措没达,措没达5,25.0,,,,,,,1.3,,,,0.0,,,2.9,,,,,,,0,,11.9,1.42,0.007,129.0,0,,,,,,,0.011,,,1.261,,,,,7.6,0.000,0.003,,1.4,,0.0,7.0,1.822,,0.012,,
2012-05-03,7834,2012,5,1雀瞒 惑摸何,陛碍,措没达,措没达5,,,,,,,,1.3,,,,0.0,2.2,,2.9,,,,,,,0,,10.0,2.474,0.007,123.0,0,,,,,,,0.013,,,1.970,,,,,8.3,0.000,0.004,,1.2,,0.0,18.0,2.557,,0.008,3.9,
2012-05-03,7958,2012,5,1雀瞒 吝摸何,陛碍,措没达,措没达5,,,,,,,,1.4,,,,0.0,,,2.8,,,,,,,0,,9.6,2.395,0.006,130.0,0,,,,,,,0.020,,,1.956,,,,,7.7,0.000,0.003,,1.2,,0.0,10.0,2.668,,0.010,,
2012-05-03,8074,2012,5,1雀瞒 窍摸何,陛碍,措没达,措没达5,,,,,,,,1.4,,,,0.0,,,2.7,,,,,,,0,,10.0,2.177,0.005,129.0,0,,,,,,,0.049,,,1.453,,,,,7.5,0.000,0.003,,1.0,,0.0,7.0,2.201,,0.007,,
2012-06-04,8322,2012,6,1雀瞒 惑摸何,陛碍,措没达,措没达5,1.0,0.00,,,0.00000,,,1.6,,0.00000,,0.0,6.0,0.00,2.9,,,0.000,,,,0,,8.9,2.113,0.008,109.0,6300,,,,,0.0000000,,0.029,,,1.969,,0.00000,,,8.3,0.000,0.002,,2.8,,4000.0,18.0,2.12,,0.010,2.5,
2012-06-04,8446,2012,6,1雀瞒 吝摸何,陛碍,措没达,措没达5,12.0,0.00,,,0.00000,,,1.4,,0.00000,,0.0,,0.00,2.7,,,0.000,,,,0,,8.7,2.362,0.007,118.0,0,,,,,0.0000000,,0.018,,,2.162,,0.00000,,,7.7,0.000,0.002,,2.9,,0.0,10.0,2.454,,0.008,,
2012-06-04,8560,2012,6,1雀瞒 窍摸何,陛碍,措没达,措没达5,21.0,0.00,,,0.00000,,,1.5,,0.00000,,0.0,,0.00,2.7,,,0.000,,,,0,,8.9,2.212,0.006,109.0,0,,,,,0.0000000,,0.011,,,2.020,,0.00000,,,7.3,0.000,0.002,,3.5,,0.0,7.0,2.227,,0.007,,
2012-07-03,8847,2012,7,1雀瞒 惑摸何,陛碍,措没达,措没达5,1.0,,,,,,,1.2,,,,0.0,6.7,,3.1,,,,,,,0,,9.0,1.642,0.012,133.0,600,,,,,,,0.000,,,1.345,0.0000,,0.0000,,9.0,0.000,0.002,,1.0,,1000.0,27.0,1.745,1.7,0.014,3.0,
2012-07-03,8972,2012,7,1雀瞒 吝摸何,陛碍,措没达,措没达5,11.0,,,,,,,1.0,,,,0.0,,,2.8,,,,,,,0,,1.7,1.922,0.006,134.0,200,,,,,,,0.015,,,1.440,0.0000,,0.0000,,7.8,0.000,0.003,,3.2,,4000.0,14.0,2.003,1.4,0.008,,
2012-07-03,9089,2012,7,1雀瞒 窍摸何,陛碍,措没达,措没达5,20.0,,,,,,,1.0,,,,0.0,,,2.9,,,,,,,0,,2.9,2.444,0.005,140.0,0,,,,,,,0.000,,,2.056,0.0000,,0.0000,,7.5,0.000,0.003,,1.8,,0.0,8.0,2.497,1.2,0.010,,
2012-08-02,9361,2012,8,1雀瞒 惑摸何,陛碍,措没达,措没达5,,,,,,,,2.2,,,,0.0,6.7,,6.2,,,,,,,0,,14.2,1.351,0.016,154.0,600,,,,,,,0.019,,,0.987,,,,,10.1,0.000,0.005,,4.8,,1000.0,32.0,1.52,3.0,0.068,1.0,
2012-08-02,9486,2012,8,1雀瞒 吝摸何,陛碍,措没达,措没达5,,,,,,,,2.1,,,,0.0,,,4.6,,,,,,,0,,5.1,2.782,0.025,116.0,900,,,,,,,0.000,,,2.271,,,,,7.6,0.000,0.015,,1.8,,10000.0,22.0,2.958,2.4,0.060,,
2012-08-02,9602,2012,8,1雀瞒 窍摸何,陛碍,措没达,措没达5,,,,,,,,2.1,,,,0.0,,,4.7,,,,,,,0,,1.6,2.164,0.007,149.0,0,,,,,,,0.000,,,1.763,,,,,7.0,0.000,0.004,,1.8,,0.0,10.0,2.284,1.5,0.034,,
2012-09-03,9844,2012,9,1雀瞒 惑摸何,陛碍,措没达,措没达5,1.0,0.00,,,0.00000,,0.0000,1.4,0.0000,0.00000,0.000,0.0,21.1,0.00,3.1,,,0.000,,0.0000,0.0000,0,,14.5,2.082,0.008,122.0,0,,,,,0.0000000,,0.011,,,1.660,,0.00000,,0.000,9.8,0.000,0.012,,3.9,0.000,0.0,28.0,2.15,3.2,0.048,1.4,
2012-09-03,9973,2012,9,1雀瞒 吝摸何,陛碍,措没达,措没达5,17.0,0.00,,,0.00000,,0.0000,1.3,0.0000,0.00000,0.000,0.0,,0.00,2.5,,,0.000,,0.0000,0.0000,0,,5.8,2.24,0.007,103.0,400,,,,,0.0000000,,0.023,,,1.726,,0.00000,,0.000,7.4,0.000,0.018,,3.2,0.000,0.0,23.0,2.388,2.4,0.032,,
2012-09-03,10091,2012,9,1雀瞒 窍摸何,陛碍,措没达,措没达5,32.0,0.00,,,0.00000,,0.0000,1.4,0.0000,0.00000,0.000,0.0,,0.00,2.8,,,0.000,,0.0000,0.0000,0,,6.9,2.317,0.007,69.0,0,,,,,0.0000000,,0.031,,,1.785,,0.00000,,0.000,6.9,0.000,0.018,,4.3,0.000,1000.0,21.0,2.432,3.6,0.038,,
2012-10-08,10426,2012,10,1雀瞒 惑摸何,陛碍,措没达,措没达5,1.0,,,,,,,1.9,,,,0.0,35.1,,3.6,,,,,,,0,,9.9,1.912,0.005,105.0,0,,,,,,,0.016,,,1.625,,,,,8.6,0.000,0.004,,5.0,,3000.0,22.0,2.091,2.5,0.031,2.3,
2012-10-08,10549,2012,10,1雀瞒 吝摸何,陛碍,措没达,措没达5,17.0,,,,,,,1.5,,,,0.0,,,3.4,,,,,,,0,,6.0,1.889,0.004,114.0,0,,,,,,,0.012,,,1.571,,,,,7.7,0.000,0.002,,3.8,,1000.0,20.0,2.016,1.9,0.017,,
2012-10-08,10668,2012,10,1雀瞒 窍摸何,陛碍,措没达,措没达5,31.0,,,,,,,1.8,,,,0.0,,,4.2,,,,,,,0,,5.7,2.313,0.003,65.0,600,,,,,,,0.013,,,0.952,,,,,7.2,0.000,0.001,,10.6,,800.0,19.0,2.438,2.8,0.027,,
2012-11-06,10931,2012,11,1雀瞒 惑摸何,陛碍,措没达,措没达5,1.0,,,,,,,0.7,,,,0.0,4.0,,2.8,,,,,,,0,,8.2,1.059,0.004,114.0,1200,,,,,,,0.025,,,0.923,,,,,7.2,0.000,0.002,,1.8,,1100.0,17.0,1.179,2.4,0.018,2.5,
2012-11-06,11058,2012,11,1雀瞒 吝摸何,陛碍,措没达,措没达5,17.0,,,,,,,0.4,,,,0.0,,,3.0,,,,,,,0,,7.5,1.054,0.002,114.0,800,,,,,,,0.021,,,0.917,,,,,7.2,0.000,0.002,,1.8,,1300.0,17.0,1.174,2.4,0.011,,
2012-11-06,11177,2012,11,1雀瞒 窍摸何,陛碍,措没达,措没达5,30.0,,,,,,,0.7,,,,0.0,,,3.0,,,,,,,0,,7.6,1.2,0.003,123.0,1500,,,,,,,0.038,,,1.187,,,,,7.1,0.000,0.002,,3.4,,4000.0,17.0,1.325,2.4,0.014,,
2012-12-05,11454,2012,12,1雀瞒 惑摸何,陛碍,措没达,措没达5,1.0,0.00,,,0.00000,,,1.4,,0.00000,,0.0,3.2,0.00,2.7,,,0.000,,,,0,,10.2,1.127,0.003,114.0,0,,,,,0.0000000,,0.027,,,0.901,,0.00000,,,7.4,0.000,0.002,,1.1,,0.0,12.0,1.162,2.0,0.015,3.1,
2012-12-05,11581,2012,12,1雀瞒 吝摸何,陛碍,措没达,措没达5,17.0,0.00,,,0.00000,,,1.3,,0.00000,,0.0,,0.00,2.8,,,0.000,,,,0,,9.5,1.129,0.003,114.0,0,,,,,0.0000000,,0.020,,,0.883,,0.00000,,,7.4,0.000,0.001,,0.9,,0.0,12.0,1.166,2.0,0.012,,
2012-12-05,11702,2012,12,1雀瞒 窍摸何,陛碍,措没达,措没达5,26.0,0.00,,,0.00000,,,1.4,,0.00000,,0.0,,0.00,2.8,,,0.000,,,,0,,9.5,1.16,0.005,119.0,300,,,,,0.0000000,,0.037,,,1.073,,0.00000,,,7.3,0.000,0.001,,1.3,,500.0,12.0,1.207,2.0,0.018,,
2013-01-07,11957,2013,1,1雀瞒 惑摸何,陛碍,措没达,措没达5,1.0,,,,,,,1.3,,,,0.0,6.3,,3.0,,,,,,,0,,11.7,1.046,0.012,121.0,0,,,,,,,0.010,,,0.807,,,,,7.4,0.000,0.004,,0.6,,200.0,6.0,1.153,1.9,0.022,3.5,
2013-01-07,12080,2013,1,1雀瞒 吝摸何,陛碍,措没达,措没达5,14.0,,,,,,,1.2,,,,0.0,,,2.7,,,,,,,0,,11.5,1.077,0.010,121.0,0,,,,,,,0.012,,,0.828,,,,,7.4,0.000,0.004,,0.8,,0.0,6.0,1.184,1.9,0.022,,
2013-01-07,12194,2013,1,1雀瞒 窍摸何,陛碍,措没达,措没达5,26.0,,,,,,,1.3,,,,0.0,,,3.0,,,,,,,0,,11.4,1.135,0.007,121.0,0,,,,,,,0.015,,,0.842,,,,,7.4,0.000,0.003,,1.0,,0.0,5.0,1.203,1.9,0.017,,
2013-02-06,12497,2013,2,1雀瞒 惑摸何,陛碍,措没达,措没达5,1.0,,,,,,,0.8,,,,0.0,1.9,,2.9,,,,,,,0,,13.3,1.28,0.012,153.0,0,,,,,,,0.018,,,0.900,,,,,7.5,0.000,0.001,,1.6,,0.0,3.0,1.33,1.5,0.013,5.3,
2013-02-06,12617,2013,2,1雀瞒 吝摸何,陛碍,措没达,措没达5,15.0,,,,,,,0.8,,,,0.0,,,3.2,,,,,,,0,,13.2,1.38,0.004,158.0,0,,,,,,,0.023,,,1.000,,,,,7.3,0.000,0.001,,2.4,,0.0,3.0,1.45,1.4,0.010,,
2013-02-06,12730,2013,2,1雀瞒 窍摸何,陛碍,措没达,措没达5,27.0,,,,,,,0.9,,,,0.0,,,3.1,,,,,,,0,,12.6,1.15,0.008,157.0,100,,,,,,,0.016,,,0.900,,,,,7.3,0.000,0.001,,2.2,,200.0,3.0,1.22,1.5,0.010,,
2013-03-04,12921,2013,3,1雀瞒 惑摸何,陛碍,措没达,措没达5,1.0,0.00,,,0.00000,,0.0000,1.2,0.0000,0.00000,0.000,0.0,3.9,0.00,2.5,,,0.000,,0.0000,0.0000,0,,13.5,1.201,0.012,135.0,0,,,,,0.0000000,,0.030,,,1.015,,0.00000,,0.000,7.4,0.000,0.002,,1.4,0.000,200.0,4.0,1.316,1.8,0.017,4.0,
2013-03-04,13049,2013,3,1雀瞒 吝摸何,陛碍,措没达,措没达5,13.0,0.00,,,0.00000,,0.0000,1.2,0.0000,0.00000,0.000,0.0,,0.00,2.5,,,0.000,,0.0000,0.0000,0,,13.4,1.293,0.012,143.0,0,,,,,0.0000000,,0.030,,,1.204,,0.00000,,0.000,7.3,0.000,0.003,,1.6,0.000,0.0,4.0,1.401,1.7,0.016,,
2013-03-04,13166,2013,3,1雀瞒 窍摸何,陛碍,措没达,措没达5,23.0,0.00,,,0.00000,,0.0000,1.3,0.0000,0.00000,0.000,0.0,,0.00,2.2,,,0.000,,0.0000,0.0000,0,,13.2,1.352,0.011,158.0,0,,,,,0.0000000,,0.028,,,1.329,,0.00000,,0.000,7.3,0.000,0.002,,1.8,0.000,0.0,3.0,1.551,1.4,0.016,,
2013-04-04,13474,2013,4,1雀瞒 惑摸何,陛碍,措没达,措没达5,1.0,,,,,,,1.2,,,,0.0,14.8,,3.2,,,,,,,0,,12.8,1.94,0.027,142.0,100,,,,,,,0.080,,,1.770,,,,,7.8,0.000,0.002,,1.2,,100.0,10.0,2.105,1.7,0.030,1.8,
2013-04-04,13600,2013,4,1雀瞒 吝摸何,陛碍,措没达,措没达5,14.0,,,,,,,1.1,,,,0.0,,,3.1,,,,,,,0,,12.4,1.92,0.017,141.0,0,,,,,,,0.060,,,1.730,,,,,7.7,0.000,0.001,,1.2,,0.0,7.0,2.097,1.3,0.018,,
2013-04-04,13719,2013,4,1雀瞒 窍摸何,陛碍,措没达,措没达5,26.0,,,,,,,1.1,,,,0.0,,,3.1,,,,,,,0,,11.6,1.95,0.012,148.0,0,,,,,,,0.050,,,1.720,,,,,7.4,0.000,0.001,,0.8,,100.0,5.0,2.058,1.2,0.012,,
2013-05-02,13926,2013,5,1雀瞒 惑摸何,陛碍,措没达,措没达5,1.0,,,,,,,1.1,,,,0.0,3.9,,3.2,,,,,,,0,,11.3,2.52,0.013,138.0,100,,,,,,,0.070,,,1.780,,,,,7.8,0.000,0.001,,1.8,,200.0,14.0,2.635,1.5,0.016,3.5,
2013-05-02,14055,2013,5,1雀瞒 吝摸何,陛碍,措没达,措没达5,14.0,,,,,,,1.1,,,,0.0,,,3.1,,,,,,,0,,10.2,2.05,0.010,144.0,0,,,,,,,0.048,,,1.680,,,,,7.7,0.000,0.001,,1.4,,0.0,8.0,2.149,1.6,0.012,,
2013-05-02,14173,2013,5,1雀瞒 窍摸何,陛碍,措没达,措没达5,25.0,,,,,,,1.2,,,,0.0,,,2.9,,,,,,,0,,9.8,2.39,0.010,148.0,0,,,,,,,0.049,,,1.690,,,,,7.5,0.000,0.001,,1.8,,0.0,6.0,2.52,1.4,0.013,,
2013-06-03,14434,2013,6,1雀瞒 惑摸何,陛碍,措没达,措没达5,1.0,0.00,,,0.00000,,,1.7,,0.00000,,0.0,3.5,0.00,3.4,,,0.000,,,,0,,10.4,1.851,0.019,131.0,400,,,,,0.0000000,,0.033,,,1.247,,0.00000,,,8.8,0.000,0.001,,2.0,,3300.0,23.0,1.873,2.0,0.021,2.7,
2013-06-03,14562,2013,6,1雀瞒 吝摸何,陛碍,措没达,措没达5,13.0,0.00,,,0.00000,,,1.5,,0.00000,,0.0,,0.00,3.1,,,0.000,,,,0,,6.9,2.141,0.016,150.0,500,,,,,0.0000000,,0.011,,,1.150,,0.00000,,,8.4,0.000,0.001,,2.0,,600.0,11.0,2.181,1.9,0.019,,
2013-06-03,14679,2013,6,1雀瞒 窍摸何,陛碍,措没达,措没达5,24.0,0.00,,,0.00000,,,1.5,,0.00000,,0.0,,0.00,2.2,,,0.000,,,,0,,6.8,2.182,0.011,148.0,500,,,,,0.0000000,,0.013,,,1.157,,0.00000,,,8.0,0.000,0.001,,1.8,,1000.0,7.0,2.23,1.4,0.014,,
2013-07-01,14926,2013,7,1雀瞒 惑摸何,陛碍,措没达,措没达5,1.0,,,,,,,0.7,,,,0.0,1.7,,4.2,,,,,,,0,,11.2,1.741,0.023,145.0,400,,,,,,,0.003,,,1.544,,,,,9.2,0.000,0.002,,1.2,,1000.0,29.0,1.776,0.0,0.024,1.4,
2013-07-01,15055,2013,7,1雀瞒 吝摸何,陛碍,措没达,措没达5,12.0,,,,,,,0.6,,,,0.0,,,3.6,,,,,,,0,,1.7,2.06,0.019,159.0,0,,,,,,,0.003,,,1.100,,,,,8.3,0.000,0.002,,2.0,,200.0,21.0,2.121,0.0,0.021,,
2013-07-01,15172,2013,7,1雀瞒 窍摸何,陛碍,措没达,措没达5,21.0,,,,,,,0.7,,,,0.0,,,3.0,,,,,,,0,,2.3,2.251,0.010,157.0,0,,,,,,,0.003,,,1.126,,,,,8.0,0.000,0.001,,0.4,,200.0,9.0,2.303,0.0,0.012,,
2013-08-01,15431,2013,8,1雀瞒 惑摸何,陛碍,措没达,措没达5,1.0,,,,,,,1.4,,,,0.0,12.8,,3.2,,,,,,,0,,9.5,2.53,0.032,146.0,8000,,,,,,,0.003,,,0.980,,,,,9.1,0.000,0.001,,1.4,,6000.0,30.0,2.559,2.4,0.033,2.3,
2013-08-01,15560,2013,8,1雀瞒 吝摸何,陛碍,措没达,措没达5,12.0,,,,,,,1.1,,,,0.0,,,2.9,,,,,,,0,,3.2,2.335,0.021,127.0,2300,,,,,,,0.004,,,0.982,,,,,8.1,0.000,0.001,,1.0,,3000.0,23.0,2.375,2.3,0.023,,
2013-08-01,15678,2013,8,1雀瞒 窍摸何,陛碍,措没达,措没达5,22.0,,,,,,,1.1,,,,0.0,,,3.4,,,,,,,0,,1.5,1.933,0.020,164.0,400,,,,,,,0.002,,,1.016,,,,,7.4,0.000,0.001,,3.6,,1600.0,12.0,1.952,1.5,0.021,,
2013-09-03,15968,2013,9,1雀瞒 惑摸何,陛碍,措没达,措没达5,1.0,0.00,,0.0000,0.00000,,0.0000,1.7,0.0000,0.00000,0.000,0.0,3.5,0.00,3.1,,,0.000,,0.0000,0.0000,0,0.000,6.9,1.76,0.018,147.0,0,,,,,0.0000000,,0.030,,,1.326,,0.00000,,0.000,8.9,0.000,0.002,,1.6,0.000,400.0,26.0,1.854,2.2,0.028,2.7,
2013-09-03,16094,2013,9,1雀瞒 吝摸何,陛碍,措没达,措没达5,13.0,0.00,,0.0000,0.00000,,0.0000,1.8,0.0000,0.00000,0.000,0.0,,0.00,2.9,,,0.000,,0.0000,0.0000,0,0.000,3.5,1.976,0.023,134.0,200,,,,,0.0000000,,0.013,,,1.291,,0.00000,,0.000,8.4,0.000,0.003,,1.6,0.000,400.0,26.0,2.044,2.3,0.046,,
2013-09-03,16211,2013,9,1雀瞒 窍摸何,陛碍,措没达,措没达5,24.0,0.00,,0.0000,0.00000,,0.0000,1.5,0.0000,0.00000,0.000,0.0,,0.00,3.0,,,0.000,,0.0000,0.0000,0,0.000,1.3,1.994,0.013,168.0,0,,,,,0.0000000,,0.009,,,1.364,,0.00000,,0.000,8.0,0.000,0.002,,3.4,0.000,100.0,13.0,2.029,2.2,0.034,,
2013-10-01,16425,2013,10,1雀瞒 惑摸何,陛碍,措没达,措没达5,1.0,,,,,,,1.1,,,,0.0,16.2,,3.0,,,,,,,0,,9.1,1.359,0.022,148.0,0,,,,,,,0.029,,,0.704,,,,,8.9,0.000,0.001,,4.4,,0.0,25.0,1.548,2.3,0.024,2.6,
2013-10-01,16554,2013,10,1雀瞒 吝摸何,陛碍,措没达,措没达5,13.0,,,,,,,1.5,,,,0.0,,,2.8,,,,,,,0,,6.7,1.428,0.010,148.0,0,,,,,,,0.005,,,0.698,,,,,8.5,0.000,0.001,,3.6,,0.0,24.0,1.615,2.2,0.019,,
2013-10-01,16673,2013,10,1雀瞒 窍摸何,陛碍,措没达,措没达5,24.0,,,,,,,1.3,,,,0.0,,,2.7,,,,,,,0,,1.4,1.778,0.022,159.0,0,,,,,,,0.001,,,1.559,,,,,8.3,0.000,0.002,,2.0,,0.0,16.0,1.907,2.2,0.027,,
2013-11-05,16981,2013,11,1雀瞒 惑摸何,陛碍,措没达,措没达5,1.0,,,,,,,1.2,,,,0.0,16.3,,3.6,,,,,,,0,,8.6,0.955,0.011,149.0,700,,,,,,,0.006,,,0.822,,,,,8.5,0.000,0.004,,3.0,,800.0,19.0,1.192,2.1,0.015,2.8,
2013-11-05,17106,2013,11,1雀瞒 吝摸何,陛碍,措没达,措没达5,13.0,,,,,,,1.1,,,,0.0,,,3.3,,,,,,,0,,8.1,0.91,0.006,149.0,300,,,,,,,0.003,,,0.832,,,,,8.6,0.000,0.002,,3.0,,1000.0,19.0,0.947,2.1,0.009,,
2013-11-05,17225,2013,11,1雀瞒 窍摸何,陛碍,措没达,措没达5,24.0,,,,,,,1.1,,,,0.0,,,3.3,,,,,,,0,,7.9,0.84,0.011,154.0,1300,,,,,,,0.020,,,0.785,,,,,8.4,0.000,0.001,,3.3,,1500.0,18.0,0.962,2.1,0.021,,
2013-12-02,17429,2013,12,1雀瞒 惑摸何,陛碍,措没达,措没达5,1.0,0.00,,0.0000,0.00000,,,1.0,,0.00000,,0.0,4.9,0.00,2.7,,,0.000,,,,0,,9.2,1.306,0.011,150.0,0,,,,,0.0000000,,0.011,,,1.153,,0.00000,,,8.1,0.000,0.008,,1.3,,100.0,13.0,1.504,1.8,0.014,4.3,
2013-12-02,17558,2013,12,1雀瞒 吝摸何,陛碍,措没达,措没达5,13.0,0.00,,0.0000,0.00000,,,0.9,,0.00000,,0.0,,0.00,2.6,,,0.000,,,,0,,8.4,1.042,0.012,150.0,0,,,,,0.0000000,,0.011,,,0.910,,0.00000,,,8.5,0.000,0.008,,1.3,,300.0,13.0,1.433,1.8,0.016,,
2013-12-02,17677,2013,12,1雀瞒 窍摸何,陛碍,措没达,措没达5,24.0,0.00,,0.0000,0.00000,,,1.1,,0.00000,,0.0,,0.00,2.8,,,0.000,,,,0,,8.6,1.101,0.013,155.0,0,,,,,0.0000000,,0.011,,,0.897,,0.00000,,,8.5,0.000,0.008,,1.7,,300.0,12.0,1.425,1.8,0.014,,
2014-01-03,17943,2014,1,1雀瞒 惑摸何,陛碍,措没达,措没达5,1.0,,,,,,,1.1,,,,0.0,4.6,,3.1,,,,,,,0,,11.8,0.958,0.011,152.0,0,,,,,,,0.007,,,0.941,,,,,6.7,0.000,0.008,,1.3,,0.0,7.0,1.252,1.5,0.016,3.8,
2014-01-03,18071,2014,1,1雀瞒 吝摸何,陛碍,措没达,措没达5,13.0,,,,,,,1.0,,,,0.0,,,2.8,,,,,,,0,,11.3,0.941,0.010,152.0,0,,,,,,,0.003,,,0.921,,,,,7.8,0.000,0.009,,1.3,,0.0,7.0,1.186,1.5,0.015,,
2014-01-03,18190,2014,1,1雀瞒 窍摸何,陛碍,措没达,措没达5,24.0,,,,,,,1.0,,,,0.0,,,2.8,,,,,,,0,,11.4,0.963,0.010,156.0,0,,,,,,,0.006,,,0.933,,,,,7.8,0.000,0.008,,1.3,,0.0,7.0,1.207,1.5,0.014,,
2014-02-03,18428,2014,2,1雀瞒 惑摸何,陛碍,措没达,措没达5,1.0,,,,,,,1.1,,,,0.0,2.1,,3.0,,,,,,,0,,12.2,0.985,0.011,155.0,0,,,,,,,0.006,,,0.958,,,,,8.2,0.000,0.010,,0.4,,0.0,5.0,1.037,1.4,0.014,4.0,
2014-02-03,18557,2014,2,1雀瞒 吝摸何,陛碍,措没达,措没达5,13.0,,,,,,,1.1,,,,0.0,,,2.9,,,,,,,0,,12.2,1.029,0.011,155.0,0,,,,,,,0.006,,,0.973,,,,,8.3,0.000,0.009,,0.8,,0.0,5.0,1.103,1.4,0.014,,
2014-02-03,18676,2014,2,1雀瞒 窍摸何,陛碍,措没达,措没达5,24.0,,,,,,,1.1,,,,0.0,,,2.9,,,,,,,0,,12.0,0.997,0.011,158.0,0,,,,,,,0.006,,,0.983,,,,,8.2,0.000,0.009,,0.4,,0.0,5.0,1.071,1.4,0.014,,
2014-03-03,18926,2014,3,1雀瞒 惑摸何,陛碍,措没达,措没达5,1.0,0.00,,0.0000,0.00000,,0.0000,1.1,0.0000,0.00000,0.000,0.0,3.9,0.00,3.1,,,0.000,,0.0000,0.0000,0,0.000,12.7,1.172,1.172,156.0,0,,,,,0.0000000,,0.008,,,0.987,,0.00000,,0.000,7.8,0.000,0.011,,0.6,0.000,0.0,6.0,1.325,1.3,0.017,4.3,
2014-03-03,19055,2014,3,1雀瞒 吝摸何,陛碍,措没达,措没达5,13.0,0.00,,0.0000,0.00000,,0.0000,1.0,0.0000,0.00000,0.000,0.0,,0.00,3.1,,,0.000,,0.0000,0.0000,0,0.000,12.9,1.215,1.215,161.0,0,,,,,0.0000000,,0.006,,,0.984,,0.00000,,0.000,7.5,0.000,0.010,,0.8,0.000,0.0,5.0,1.371,1.2,0.016,,
2014-03-03,19170,2014,3,1雀瞒 窍摸何,陛碍,措没达,措没达5,23.0,0.00,,0.0000,0.00000,,0.0000,1.0,0.0000,0.00000,0.000,0.0,,0.00,3.1,,,0.000,,0.0000,0.0000,0,0.000,12.8,1.199,1.199,175.0,0,,,,,0.0000000,,0.006,,,0.978,,0.00000,,0.000,7.2,0.000,0.010,,0.9,0.000,0.0,4.0,1.34,1.2,0.015,,
2014-04-02,19444,2014,4,1雀瞒 惑摸何,陛碍,措没达,措没达5,1.0,,,,,,,1.4,,,,0.0,7.4,,3.1,,,,,,,0,,11.9,1.344,0.011,164.0,0,,,,,,,0.008,,,1.233,,,,,7.6,0.000,0.008,,2.4,,0.0,13.0,1.616,1.3,0.017,1.8,
2014-04-02,19572,2014,4,1雀瞒 吝摸何,陛碍,措没达,措没达5,13.0,,,,,,,1.3,,,,0.0,,,3.0,,,,,,,0,,12.5,1.405,0.008,167.0,0,,,,,,,0.009,,,1.387,,,,,7.8,0.000,0.004,,1.2,,0.0,7.0,1.809,1.2,0.010,,
2014-04-02,19690,2014,4,1雀瞒 窍摸何,陛碍,措没达,措没达5,23.0,,,,,,,1.3,,,,0.0,,,3.0,,,,,,,0,,11.9,1.417,0.007,170.0,0,,,,,,,0.009,,,1.391,,,,,8.0,0.000,0.004,,0.8,,0.0,6.0,1.814,1.2,0.008,,
2014-05-07,19952,2014,5,1雀瞒 惑摸何,陛碍,措没达,措没达5,1.0,,,,,,,1.5,,,,0.0,8.0,,3.2,,,,,,,0,,10.7,1.925,0.009,151.0,0,,,,,,,0.025,,,1.626,,,,,7.3,0.000,0.002,,1.8,,0.0,17.0,2.072,1.4,0.012,2.9,
2014-05-07,20080,2014,5,1雀瞒 吝摸何,陛碍,措没达,措没达5,13.0,,,,,,,1.4,,,,0.0,,,2.8,,,,,,,0,,10.3,1.96,0.007,165.0,0,,,,,,,0.031,,,1.684,,,,,6.9,0.000,0.002,,1.2,,0.0,8.0,2.032,1.4,0.011,,
2014-05-07,20197,2014,5,1雀瞒 窍摸何,陛碍,措没达,措没达5,23.0,,,,,,,1.3,,,,0.0,,,2.8,,,,,,,0,,10.0,1.942,0.007,168.0,0,,,,,,,0.048,,,1.625,,,,,6.7,0.000,0.001,,0.2,,0.0,6.0,1.993,1.3,0.009,,
2014-06-02,20437,2014,6,1雀瞒 惑摸何,陛碍,措没达,措没达5,1.0,0.00,,0.0000,0.00000,,,1.3,,0.00000,,0.0,4.7,0.00,3.2,,,0.000,,,,0,,9.4,1.899,0.008,153.0,0,,,,,0.0000000,,0.049,,,1.282,,0.00000,,,8.8,0.000,0.003,,1.2,,400.0,24.0,1.95,2.0,0.013,3.3,
2014-06-02,20566,2014,6,1雀瞒 吝摸何,陛碍,措没达,措没达5,12.0,0.00,,0.0000,0.00000,,,1.2,,0.00000,,0.0,,0.00,3.0,,,0.000,,,,0,,7.3,1.819,0.005,173.0,0,,,,,0.0000000,,0.079,,,1.253,,0.00000,,,7.9,0.000,0.004,,1.0,,100.0,11.0,1.849,1.3,0.016,,
2014-06-02,20683,2014,6,1雀瞒 窍摸何,陛碍,措没达,措没达5,21.0,0.00,,0.0000,0.00000,,,1.3,,0.00000,,0.0,,0.00,2.8,,,0.000,,,,0,,8.1,1.764,0.005,178.0,0,,,,,0.0000000,,0.153,,,1.180,,0.00000,,,7.5,0.000,0.002,,1.0,,300.0,7.0,1.811,1.1,0.009,,
2014-07-01,20943,2014,7,1雀瞒 惑摸何,陛碍,措没达,措没达5,1.0,,,,,,,1.6,,,,0.0,1.5,,3.4,,,,,,,0,,8.5,1.219,0.004,158.0,0,,,,,,,0.074,,,1.220,0.0000,,0.0000,,8.6,0.000,0.002,,1.7,,0.0,28.0,1.411,1.7,0.011,6.2,
2014-07-01,21070,2014,7,1雀瞒 吝摸何,陛碍,措没达,措没达5,9.0,,,,,,,1.3,,,,0.0,,,2.7,,,,,,,0,,2.1,1.415,0.006,160.0,0,,,,,,,0.154,,,1.420,0.0000,,0.0000,,7.7,0.000,0.003,,2.7,,200.0,20.0,1.823,1.8,0.019,,
2014-07-01,21183,2014,7,1雀瞒 窍摸何,陛碍,措没达,措没达5,16.0,,,,,,,1.2,,,,0.0,,,2.6,,,,,,,0,,3.7,1.421,0.003,178.0,0,,,,,,,0.071,,,1.420,0.0000,,0.0000,,7.3,0.000,0.001,,1.0,,400.0,9.0,1.839,1.2,0.010,,
2014-08-04,21479,2014,8,1雀瞒 惑摸何,陛碍,措没达,措没达5,1.0,,,,,,,1.8,,,,0.0,9.1,,4.4,,,,,,,0,,7.6,1.043,0.009,165.0,0,,,,,,,0.029,,,0.820,,,,,7.8,0.000,0.002,,3.7,,100.0,28.0,1.199,1.9,0.021,2.8,
2014-08-04,21608,2014,8,1雀瞒 吝摸何,陛碍,措没达,措没达5,10.0,,,,,,,1.6,,,,0.0,,,3.7,,,,,,,0,,2.2,1.289,0.004,183.0,0,,,,,,,0.094,,,1.020,,,,,7.0,0.000,0.001,,2.0,,0.0,25.0,1.282,1.8,0.015,,
2014-08-04,21723,2014,8,1雀瞒 窍摸何,陛碍,措没达,措没达5,17.0,,,,,,,1.5,,,,0.0,,,3.2,,,,,,,0,,1.7,1.221,0.002,185.0,0,,,,,,,0.281,,,0.850,,,,,6.7,0.000,0.001,,1.0,,100.0,11.0,1.352,1.7,0.014,,
2014-09-01,21964,2014,9,1雀瞒 惑摸何,陛碍,措没达,措没达5,1.0,0.00,,0.0000,0.00000,,0.0000,1.4,0.0000,0.00000,0.000,0.0,10.4,0.00,3.8,,,0.000,,0.0000,0.0000,0,0.000,10.0,1.119,0.006,163.0,0,,,,,0.0000000,,0.017,,,0.850,,0.00000,,0.000,8.5,0.000,0.002,,4.0,0.000,300.0,26.0,1.265,2.2,0.020,2.6,
2014-09-01,22093,2014,9,1雀瞒 吝摸何,陛碍,措没达,措没达5,15.0,0.00,,0.0000,0.00000,,0.0000,1.5,0.0000,0.00000,0.000,0.0,,0.00,4.5,,,0.000,,0.0000,0.0000,0,0.000,6.7,2.375,0.069,115.0,0,,,,,0.0000000,,0.045,,,2.060,,0.00000,,0.000,7.4,0.000,0.065,,9.7,0.000,200.0,22.0,2.48,3.5,0.085,,
2014-09-01,22213,2014,9,1雀瞒 窍摸何,陛碍,措没达,措没达5,27.0,0.00,,0.0000,0.00000,,0.0000,1.3,0.0000,0.00000,0.000,0.0,,0.00,3.1,,,0.000,,0.0000,0.0000,0,0.000,3.4,1.658,0.009,174.0,0,,,,,0.0000000,,0.122,,,1.380,,0.00000,,0.000,6.8,0.000,0.007,,4.0,0.000,200.0,13.0,1.75,1.6,0.023,,
2014-10-06,22535,2014,10,1雀瞒 惑摸何,陛碍,措没达,措没达5,1.0,,,,,,,1.1,,,,0.0,10.5,,3.1,,,,,,,0,,7.3,1.453,0.007,164.0,0,,,,,,,0.017,,,1.150,,,,,7.1,0.000,0.001,,1.6,,100.0,23.0,1.758,2.0,0.022,4.3,
2014-10-06,22660,2014,10,1雀瞒 吝摸何,陛碍,措没达,措没达5,14.0,,,,,,,1.3,,,,0.0,,,3.1,,,,,,,0,,6.7,1.494,0.007,164.0,100,,,,,,,0.045,,,0.960,,,,,7.1,0.000,0.001,,1.0,,200.0,23.0,1.567,2.0,0.015,,
2014-10-06,22777,2014,10,1雀瞒 窍摸何,陛碍,措没达,措没达5,26.0,,,,,,,1.0,,,,0.0,,,3.3,,,,,,,0,,2.0,1.662,0.045,133.0,0,,,,,,,0.122,,,1.280,,,,,6.6,0.000,0.017,,0.4,,500.0,19.0,2.066,2.6,0.057,,
2014-11-03,23003,2014,11,1雀瞒 惑摸何,陛碍,措没达,措没达5,1.0,,,,,,,1.0,,,,0.0,6.0,,3.2,,,,,,,0,,8.0,1.539,0.005,157.0,0,,,,,,,0.014,,,1.340,,,,,7.2,0.000,0.002,,1.2,,200.0,19.0,1.575,2.0,0.013,3.7,
2014-11-03,23125,2014,11,1雀瞒 吝摸何,陛碍,措没达,措没达5,15.0,,,,,,,0.9,,,,0.0,,,3.0,,,,,,,0,,7.8,1.543,0.005,156.0,0,,,,,,,0.016,,,1.300,,,,,7.3,0.000,0.002,,1.0,,500.0,19.0,1.81,2.0,0.011,,
2014-11-03,23236,2014,11,1雀瞒 窍摸何,陛碍,措没达,措没达5,27.0,,,,,,,1.1,,,,0.0,,,3.1,,,,,,,0,,7.6,1.85,0.008,164.0,0,,,,,,,0.028,,,1.480,,,,,7.2,0.000,0.005,,2.2,,200.0,16.0,2.002,0.9,0.022,,
2014-12-01,23493,2014,12,1雀瞒 惑摸何,陛碍,措没达,措没达5,1.0,0.00,,0.0000,0.00000,,,1.4,,0.00000,,0.0,5.1,0.00,3.4,,,0.000,,,,0,,9.1,1.35,0.004,151.0,0,,,,,0.0000000,,0.012,,,1.340,,0.00000,,,7.5,0.000,0.001,,1.2,,1000.0,14.0,1.651,1.9,0.008,1.8,
2014-12-01,23611,2014,12,1雀瞒 吝摸何,陛碍,措没达,措没达5,16.0,0.00,,0.0000,0.00000,,,1.5,,0.00000,,0.0,,0.00,3.5,,,0.000,,,,0,,8.8,1.374,0.004,151.0,0,,,,,0.0000000,,0.015,,,1.360,,0.00000,,,7.5,0.000,0.001,,1.0,,1800.0,14.0,1.685,1.9,0.008,,
2014-12-01,23718,2014,12,1雀瞒 窍摸何,陛碍,措没达,措没达5,29.0,0.00,,0.0000,0.00000,,,1.4,,0.00000,,0.0,,0.00,3.4,,,0.000,,,,0,,9.3,1.559,0.005,170.0,0,,,,,0.0000000,,0.025,,,1.530,,0.00000,,,7.5,0.000,0.002,,2.0,,500.0,11.0,1.832,1.6,0.015,,
2015-01-06,24000,2015,1,1雀瞒 惑摸何,陛碍,措没达,措没达5,1.0,,,,,,,1.1,,,,0.0,2.8,,2.9,,,,,,,0,,10.9,2.275,0.007,157.0,0,,,,,,,0.006,,,1.940,,,,,7.7,0.000,0.002,,1.0,,0.0,7.0,2.284,2.3,0.006,4.0,
2015-01-06,24119,2015,1,1雀瞒 吝摸何,陛碍,措没达,措没达5,15.0,,,,,,,1.1,,,,0.0,,,2.9,,,,,,,0,,10.7,2.528,0.003,157.0,0,,,,,,,0.011,,,2.050,,,,,7.7,0.000,0.002,,1.2,,0.0,7.0,2.421,2.2,0.006,,
2015-01-06,24230,2015,1,1雀瞒 窍摸何,陛碍,措没达,措没达5,28.0,,,,,,,1.0,,,,0.0,,,2.7,,,,,,,0,,10.6,2.328,0.003,161.0,0,,,,,,,0.011,,,1.990,,,,,7.6,0.000,0.002,,1.0,,0.0,6.0,2.349,2.2,0.006,,
2015-02-02,24430,2015,2,1雀瞒 惑摸何,陛碍,措没达,措没达5,1.0,,,,,,,1.1,,,,0.0,2.8,,3.1,,,,,,,0,,11.6,0.987,0.011,158.0,0,,,,,,,0.006,,,0.960,,,,,7.7,0.000,0.010,,0.4,,0.0,5.0,1.037,1.8,0.014,5.1,
2015-02-02,24551,2015,2,1雀瞒 吝摸何,陛碍,措没达,措没达5,15.0,,,,,,,1.1,,,,0.0,,,2.9,,,,,,,0,,11.5,1.031,0.012,159.0,0,,,,,,,0.007,,,0.970,,,,,7.7,0.000,0.010,,0.6,,0.0,5.0,1.104,1.8,0.014,,
2015-02-02,24661,2015,2,1雀瞒 窍摸何,陛碍,措没达,措没达5,27.0,,,,,,,1.1,,,,0.0,,,3.0,,,,,,,0,,11.4,0.999,0.012,166.0,0,,,,,,,0.006,,,0.980,,,,,7.6,0.000,0.009,,0.4,,0.0,4.0,1.082,1.6,0.015,,
2015-03-04,24945,2015,3,1雀瞒 惑摸何,陛碍,措没达,措没达5,1.0,0.00,,0.0000,0.00000,,0.0000,2.0,0.0000,0.00000,0.000,0.0,1.6,0.00,2.6,,,0.000,,0.0000,0.0000,0,0.000,12.5,2.438,0.004,163.0,0,,,0.000,0.000,0.0000000,,0.047,,,1.940,,0.00000,,0.000,7.8,0.000,0.003,,0.6,0.000,0.0,5.0,2.63,1.7,0.007,3.6,
2015-03-04,25062,2015,3,1雀瞒 吝摸何,陛碍,措没达,措没达5,15.0,0.00,,0.0000,0.00000,,0.0000,2.1,0.0000,0.00000,0.000,0.0,,0.00,2.9,,,0.000,,0.0000,0.0000,0,0.000,12.3,2.328,0.005,166.0,0,,,0.000,0.000,0.0000000,,0.556,,,1.930,,0.00000,,0.000,7.7,0.000,0.003,,0.8,0.000,0.0,5.0,2.647,1.6,0.007,,
2015-03-04,25173,2015,3,1雀瞒 窍摸何,陛碍,措没达,措没达5,27.0,0.00,,0.0000,0.00000,,0.0000,2.0,0.0000,0.00000,0.000,0.0,,0.00,2.4,,,0.000,,0.0000,0.0000,0,0.000,12.1,2.556,0.003,174.0,0,,,0.000,0.000,0.0000000,,0.049,,,2.330,,0.00000,,0.000,7.6,0.000,0.001,,0.4,0.000,0.0,4.0,2.808,1.4,0.006,,
2015-04-02,25440,2015,4,1雀瞒 惑摸何,陛碍,措没达,措没达5,1.0,,,,,,,1.4,,,,0.0,6.5,,3.3,,,,,,,0,,11.1,2.434,0.009,198.0,0,,,,,,,0.077,,,0.980,,,,,8.0,0.000,0.001,,1.6,,0.0,10.0,2.503,1.7,0.022,2.9,
2015-04-02,25565,2015,4,1雀瞒 吝摸何,陛碍,措没达,措没达5,13.0,,,,,,,1.1,,,,0.0,,,2.6,,,,,,,0,,12.3,2.512,0.003,198.0,0,,,,,,,0.035,,,1.360,,,,,7.4,0.000,0.001,,0.0,,0.0,5.0,3.139,1.2,0.007,,
2015-04-02,25679,2015,4,1雀瞒 窍摸何,陛碍,措没达,措没达5,24.0,,,,,,,1.4,,,,0.0,,,2.4,,,,,,,0,,11.4,2.594,0.002,197.0,0,,,,,,,0.054,,,1.540,,,,,7.4,0.000,0.000,,0.2,,0.0,5.0,2.75,1.2,0.006,,
2015-05-06,25918,2015,5,1雀瞒 惑摸何,陛碍,措没达,措没达5,1.0,,,,,,,1.2,,,,0.0,3.3,,3.4,,,,,,,0,,10.6,2.139,0.005,148.0,0,,,,,,,0.018,,,1.170,,,,,8.1,0.000,0.001,,1.0,,0.0,18.0,2.251,1.4,0.015,2.4,
2015-05-06,26039,2015,5,1雀瞒 吝摸何,陛碍,措没达,措没达5,14.0,,,,,,,1.1,,,,0.0,,,3.0,,,,,,,0,,9.7,2.427,0.004,171.0,0,,,,,,,0.039,,,1.500,,,,,7.5,0.000,0.000,,0.4,,0.0,7.0,2.482,1.3,0.009,,
2015-05-06,26151,2015,5,1雀瞒 窍摸何,陛碍,措没达,措没达5,26.0,,,,,,,1.1,,,,0.0,,,3.1,,,,,,,0,,9.5,2.485,0.002,170.0,0,,,,,,,0.130,,,1.430,,,,,7.7,0.000,0.000,,0.4,,0.0,6.0,2.501,1.1,0.007,,
2015-06-01,26391,2015,6,1雀瞒 惑摸何,陛碍,措没达,措没达5,1.0,0.00,,0.0000,0.00000,,,0.7,,0.00000,,0.0,1.6,0.00,3.4,,,0.000,,,,0,,11.2,2.519,0.002,149.0,0,,,,,0.0000000,,0.021,,,1.330,,0.00000,,,8.3,0.000,0.001,,0.4,,0.0,23.0,2.551,1.6,0.006,5.2,
2015-06-01,26519,2015,6,1雀瞒 吝摸何,陛碍,措没达,措没达5,13.0,0.00,,0.0000,0.00000,,,0.7,,0.00000,,0.0,,0.00,2.9,,,0.000,,,,0,,8.4,2.997,0.001,168.0,0,,,,,0.0000000,,0.094,,,1.670,,0.00000,,,7.7,0.000,0.001,,0.8,,0.0,10.0,3.065,1.4,0.007,,
2015-06-01,26636,2015,6,1雀瞒 窍摸何,陛碍,措没达,措没达5,22.0,0.00,,0.0000,0.00000,,,1.0,,0.00000,,0.0,,0.00,3.1,,,0.000,,,,0,,7.4,3.086,0.003,175.0,0,,,,,0.0000000,,0.121,,,1.640,,0.00000,,,8.0,0.000,0.000,,0.6,,100.0,7.0,3.282,1.2,0.004,,
2015-07-02,26951,2015,7,1雀瞒 惑摸何,陛碍,措没达,措没达5,1.0,,,,,,,1.6,,,,0.0,4.8,,4.3,,,,,,,0,,12.1,1.287,0.008,155.0,0,,,,,,,0.008,,,0.510,0.0000,,0.0000,,8.4,0.000,0.002,,2.2,,0.0,26.0,1.453,2.1,0.016,1.9,
2015-07-02,27080,2015,7,1雀瞒 吝摸何,陛碍,措没达,措没达5,10.0,,,,,,,0.7,,,,0.0,,,2.6,,,,,,,0,,2.8,1.815,0.007,157.0,0,,,,,,,0.026,,,1.550,0.0000,,0.0000,,7.8,0.000,0.001,,1.8,,0.0,16.0,1.927,1.4,0.015,,
2015-07-02,27198,2015,7,1雀瞒 窍摸何,陛碍,措没达,措没达5,17.0,,,,,,,0.3,,,,0.0,,,2.2,,,,,,,0,,1.6,2.229,0.003,174.0,0,,,,,,,0.008,,,2.000,0.0000,,0.0000,,8.1,0.000,0.000,,1.0,,0.0,8.0,2.506,1.3,0.014,,
2015-08-05,27493,2015,8,1雀瞒 惑摸何,陛碍,措没达,措没达5,1.0,,,,,,,1.7,,,,0.0,7.5,,5.1,,,,,,,0,,11.2,1.781,0.010,157.0,0,,,,,,,0.053,,,0.400,,,,,8.4,0.000,0.002,,1.4,,500.0,31.0,1.941,2.5,0.024,1.9,
2015-08-05,27612,2015,8,1雀瞒 吝摸何,陛碍,措没达,措没达5,12.0,,,,,,,0.4,,,,0.0,,,4.6,,,,,,,0,,0.4,2.656,0.003,148.0,0,,,,,,,0.008,,,0.860,,,,,8.1,0.000,0.002,,0.8,,1900.0,21.0,2.797,2.4,0.015,,
2015-08-05,27721,2015,8,1雀瞒 窍摸何,陛碍,措没达,措没达5,20.0,,,,,,,1.1,,,,0.0,,,2.8,,,,,,,0,,0.5,2.29,0.003,175.0,0,,,,,,,0.077,,,1.310,,,,,8.3,0.000,0.002,,0.8,,800.0,9.0,2.464,1.1,0.012,,
2015-09-03,27993,2015,9,1雀瞒 惑摸何,陛碍,措没达,措没达5,1.0,0.00,,0.0000,0.00000,,0.0000,1.7,0.0000,0.00000,0.000,0.0,11.4,0.00,4.0,,,0.000,,0.0000,0.0000,0,0.000,8.3,1.703,0.018,172.0,0,,,0.000,0.000,0.0000000,,0.057,,,0.520,,0.00000,,0.000,8.4,0.000,0.002,,1.0,0.000,100.0,27.0,1.723,2.0,0.027,2.4,
2015-09-03,28116,2015,9,1雀瞒 吝摸何,陛碍,措没达,措没达5,11.0,0.00,,0.0000,0.00000,,0.0000,1.3,0.0000,0.00000,0.000,0.0,,0.00,3.8,,,0.000,,0.0000,0.0000,0,0.000,0.8,2.186,0.012,149.0,0,,,0.000,0.000,0.0000000,,0.192,,,1.050,,0.00000,,0.000,8.0,0.000,0.002,,1.0,0.000,300.0,23.0,2.238,2.0,0.016,,
2015-09-03,28232,2015,9,1雀瞒 窍摸何,陛碍,措没达,措没达5,21.0,0.00,,0.0000,0.00000,,0.0000,1.5,0.0000,0.00000,0.000,0.0,,0.00,2.9,,,0.000,,0.0000,0.0000,0,0.000,0.3,2.249,0.012,184.0,0,,,0.000,0.020,0.0000000,,0.108,,,0.760,,0.00000,,0.000,7.6,0.000,0.002,,1.2,0.000,200.0,9.0,2.274,1.3,0.017,,
2015-10-02,28453,2015,10,1雀瞒 惑摸何,陛碍,措没达,措没达5,1.0,,,,,,,1.2,,,,0.0,9.6,,3.8,,,,,,,0,,7.5,1.456,0.010,173.0,300,,,,,,,0.065,,,0.450,,,,,7.8,0.000,0.000,,1.2,,500.0,23.0,1.908,2.0,0.031,3.1,
2015-10-02,28577,2015,10,1雀瞒 吝摸何,陛碍,措没达,措没达5,10.0,,,,,,,1.9,,,,0.0,,,3.4,,,,,,,0,,6.8,1.42,0.003,174.0,600,,,,,,,0.053,,,0.360,,,,,7.7,0.000,0.000,,1.4,,900.0,22.0,1.508,2.0,0.023,,
2015-10-02,28694,2015,10,1雀瞒 窍摸何,陛碍,措没达,措没达5,19.0,,,,,,,2.6,,,,0.0,,,3.0,,,,,,,0,,0.8,1.966,0.010,177.0,400,,,,,,,0.158,,,0.410,,,,,7.7,0.000,0.000,,1.0,,600.0,13.0,2.013,1.3,0.028,,
2015-11-03,28982,2015,11,1雀瞒 惑摸何,陛碍,措没达,措没达5,1.0,,,,,,,1.4,,,,0.0,8.9,,3.7,,,,,,,0,,9.4,1.328,0.004,175.0,0,,,,,,,0.016,,,0.320,,,,,8.0,0.000,0.002,,1.2,,0.0,17.0,1.574,1.8,0.015,3.4,
2015-11-03,29110,2015,11,1雀瞒 吝摸何,陛碍,措没达,措没达5,13.0,,,,,,,1.3,,,,0.0,,,3.7,,,,,,,0,,8.8,1.424,0.006,176.0,0,,,,,,,0.030,,,0.390,,,,,7.8,0.000,0.000,,0.6,,0.0,17.0,1.488,1.8,0.017,,
2015-11-03,29231,2015,11,1雀瞒 窍摸何,陛碍,措没达,措没达5,23.0,,,,,,,1.2,,,,0.0,,,3.6,,,,,,,0,,1.2,1.695,0.012,210.0,0,,,,,,,0.145,,,0.100,,,,,7.6,0.000,0.006,,1.4,,0.0,9.0,1.794,1.7,0.024,,
2015-12-01,29470,2015,12,1雀瞒 惑摸何,陛碍,措没达,措没达5,1.0,0.00,,0.0000,0.00000,,,1.9,,0.00000,,0.0,6.1,0.00,3.3,,,0.000,,,,0,,8.8,1.617,0.006,177.0,0,,,,,0.0000000,,0.039,,,0.990,,0.00000,,,7.3,0.000,0.005,,0.4,,0.0,12.0,1.658,1.6,0.012,3.1,
2015-12-01,29598,2015,12,1雀瞒 吝摸何,陛碍,措没达,措没达5,11.0,0.00,,0.0000,0.00000,,,1.7,,0.00000,,0.0,,0.00,3.5,,,0.000,,,,0,,8.5,1.614,0.004,177.0,0,,,,,0.0000000,,0.038,,,0.950,,0.00000,,,7.2,0.000,0.002,,0.2,,0.0,12.0,1.631,1.6,0.011,,
2015-12-01,29719,2015,12,1雀瞒 窍摸何,陛碍,措没达,措没达5,20.0,0.00,,0.0000,0.00000,,,1.7,,0.00000,,0.0,,0.00,3.5,,,0.000,,,,0,,7.1,1.937,0.007,187.0,0,,,,,0.0000000,,0.164,,,1.120,,0.00000,,,7.2,0.000,0.002,,1.0,,0.0,11.0,2.102,1.5,0.014,,
2016-01-05,92,2016,1,1雀瞒 惑摸何,陛碍,措没达,措没达5,1.0,,,,,,,1.2,,,,0.0,4.1,,2.9,,,,,,,0,,10.5,1.767,0.003,175.0,0,,,,,,,0.014,,,0.790,,,,,7.7,0.000,0.000,,1.2,,0,7.0,1.776,1.5,0.010,4.8,
2016-01-05,219,2016,1,1雀瞒 吝摸何,陛碍,措没达,措没达5,11.0,,,,,,,1.3,,,,0.0,,,3.0,,,,,,,0,,10.4,1.689,0.002,175.0,0,,,,,,,0.019,,,0.750,,,,,7.7,0.000,0.001,,1.2,,0,7.0,1.743,1.5,0.011,,
2016-01-05,336,2016,1,1雀瞒 窍摸何,陛碍,措没达,措没达5,21.0,,,,,,,1.1,,,,0.0,,,2.7,,,,,,,0,,10.4,1.787,0.003,183.0,0,,,,,,,0.018,,,0.820,,,,,7.6,0.000,0.000,,1.4,,0,6.0,1.795,1.6,0.017,,
2016-02-02,618,2016,2,1雀瞒 惑摸何,陛碍,措没达,措没达5,1.0,,,,,,,1.0,,,,0.0,3.1,,2.5,,,,,,,0,,12.0,1.884,0.002,180.0,0,,,,,,,0.017,,,0.970,,,,,7.8,0.000,0.001,,0.6,,0,3.0,1.897,1.5,0.010,5.5,
2016-02-02,736,2016,2,1雀瞒 吝摸何,陛碍,措没达,措没达5,11.0,,,,,,,1.2,,,,0.0,,,2.6,,,,,,,0,,11.8,1.878,0.001,180.0,0,,,,,,,0.023,,,0.810,,,,,7.8,0.000,0.000,,0.6,,0,3.0,2.017,1.5,0.017,,
2016-02-02,847,2016,2,1雀瞒 窍摸何,陛碍,措没达,措没达5,21.0,,,,,,,1.1,,,,0.0,,,2.5,,,,,,,0,,11.7,1.936,0.002,181.0,0,,,,,,,0.006,,,0.920,,,,,7.8,0.000,0.000,,0.6,,0,3.0,2.136,1.4,0.009,,
2016-03-02,1078,2016,3,1雀瞒 惑摸何,陛碍,措没达,措没达5,1.0,0.00,,0.0000,0.00000,,0.0000,1.4,0.0000,0.00000,0.000,0.0,2.5,0.00,1.6,,,0.000,,0.0000,0.0000,0,0.000,12.4,2.108,0.002,187.0,0,,,0.000,0.000,0.0000000,,0.048,,,0.900,,0.00000,,0.000,7.8,0.000,0.000,,1.4,0.000,0,3.0,2.183,1.2,0.013,4.7,
2016-03-02,1203,2016,3,1雀瞒 吝摸何,陛碍,措没达,措没达5,11.0,0.00,,0.0000,0.00000,,0.0000,1.7,0.0000,0.00000,0.000,0.0,,0.00,2.1,,,0.000,,0.0000,0.0000,0,0.000,12.3,2.090,0.005,189.0,0,,,0.000,0.022,0.0000000,,0.042,,,0.990,,0.00000,,0.000,7.8,0.000,0.001,,1.6,0.000,0,3.0,2.253,1.2,0.011,,
2016-03-02,1321,2016,3,1雀瞒 窍摸何,陛碍,措没达,措没达5,21.0,0.00,,0.0000,0.00000,,0.0000,1.6,0.0000,0.00000,0.000,0.0,,0.00,2.5,,,0.000,,0.0000,0.0000,0,0.000,12.1,2.286,0.004,196.0,0,,,0.000,0.000,0.0000000,,0.043,,,1.200,,0.00000,,0.000,7.7,0.000,0.001,,1.6,0.000,0,3.0,2.445,1.2,0.014,,
2016-04-05,1633,2016,4,1雀瞒 惑摸何,陛碍,措没达,措没达5,1.0,0.00,,0.0000,0.00000,,,1.6,,0.00000,,0.0,4.9,0.00,3.1,,,0.000,,,,0,,11.8,3.075,0.005,183.0,0,,,,,0.0000000,,0.011,,,2.090,,0.00000,,,8.1,0.000,0.000,,1.0,,0,11.0,3.079,1.9,0.017,4.2,
2016-04-05,1758,2016,4,1雀瞒 吝摸何,陛碍,措没达,措没达5,11.0,0.00,,0.0000,0.00000,,,1.2,,0.00000,,0.0,,0.00,2.6,,,0.000,,,,0,,11.4,2.766,0.003,199.0,0,,,,,0.0000000,,0.037,,,1.880,,0.00000,,,7.7,0.000,0.000,,0.8,,0,5.0,2.834,1.4,0.012,,
2016-04-05,1877,2016,4,1雀瞒 窍摸何,陛碍,措没达,措没达5,21.0,0.00,,0.0000,0.00000,,,1.2,,0.00000,,0.0,,0.00,2.0,,,0.000,,,,0,,10.7,2.742,0.002,205.0,0,,,,,0.0000000,,0.041,,,1.830,,0.00000,,,7.8,0.000,0.000,,0.6,,0,4.0,2.777,1.1,0.008,,
2016-05-03,2137,2016,5,1雀瞒 惑摸何,陛碍,措没达,措没达5,1.0,0.00,,0.0000,0.00000,,,1.8,,0.00000,,0.0,6.2,0.00,3.4,,,0.000,,,,0,,10.2,3.909,0.006,163.0,0,,,,,0.0000000,,0.053,,,1.800,,0.00000,,,8.3,0.000,0.000,,1.8,,200,17.0,4.309,1.9,0.023,1.5,
2016-05-03,2260,2016,5,1雀瞒 吝摸何,陛碍,措没达,措没达5,13.0,0.00,,0.0000,0.00000,,,1.0,,0.00000,,0.0,,0.00,3.2,,,0.000,,,,0,,9.3,4.643,0.006,192.0,0,,,,,0.0000000,,0.088,,,1.970,,0.00000,,,7.8,,0.001,,1.0,,100,7.0,5.338,1.6,0.012,,
2016-05-03,2377,2016,5,1雀瞒 窍摸何,陛碍,措没达,措没达5,25.0,0.00,,0.0000,0.00000,,,1.0,,0.00000,,0.0,,0.00,2.8,,,0.000,,,,0,,9.4,3.245,0.005,199.0,0,,,,,0.0000000,,0.108,,,0.160,,0.00000,,,8.0,,0.000,,0.6,,0,4.0,3.592,1.2,0.012,,
2016-06-01,2633,2016,6,1雀瞒 惑摸何,陛碍,措没达,措没达5,1.0,0.00,,0.0000,0.00000,,,1.8,,0.00000,,0.0,1.5,0.00,3.0,,,0.000,,,,0,,8.9,2.965,0.006,156.0,0,,,,,0.0000000,,0.100,,,1.480,,0.00000,,,8.4,0.000,0.002,,1.2,,0,22.0,3.270,2.2,0.010,5.3,
2016-06-01,2758,2016,6,1雀瞒 吝摸何,陛碍,措没达,措没达5,12.0,0.00,,0.0000,0.00000,,,1.7,,0.00000,,0.0,,0.00,3.7,,,0.000,,,,0,,6.1,3.097,0.007,185.0,0,,,,,0.0000000,,0.075,,,1.820,,0.00000,,,7.7,0.000,0.000,,1.2,,0,11.0,3.129,1.7,0.011,,
2016-06-01,2874,2016,6,1雀瞒 窍摸何,陛碍,措没达,措没达5,24.0,0.00,,0.0000,0.00000,,,1.1,,0.00000,,0.0,,0.00,2.7,,,0.000,,,,0,,7.1,2.930,0.003,203.0,0,,,,,0.0000000,,0.079,,,1.710,,0.00000,,,8.0,0.000,0.002,,1.2,,0,4.0,2.996,1.2,0.010,,
2016-07-05,3166,2016,7,1雀瞒 惑摸何,陛碍,措没达,措没达5,1.0,0.00,,0.0000,0.00000,,,2.3,,0.00000,,0.0,5.8,0.00,3.1,,,0.000,,,,0,,5.5,1.947,0.017,190.0,0,,,,,0.0000000,,0.186,,,1.350,0.0000,0.00000,0.0000,,7.2,0.000,0.005,,4.0,,300,22.0,2.026,2.4,0.044,1.1,
2016-07-05,3291,2016,7,1雀瞒 吝摸何,陛碍,措没达,措没达5,12.0,0.00,,0.0000,0.00000,,,2.7,,0.00000,,0.0,,0.00,4.5,,,0.000,,,,0,,4.0,2.497,0.045,189.0,100,,,,,0.0000000,,0.205,,,0.600,0.0000,0.00000,0.0000,,7.2,0.000,0.011,,18.0,,400,19.0,2.616,2.7,0.093,,
2016-07-05,3408,2016,7,1雀瞒 窍摸何,陛碍,措没达,措没达5,24.0,0.00,,0.0000,0.00000,,,2.4,,0.00000,,0.0,,0.00,2.2,,,0.000,,,,0,,2.1,2.810,0.005,222.0,0,,,,,0.0000000,,0.002,,,0.880,0.0000,0.00000,0.0000,,7.3,0.000,0.002,,3.2,,100,6.0,2.885,1.4,0.019,,
2016-08-02,3670,2016,8,1雀瞒 惑摸何,陛碍,措没达,措没达5,1.0,0.00,,0.0000,0.00000,,,1.7,,0.00000,,0.0,7.4,0.00,5.3,,,0.000,,,,0,,10.2,1.869,0.022,170.0,0,,,,,0.0000000,,0.019,,,0.530,,0.00000,,,8.4,0.000,0.015,,2.4,,0,28.0,2.199,3.2,0.034,1.6,
2016-08-02,3793,2016,8,1雀瞒 吝摸何,陛碍,措没达,措没达5,13.0,0.00,,0.0000,0.00000,,,0.6,,0.00000,,0.0,1.5,0.00,5.3,,,0.000,,,,0,,4.2,2.514,0.084,109.0,200,,,,,0.0000000,,0.000,,,1.170,,0.00000,,,7.5,0.000,0.077,,4.4,,400,18.0,2.819,3.6,0.097,,
2016-08-02,3908,2016,8,1雀瞒 窍摸何,陛碍,措没达,措没达5,26.0,0.00,,0.0000,0.00000,,,0.8,,0.00000,,0.0,1.0,0.00,4.9,,,0.000,,,,0,,0.8,2.442,0.062,162.0,100,,,,,0.0000000,,0.000,,,1.270,,0.00000,,,7.7,0.000,0.054,,4.4,,300,15.0,2.893,3.0,0.083,,
2016-09-05,4191,2016,9,1雀瞒 惑摸何,陛碍,措没达,措没达5,1.0,0.00,,0.0000,0.00000,,0.0000,1.8,0.0000,0.00000,0.000,0.0,9.0,0.00,5.2,,,0.000,,0.0000,0.0000,0,0.000,6.0,2.162,0.013,179.0,0,,,0.000,0.000,0.0000000,,0.019,,,0.360,,0.00000,,0.000,7.2,0.000,0.000,,6.4,0.000,0,24.0,2.388,3.0,0.034,1.6,
2016-09-05,4313,2016,9,1雀瞒 吝摸何,陛碍,措没达,措没达5,12.0,0.00,,0.0000,0.00000,,,0.9,,0.00000,,0.0,3.7,0.00,4.3,,,0.000,,,,0,,0.8,2.979,0.006,138.0,0,,,,,0.0000000,,0.025,,,0.690,,0.00000,,,6.9,,0.000,,2.4,,0,20.0,3.106,2.6,0.018,,
2016-09-05,4428,2016,9,1雀瞒 窍摸何,陛碍,措没达,措没达5,24.0,0.00,,0.0000,0.00000,,,2.4,,0.00000,,0.0,4.9,0.00,3.6,,,0.000,,,,0,,0.6,2.653,0.026,149.0,0,,,,,0.0000000,,0.039,,,0.630,,0.00000,,,7.1,,0.001,,4.8,,0,15.0,2.697,3.0,0.055,,
2016-10-04,4652,2016,10,1雀瞒 惑摸何,陛碍,措没达,措没达5,1.0,0.00,,0.0000,0.00000,,,2.1,,0.00000,,0.0,4.3,0.00,4.2,,,0.000,,,,0,,7.7,1.660,0.009,184.0,0,,,,,0.0000000,,0.065,,,0.650,,0.00000,,,7.4,0.000,0.000,,2.8,,300,21.0,2.010,2.5,0.031,2.9,
2016-10-04,4774,2016,10,1雀瞒 吝摸何,陛碍,措没达,措没达5,13.0,0.00,,0.0000,0.00000,,,1.9,,0.00000,,0.0,10.6,0.00,3.3,,,0.000,,,,0,,4.1,1.900,0.006,174.0,0,,,,,0.0000000,,0.053,,,0.790,,0.00000,,,7.1,0.000,0.001,,3.2,,200,18.0,1.932,2.4,0.019,,
2016-10-04,4888,2016,10,1雀瞒 窍摸何,陛碍,措没达,措没达5,25.0,0.00,,0.0000,0.00000,,,1.7,,0.00000,,0.0,4.2,0.00,2.6,,,0.000,,,,0,,0.9,2.939,0.015,155.0,0,,,,,0.0000000,,0.158,,,2.200,,0.00000,,,7.3,0.000,0.001,,0.4,,100,15.0,3.061,3.3,0.020,,
2016-11-02,5179,2016,11,1雀瞒 惑摸何,陛碍,措没达,措没达5,1.0,0.00,,0.0000,0.00000,,,1.5,,0.00000,,0.0,7.5,0.00,4.0,,,0.000,,,,0,,9.2,2.018,0.013,182.0,0,,,,,0.0000000,,0.009,,,1.140,,0.00000,,,7.3,0.000,0.002,,3.2,,0,15.0,2.201,2.4,0.015,2.3,
2016-11-02,5306,2016,11,1雀瞒 吝摸何,陛碍,措没达,措没达5,14.0,0.00,,0.0000,0.00000,,,1.0,,0.00000,,0.0,10.2,0.00,4.3,,,0.000,,,,0,,7.2,2.073,0.012,183.0,0,,,,,0.0000000,,0.006,,,0.870,,0.00000,,,7.3,0.000,0.002,,2.0,,0,15.0,2.076,2.5,0.015,,
2016-11-02,5425,2016,11,1雀瞒 窍摸何,陛碍,措没达,措没达5,28.0,0.00,,0.0000,0.00000,,,3.0,,0.00000,,0.0,10.1,0.00,4.2,,,0.000,,,,0,,1.7,2.163,0.016,161.0,0,,,,,0.0000000,,0.016,,,0.820,,0.00000,,,7.3,0.000,0.002,,4.0,,0,14.0,2.537,2.5,0.019,,
2016-12-08,5769,2016,12,1雀瞒 惑摸何,陛碍,措没达,措没达5,1.0,0.00,,0.0000,0.00000,,,0.8,,0.00000,,0.0,3.5,0.00,3.4,,,0.000,,,,0,,9.5,2.015,0.002,186.0,0,,,,,0.0000000,,0.006,,,1.230,,0.00000,,,7.5,0.000,0.000,,0.4,,0,9.0,2.094,2.3,0.004,4.9,
2016-12-08,5890,2016,12,1雀瞒 吝摸何,陛碍,措没达,措没达5,13.0,0.00,,0.0000,0.00000,,,1.0,,0.00000,,0.0,3.4,0.00,3.3,,,0.000,,,,0,,9.4,1.942,0.001,186.0,0,,,,,0.0000000,,0.009,,,1.080,,0.00000,,,7.6,0.000,0.000,,0.4,,0,9.0,2.037,2.2,0.008,,
2016-12-08,6005,2016,12,1雀瞒 窍摸何,陛碍,措没达,措没达5,27.0,0.00,,0.0000,0.00000,,,1.0,,0.00000,,0.0,2.5,0.00,3.6,,,0.000,,,,0,,9.4,1.975,0.005,204.0,0,,,,,0.0000000,,0.011,,,1.240,,0.00000,,,7.6,0.000,0.000,,0.8,,0,8.0,2.024,2.2,0.006,,
2017-01-04,6245,2017,1,1雀瞒 惑摸何,陛碍,措没达,措没达5,1.0,0.00,,0.0000,0.00000,,,1.4,,0.00000,,0.0,1.7,0.00,3.5,,,0.000,,,,0,,9.8,2.281,0.002,160.0,0,,,,,0.0000000,,0.009,,,0.580,,0.00000,,,7.7,0.000,0.000,,1.2,,0,9.0,2.543,2.4,0.005,4.8,
2017-01-04,6369,2017,1,1雀瞒 吝摸何,陛碍,措没达,措没达5,13.0,0.00,,0.0000,0.00000,,,1.2,,0.00000,,0.0,1.7,0.00,3.2,,,0.000,,,,0,,9.7,1.996,0.005,161.0,0,,,,,0.0000000,,0.019,,,0.560,,0.00000,,,7.6,0.000,0.001,,0.8,,0,9.0,2.070,2.4,0.009,,
2017-01-04,6485,2017,1,1雀瞒 窍摸何,陛碍,措没达,措没达5,27.0,0.00,,0.0000,0.00000,,,1.7,,0.00000,,0.0,1.8,0.00,3.6,,,0.000,,,,0,,9.8,2.323,0.005,181.0,0,,,,,0.0000000,,0.039,,,0.530,,0.00000,,,7.6,0.000,0.000,,2.8,,0,7.0,2.396,2.1,0.007,,
2017-02-07,6777,2017,2,1雀瞒 惑摸何,陛碍,措没达,措没达5,1.0,0.00,,0.0000,0.00000,,,1.6,,0.00000,,0.0,2.5,0.00,3.2,,,0.000,,,,0,,11.2,1.981,0.002,164.0,0,,,,,0.0000000,,0.007,,,1.000,,0.00000,,,7.8,0.000,0.000,,0.4,,0,5.0,1.989,2.2,0.007,5.9,
2017-02-07,6903,2017,2,1雀瞒 吝摸何,陛碍,措没达,措没达5,13.0,0.00,,0.0000,0.00000,,,1.7,,0.00000,,0.0,2.3,0.00,3.2,,,0.000,,,,0,,11.1,1.981,0.002,165.0,0,,,,,0.0000000,,0.003,,,1.120,,0.00000,,,7.8,0.000,0.000,,0.4,,0,5.0,2.218,2.2,0.008,,
2017-02-07,7021,2017,2,1雀瞒 窍摸何,陛碍,措没达,措没达5,27.0,0.00,,0.0000,0.00000,,,1.5,,0.00000,,0.0,2.6,0.00,2.8,,,0.000,,,,0,,10.7,2.130,0.003,179.0,0,,,,,0.0000000,,0.028,,,1.180,,0.00000,,,7.7,0.000,0.000,,2.0,,0,5.0,2.160,2.2,0.008,,
2017-03-03,7231,2017,3,1雀瞒 惑摸何,陛碍,措没达,措没达5,1.0,0.00,,0.0000,0.00000,,0.0000,2.6,0.0000,0.00000,0.000,0.0,2.1,0.00,3.0,,,0.000,,0.0000,0.0000,0,0.000,11.8,2.146,0.002,165.0,0,,,0.000,0.000,0.0000000,,0.014,,,1.240,,0.00000,,0.000,7.9,0.000,0.000,,0.4,0.000,0,5.0,2.383,2.2,0.013,5.7,
2017-03-03,7358,2017,3,1雀瞒 吝摸何,陛碍,措没达,措没达5,13.0,0.00,,0.0000,0.00000,,0.0000,2.6,0.0000,0.00000,0.000,0.0,2.3,0.00,3.0,,,0.000,,0.0000,0.0000,0,0.000,11.6,2.108,0.005,166.0,0,,,0.000,0.000,0.0000000,,0.016,,,1.290,,0.00000,,0.000,7.8,0.000,0.001,,0.4,0.000,0,5.0,2.191,2.2,0.011,,
2017-03-03,7477,2017,3,1雀瞒 窍摸何,陛碍,措没达,措没达5,26.0,0.00,,0.0000,0.00000,,0.0000,3.3,0.0000,0.00000,0.000,0.0,0.9,0.00,3.4,,,0.000,,0.0000,0.0000,0,0.000,11.6,2.451,0.004,186.0,0,,,0.000,0.000,0.0000000,,0.047,,,1.540,,0.00000,,0.000,7.7,0.000,0.001,,0.4,0.000,0,4.0,2.540,1.8,0.014,,
2017-04-05,7802,2017,4,1雀瞒 惑摸何,陛碍,措没达,措没达5,1.0,0.00,,0.0000,0.00000,,,1.1,,0.00000,,0.0,3.5,0.00,2.5,,,0.000,,,,0,,11.5,2.124,0.007,170.0,0,,,,,0.0000000,,0.024,,,1.100,,0.00000,,,8.1,0.000,0.002,,0.4,,0,11.0,2.165,2.3,0.016,7.3,
2017-04-05,7930,2017,4,1雀瞒 吝摸何,陛碍,措没达,措没达5,13.0,0.00,,0.0000,0.00000,,,1.7,,0.00000,,0.0,3.4,0.00,2.8,,,0.000,,,,0,,11.4,2.241,0.009,177.0,0,,,,,0.0000000,,0.019,,,1.030,,0.00000,,,7.7,0.000,0.006,,0.4,,0,6.0,2.457,2.3,0.024,,
2017-04-05,8050,2017,4,1雀瞒 窍摸何,陛碍,措没达,措没达5,26.0,0.00,,0.0000,0.00000,,,1.1,,0.00000,,0.0,5.0,0.00,2.3,,,0.000,,,,0,,10.4,2.478,0.008,191.0,0,,,,,0.0000000,,0.031,,,1.210,,0.00000,,,7.5,0.000,0.002,,0.8,,0,5.0,3.057,1.8,0.013,,
2017-05-11,8313,2017,5,1雀瞒 惑摸何,陛碍,措没达,措没达5,1.0,,,,,,,1.1,,,,0.0,2.6,,3.4,,,,,,,0,,9.9,2.805,0.005,182.0,0,,,,,,,0.040,,,1.670,,,,,8.4,0.000,0.004,,0.4,,0,18.0,3.087,1.9,0.012,6.4,
2017-05-11,8438,2017,5,1雀瞒 吝摸何,陛碍,措没达,措没达5,13.0,,,,,,,1.3,,,,0.0,1.1,,1.9,,,,,,,0,,9.2,3.007,0.007,193.0,0,,,,,,,0.044,,,1.880,,,,,7.5,0.000,0.000,,0.4,,0,8.0,3.028,1.8,0.007,,
2017-05-11,8555,2017,5,1雀瞒 窍摸何,陛碍,措没达,措没达5,25.0,,,,,,,1.3,,,,0.0,0.8,,1.5,,,,,,,0,,9.0,2.694,0.007,186.0,0,,,,,,,0.068,,,1.560,,,,,7.5,0.000,0.006,,0.8,,0,6.0,2.910,1.8,0.014,,
2017-06-05,8805,2017,6,1雀瞒 惑摸何,陛碍,措没达,措没达5,1.0,0.00,,0.0000,0.00000,,,1.2,,0.00000,,0.0,1.8,0.00,1.4,,,0.000,,,,0,,9.2,3.292,0.019,182.0,0,,,,,0.0000000,,0.029,,,0.660,,0.00000,,,8.3,0.000,0.002,,0.4,,0,23.0,3.755,2.0,0.032,6.7,
2017-06-05,8928,2017,6,1雀瞒 吝摸何,陛碍,措没达,措没达5,12.0,0.00,,0.0000,0.00000,,,1.3,,0.00000,,0.0,2.4,0.00,2.2,,,0.000,,,,0,,7.2,2.313,0.008,194.0,0,,,,,0.0000000,,0.051,,,0.880,,0.00000,,,7.6,0.000,0.008,,0.8,,0,11.0,2.385,1.8,0.010,,
2017-06-05,9043,2017,6,1雀瞒 窍摸何,陛碍,措没达,措没达5,23.0,0.00,,0.0000,0.00000,,,1.4,,0.00000,,0.0,1.6,0.00,2.9,,,0.000,,,,0,,7.5,2.175,0.004,191.0,0,,,,,0.0000000,,0.006,,,0.850,,0.00000,,,7.7,0.000,0.003,,0.8,,0,6.0,2.661,1.7,0.016,,
2017-07-13,9368,2017,7,1雀瞒 惑摸何,陛碍,措没达,措没达5,1.0,,,,,,,1.3,,,,0.0,7.3,,2.3,,,,,,,0,,9.0,1.409,0.009,169.0,0,,,,,,,0.030,,,0.230,0.0000,,0.0000,,8.4,0.000,0.000,,2.4,,100,29.0,1.646,2.5,0.022,2.9,
2017-07-13,9495,2017,7,1雀瞒 吝摸何,陛碍,措没达,措没达5,13.0,,,,,,,1.0,,,,0.0,1.6,,2.0,,,,,,,0,,3.1,2.713,0.034,188.0,0,,,,,,,0.000,,,0.880,0.0000,,0.0000,,7.5,0.000,0.021,,4.8,,300,18.0,2.963,2.3,0.058,,
2017-07-13,9616,2017,7,1雀瞒 窍摸何,陛碍,措没达,措没达5,25.0,,,,,,,0.9,,,,0.0,0.8,,1.7,,,,,,,0,,2.9,2.364,0.004,194.0,0,,,,,,,0.010,,,0.810,0.0000,,0.0000,,7.4,0.000,0.000,,1.6,,100,6.0,2.454,1.7,0.009,,
2017-08-02,9841,2017,8,1雀瞒 惑摸何,陛碍,措没达,措没达5,1.0,,,,,,,4.0,,,,0.0,26.4,,6.7,,,,,,,0,,8.7,1.673,0.011,166.0,0,,,,,,,0.019,,,0.630,,,,,9.8,0.000,0.005,,14.0,,0,29.0,2.390,3.4,0.062,0.5,
2017-08-02,9965,2017,8,1雀瞒 吝摸何,陛碍,措没达,措没达5,14.0,,,,,,,1.6,,,,0.0,1.5,,3.8,,,,,,,0,,2.5,2.840,0.029,185.0,0,,,,,,,0.036,,,1.740,,,,,7.7,0.000,0.014,,2.8,,0,22.0,2.876,2.2,0.047,,
2017-08-02,10080,2017,8,1雀瞒 窍摸何,陛碍,措没达,措没达5,26.0,,,,,,,1.6,,,,0.0,0.8,,2.4,,,,,,,0,,1.6,2.376,0.011,199.0,0,,,,,,,0.020,,,1.530,,,,,7.7,0.000,0.003,,2.4,,0,7.0,2.629,1.7,0.012,,
2017-09-07,10386,2017,9,1雀瞒 惑摸何,陛碍,措没达,措没达5,1.0,0.00,,0.0000,0.00000,,0.0000,1.8,0.0000,0.00000,0.000,0.0,6.1,0.00,3.2,,,0.000,,0.0000,0.0000,0,0.000,7.2,2.167,0.032,163.0,0,,,0.000,0.000,0.0000000,,0.000,,,0.710,,0.00000,,0.000,8.8,0.000,0.005,,4.0,0.000,0,26.0,3.186,3.0,0.058,2.4,
2017-09-07,10512,2017,9,1雀瞒 吝摸何,陛碍,措没达,措没达5,15.0,0.00,,0.0000,0.00000,,0.0000,1.9,0.0000,0.00000,0.000,0.0,0.9,0.00,2.3,,,0.000,,0.0000,0.0000,0,0.000,2.6,3.010,0.072,169.0,0,,,0.000,0.000,0.0000000,,0.000,,,1.220,,0.00000,,0.000,7.6,0.000,0.024,,4.0,0.000,0,24.0,3.189,2.8,0.075,,
2017-09-07,10629,2017,9,1雀瞒 窍摸何,陛碍,措没达,措没达5,28.0,0.00,,0.0000,0.00000,,0.0000,1.9,0.0000,0.00000,0.000,0.0,0.5,0.00,2.6,,,0.000,,0.0000,0.0000,0,0.000,0.4,2.324,0.030,199.0,0,,,0.000,0.000,0.0000000,,0.236,,,0.630,,0.00000,,0.000,7.7,0.000,0.003,,1.2,0.000,0,12.0,2.421,1.5,0.036,,
2017-10-11,10854,2017,10,1雀瞒 惑摸何,陛碍,措没达,措没达5,1.0,,,,,,,1.3,,,,0.0,4.8,,1.7,,,,,,,0,,8.8,1.989,0.022,166.0,0,,,,,,,0.029,,,0.350,,,,,8.8,0.000,0.008,,2.4,,0,23.0,2.353,2.7,0.035,2.8,
2017-10-11,10973,2017,10,1雀瞒 吝摸何,陛碍,措没达,措没达5,16.0,,,,,,,1.2,,,,0.0,7.7,,2.5,,,,,,,0,,5.6,2.003,0.020,169.0,0,,,,,,,0.027,,,0.180,,,,,7.9,0.000,0.001,,2.0,,0,22.0,2.105,2.6,0.033,,
2017-10-11,11083,2017,10,1雀瞒 窍摸何,陛碍,措没达,措没达5,29.0,,,,,,,1.1,,,,0.0,2.0,,2.3,,,,,,,0,,0.6,2.076,0.023,200.0,0,,,,,,,0.017,,,0.550,,,,,7.6,0.000,0.001,,2.4,,200,13.0,2.178,2.3,0.034,,
2017-11-09,11392,2017,11,1雀瞒 惑摸何,陛碍,措没达,措没达5,1.0,,,,,,,1.4,,,,0.0,4.5,,2.8,,,,,,,0,,7.5,2.191,0.006,171.0,0,,,,,,,0.012,,,0.420,,,,,8.0,0.000,0.001,,0.4,,0,18.0,2.368,2.3,0.017,3.7,
2017-11-09,11510,2017,11,1雀瞒 吝摸何,陛碍,措没达,措没达5,16.0,,,,,,,1.2,,,,0.0,3.5,,1.3,,,,,,,0,,7.3,2.151,0.006,171.0,0,,,,,,,0.005,,,0.360,,,,,8.0,0.000,0.000,,0.4,,0,18.0,2.402,2.3,0.016,,
2017-11-09,11620,2017,11,1雀瞒 窍摸何,陛碍,措没达,措没达5,29.0,,,,,,,1.8,,,,0.0,2.1,,1.4,,,,,,,0,,2.2,2.113,0.006,185.0,0,,,,,,,0.023,,,0.110,,,,,7.8,0.000,0.000,,1.2,,0,16.0,2.180,2.2,0.019,,
2017-12-07,11872,2017,12,1雀瞒 惑摸何,陛碍,措没达,措没达5,1.0,0.00,,0.0000,0.00000,,,1.6,,0.00000,,0.0,3.5,0.00,2.8,,,0.000,,,,0,,9.0,1.927,0.015,174.0,0,,,,,0.0000000,,0.019,,,0.070,,0.00000,,,8.2,0.000,0.001,,1.2,,0,11.0,1.978,2.5,0.019,3.9,
2017-12-07,11992,2017,12,1雀瞒 吝摸何,陛碍,措没达,措没达5,15.0,0.00,,0.0000,0.00000,,,1.6,,0.00000,,0.0,3.5,0.00,3.0,,,0.000,,,,0,,9.0,1.795,0.009,174.0,0,,,,,0.0000000,,0.015,,,0.090,,0.00000,,,8.2,0.000,0.006,,1.2,,0,11.0,1.874,2.5,0.035,,
2017-12-07,12105,2017,12,1雀瞒 窍摸何,陛碍,措没达,措没达5,28.0,0.00,,0.0000,0.00000,,,1.6,,0.00000,,0.0,2.9,0.00,2.9,,,0.000,,,,0,,9.1,1.720,0.011,179.0,0,,,,,0.0000000,,0.021,,,0.200,,0.00000,,,8.2,0.000,0.002,,0.4,,0,10.0,1.908,2.5,0.015,,
2018-01-04,12349,2018,1,1雀瞒 惑摸何,陛碍,措没达,措没达5,1.0,,,,,,,2.2,,,,0.0,1.5,,2.3,,,,,,,0,,10.9,1.929,0.018,177.0,0,,,,,,,0.009,,,0.580,,,,,8.3,0.000,0.000,,1.2,,0,7.0,1.977,2.0,0.020,4.5,
2018-01-04,12468,2018,1,1雀瞒 吝摸何,陛碍,措没达,措没达5,14.0,,,,,,,2.1,,,,0.0,2.0,,2.5,,,,,,,0,,10.7,1.791,0.006,177.0,0,,,,,,,0.019,,,0.560,,,,,8.3,0.000,0.001,,1.2,,0,6.0,1.806,2.1,0.012,,
2018-01-04,12579,2018,1,1雀瞒 窍摸何,陛碍,措没达,措没达5,27.0,,,,,,,1.8,,,,0.0,1.3,,1.5,,,,,,,0,,10.7,1.938,0.007,182.0,0,,,,,,,0.039,,,0.530,,,,,8.3,0.000,0.000,,2.0,,0,6.0,2.002,2.1,0.012,,
2018-02-06,12847,2018,2,1雀瞒 惑摸何,陛碍,措没达,措没达5,1.0,,,,,,,1.9,,,,0.0,3.4,,3.1,,,,,,,0,,12.3,1.976,0.009,183.0,0,,,,,,,0.005,,,0.970,,,,,8.3,0.000,0.001,,1.6,,0,3.0,2.082,2.0,0.018,5.3,
2018-02-06,12973,2018,2,1雀瞒 吝摸何,陛碍,措没达,措没达5,13.0,,,,,,,2.3,,,,0.0,3.7,,3.0,,,,,,,0,,12.2,2.083,0.010,183.0,0,,,,,,,0.003,,,0.810,,,,,8.2,0.000,0.002,,0.4,,0,3.0,2.106,2.0,0.017,,
2018-02-06,13091,2018,2,1雀瞒 窍摸何,陛碍,措没达,措没达5,26.0,,,,,,,2.0,,,,0.0,4.1,,3.0,,,,,,,0,,12.1,2.163,0.009,183.0,0,,,,,,,0.014,,,0.920,,,,,8.3,0.000,0.002,,0.8,,0,3.0,2.228,2.0,0.017,,
2018-03-09,13400,2018,3,1雀瞒 惑摸何,陛碍,措没达,措没达5,1.0,0.00,,0.0000,0.00000,,0.0000,1.5,0.0000,0.00000,0.000,0.0,2.8,0.00,3.6,,,0.000,,0.0000,0.0000,0,0.000,13.1,2.057,0.007,192.0,0,,,0.000,0.000,0.0000000,,0.019,,,0.070,,0.00000,,0.000,7.8,0.000,0.003,,1.2,0.000,0,4.0,2.270,1.9,0.013,4.1,
2018-03-09,13526,2018,3,1雀瞒 吝摸何,陛碍,措没达,措没达5,13.0,0.00,,0.0000,0.00000,,0.0000,1.3,0.0000,0.00000,0.000,0.0,2.6,0.00,3.5,,,0.000,,0.0000,0.0000,0,0.000,12.8,2.339,0.008,197.0,0,,,0.000,0.000,0.0000000,,0.015,,,0.090,,0.00000,,0.000,7.7,0.000,0.003,,0.8,0.000,0,4.0,2.441,1.9,0.012,,
2018-03-09,13645,2018,3,1雀瞒 窍摸何,陛碍,措没达,措没达5,26.0,0.00,,0.0000,0.00000,,0.0000,1.1,0.0000,0.00000,0.000,0.0,2.1,0.00,3.5,,,0.000,,0.0000,0.0000,0,0.000,12.4,2.339,0.007,200.0,0,,,0.000,0.000,0.0000000,,0.021,,,0.200,,0.00000,,0.000,7.7,0.000,0.003,,1.2,0.000,0,3.0,2.701,1.9,0.011,,
2018-04-03,13855,2018,4,1雀瞒 惑摸何,陛碍,措没达,措没达5,1.0,,,,,,,1.7,,,,0.0,4.9,,2.9,,,,,,,0,,12.5,2.820,0.005,206.0,0,,,,,,,0.008,,,1.990,,,,,8.0,0.000,0.000,,2.0,,0,12.0,2.943,2.0,0.016,3.3,
2018-04-03,13980,2018,4,1雀瞒 吝摸何,陛碍,措没达,措没达5,15.0,,,,,,,1.3,,,,0.0,4.0,,2.7,,,,,,,0,,11.9,2.512,0.003,203.0,0,,,,,,,0.034,,,1.780,,,,,7.7,0.000,0.000,,1.6,,0,5.0,2.699,1.8,0.012,,
2018-04-03,14098,2018,4,1雀瞒 窍摸何,陛碍,措没达,措没达5,28.0,,,,,,,1.3,,,,0.0,3.0,,2.1,,,,,,,0,,10.8,2.488,0.002,204.0,0,,,,,,,0.038,,,1.730,,,,,7.8,0.000,0.000,,1.2,,0,4.0,2.641,1.8,0.008,,
2018-05-11,14446,2018,5,1雀瞒 惑摸何,陛碍,措没达,措没达5,1.0,,,,,,,1.2,,,,0.0,5.6,,4.2,,,,,,,0,,10.7,2.781,0.004,171.0,0,,,,,,,0.041,,,1.680,,,,,8.4,0.000,0.003,,1.2,,0,18.0,3.063,2.1,0.010,2.5,
2018-05-11,14571,2018,5,1雀瞒 吝摸何,陛碍,措没达,措没达5,14.0,,,,,,,1.4,,,,0.0,3.2,,2.7,,,,,,,0,,8.7,2.983,0.006,191.0,0,,,,,,,0.045,,,1.890,,,,,7.6,0.000,0.000,,1.2,,0,10.0,3.004,2.0,0.006,,
2018-05-11,14693,2018,5,1雀瞒 窍摸何,陛碍,措没达,措没达5,28.0,,,,,,,1.3,,,,0.0,2.3,,2.3,,,,,,,0,,9.0,2.670,0.006,201.0,0,,,,,,,0.069,,,1.570,,,,,7.7,0.000,0.005,,1.6,,0,5.0,2.886,1.9,0.013,,
2018-06-05,14918,2018,6,1雀瞒 惑摸何,陛碍,措没达,措没达5,1.0,0.00,,0.0000,0.00000,,,2.0,,0.00000,,0.0,2.8,0.00,3.1,,,0.000,,,,0,,11.3,2.175,0.011,170.0,0,,,,,0.0000000,,0.029,,,0.440,,0.00000,,,8.3,0.000,0.005,,3.2,,0,24.0,2.522,2.2,0.045,3.2,
2018-06-05,15052,2018,6,1雀瞒 吝摸何,陛碍,措没达,措没达5,14.0,0.00,,0.0000,0.00000,,,2.2,,0.00000,,0.0,3.3,0.00,2.8,,,0.000,,,,0,,6.4,2.313,0.009,186.0,0,,,,,0.0000000,,0.021,,,0.490,,0.00000,,,7.5,0.000,0.006,,1.6,,0,11.0,2.857,1.8,0.016,,
2018-06-05,15178,2018,6,1雀瞒 窍摸何,陛碍,措没达,措没达5,27.0,0.00,,0.0000,0.00000,,,2.3,,0.00000,,0.0,2.7,0.00,2.6,,,0.000,,,,0,,7.1,2.089,0.018,206.0,0,,,,,0.0000000,,0.020,,,0.740,,0.00000,,,7.4,0.000,0.005,,1.6,,0,5.0,2.413,1.8,0.036,,
2018-07-05,15440,2018,7,1雀瞒 惑摸何,陛碍,措没达,措没达5,1.0,,,,,,,1.9,,,,0.0,5.9,,2.6,,,,,,,0,,7.1,2.121,0.031,181.0,0,,,,,,,0.059,,,0.060,0.0000,,0.0000,,8.3,0.000,0.010,,2.8,,0,25.0,2.264,2.2,0.035,1.7,
2018-07-05,15572,2018,7,1雀瞒 吝摸何,陛碍,措没达,措没达5,14.0,,,,,,,1.6,,,,0.0,4.0,,3.2,,,,,,,0,,2.2,2.686,0.026,166.0,0,,,,,,,0.060,,,0.640,0.0000,,0.0000,,7.2,0.000,0.021,,1.6,,200,18.0,2.829,3.1,0.031,,
2018-07-05,15697,2018,7,1雀瞒 窍摸何,陛碍,措没达,措没达5,27.0,,,,,,,0.8,,,,0.0,2.7,,1.8,,,,,,,0,,2.9,2.675,0.011,208.0,0,,,,,,,0.057,,,0.640,0.0000,,0.0000,,7.3,0.000,0.008,,0.4,,100,7.0,2.946,1.6,0.012,,
2018-08-06,15988,2018,8,1雀瞒 惑摸何,陛碍,措没达,措没达5,1.0,,,,,,,1.5,,,,0.0,3.2,,2.7,,,,,,,0,,13.2,2.890,0.024,225.0,0,,,,,,,0.031,,,0.250,,,,,9.5,0.000,0.008,,1.2,,0,31.0,3.316,2.5,0.027,2.9,
2018-08-06,16117,2018,8,1雀瞒 吝摸何,陛碍,措没达,措没达5,12.0,,,,,,,1.3,,,,0.0,3.5,,2.8,,,,,,,0,,2.3,2.894,0.025,146.0,0,,,,,,,0.031,,,0.490,,,,,7.7,0.000,0.008,,1.2,,0,20.0,3.312,2.3,0.028,,
2018-08-06,16237,2018,8,1雀瞒 窍摸何,陛碍,措没达,措没达5,24.0,,,,,,,2.2,,,,0.0,3.2,,4.1,,,,,,,0,,1.8,2.893,0.011,203.0,0,,,,,,,0.031,,,0.250,,,,,7.4,0.000,0.008,,2.0,,0,9.0,3.301,1.6,0.012,,
2018-09-04,16492,2018,9,1雀瞒 惑摸何,陛碍,措没达,措没达5,,0.00,,0.0000,0.00000,,0.0000,1.4,0.0000,0.00000,0.000,0.0,1.4,0.00,3.2,,,0.000,,0.0000,0.0000,0,0.000,14.6,1.698,0.052,162.0,0,,,0.000,,0.0000000,,0.073,,,0.660,,0.00000,,,8.9,0.000,0.010,,5.2,0.000,0,26.0,1.829,2.4,0.059,1.2,
2018-09-04,16625,2018,9,1雀瞒 吝摸何,陛碍,措没达,措没达5,,0.00,,0.0000,0.00000,,0.0000,1.6,0.0000,0.00000,0.000,0.0,4.1,0.00,4.0,,,0.000,,0.0000,0.0000,0,0.000,10.5,2.710,0.136,121.0,100,,,0.000,,0.0000000,,0.113,,,0.720,,0.00000,,,7.6,0.000,0.073,,7.6,0.000,100,22.0,2.854,3.2,0.138,,
2018-09-04,16751,2018,9,1雀瞒 窍摸何,陛碍,措没达,措没达5,,0.00,,0.0000,0.00000,,0.0000,1.7,0.0000,0.00000,0.000,0.0,4.5,0.00,3.3,,,0.000,,0.0000,0.0000,0,0.000,7.3,2.805,0.137,123.0,100,,,0.000,,0.0000000,,0.142,,,0.450,,0.00000,,,7.2,0.000,0.078,,4.0,0.000,300,20.0,3.057,3.3,0.192,,
2018-10-11,17076,2018,10,1雀瞒 惑摸何,陛碍,措没达,措没达5,1.0,,,,,,,1.2,,,,0.0,2.0,,3.0,,,,,,,0,,9.5,2.125,0.030,148.0,0,,,,,,,0.004,,,0.457,,,,,7.1,0.000,0.000,,0.4,,0,20.1,2.278,2.6,0.058,2.5,
2018-10-11,17203,2018,10,1雀瞒 吝摸何,陛碍,措没达,措没达5,15.0,,,,,,,1.6,,,,0.0,1.9,,3.6,,,,,,,0,,9.7,2.129,0.033,148.0,0,,,,,,,0.037,,,1.171,,,,,7.1,,0.000,,0.8,,300,20.0,2.637,2.6,0.048,,
2018-10-11,17326,2018,10,1雀瞒 窍摸何,陛碍,措没达,措没达5,30.0,,,,,,,1.9,,,,0.0,1.5,,2.9,,,,,,,0,,11.7,2.309,0.027,116.0,0,,,,,,,0.011,,,0.731,,,,,7.2,,0.006,,0.8,,0,17.1,2.825,3.1,0.036,,
2018-11-09,17607,2018,11,1雀瞒 惑摸何,陛碍,措没达,措没达5,1.0,,,,,,,1.1,,,,0.0,0.9,,1.8,,,,,,,0,,9.6,2.135,0.018,148.0,0,,,,,,,0.007,,,0.283,,,,,7.1,0.000,0.000,,2.4,,0,20.1,2.160,2.6,0.042,2.6,
2018-11-09,17736,2018,11,1雀瞒 吝摸何,陛碍,措没达,措没达5,15.0,,,,,,,1.2,,,,0.0,1.3,,2.6,,,,,,,0,,9.7,2.048,0.041,148.0,0,,,,,,,0.009,,,0.814,,,,,7.1,,0.008,,2.0,,0,20.0,2.114,2.5,0.060,,
2018-11-09,17861,2018,11,1雀瞒 窍摸何,陛碍,措没达,措没达5,30.0,,,,,,,0.9,,,,0.0,0.8,,2.4,,,,,,,0,,11.7,2.429,0.013,116.0,0,,,,,,,0.023,,,0.674,,,,,7.2,,0.000,,2.8,,0,17.1,2.825,2.3,0.015,,
2018-12-04,18086,2018,12,1雀瞒 惑摸何,陛碍,措没达,措没达5,1.0,0.00,,0.0000,0.00000,,,0.8,,0.00000,,0.0,1.9,0.00,1.9,,,0.000,,,,0,,15.9,1.983,0.030,146.0,0,,,,,0.0000000,,0.009,,,0.900,,0.00000,,,7.4,0.000,0.007,,1.6,,0,12.6,2.116,2.6,0.030,2.7,
2018-12-04,18219,2018,12,1雀瞒 吝摸何,陛碍,措没达,措没达5,15.0,0.00,,0.0000,0.00000,,,0.8,,0.00000,,0.0,2.2,0.00,2.1,,,0.000,,,,0,,15.8,2.008,0.030,146.0,0,,,,,0.0000000,,0.009,,,1.000,,0.00000,,,7.4,,0.004,,0.4,,0,12.5,2.225,2.4,0.042,,
2018-12-04,18345,2018,12,1雀瞒 窍摸何,陛碍,措没达,措没达5,30.0,0.00,,0.0000,0.00000,,,0.9,,0.00000,,0.0,2.0,0.00,1.9,,,0.000,,,,0,,14.9,1.997,0.043,166.0,0,,,,,0.0000000,,0.009,,,0.800,,0.00000,,,7.4,,0.006,,0.4,,0,10.4,2.213,2.3,0.069,,
2019-01-03,18599,2019,1,1雀瞒 惑摸何,陛碍,措没达,措没达5,1.0,,,,,,,1.1,,,,0.0,2.7,,1.9,,,,,,,0,,17.6,1.762,0.009,152.0,0,,,,,,,0.009,,,1.200,,,,,7.2,0.000,0.002,,0.4,,0,6.7,1.929,2.2,0.009,4.6,
2019-01-03,18724,2019,1,1雀瞒 吝摸何,陛碍,措没达,措没达5,14.0,,,,,,,1.0,,,,0.0,1.2,,2.4,,,,,,,0,,17.4,1.732,0.011,152.0,0,,,,,,,0.010,,,1.200,,,,,7.2,,0.002,,1.6,,0,6.7,1.926,2.3,0.018,,
2019-01-03,18841,2019,1,1雀瞒 窍摸何,陛碍,措没达,措没达5,29.0,,,,,,,1.0,,,,0.0,1.4,,1.6,,,,,,,0,,17.4,1.745,0.014,155.0,0,,,,,,,0.009,,,1.000,,,,,7.2,,0.001,,1.6,,0,6.2,2.022,2.2,0.014,,
2019-02-08,19147,2019,2,1雀瞒 惑摸何,陛碍,措没达,措没达5,1.0,,,,,,,0.8,,,,0.0,2.3,,1.8,,,,,,,0,,12.9,1.694,0.012,157.0,0,,,,,,,0.052,,,1.100,,,,,7.1,0.000,0.004,,1.2,,0,4.2,2.039,2.5,0.022,5.5,
2019-02-08,19269,2019,2,1雀瞒 吝摸何,陛碍,措没达,措没达5,14.0,,,,,,,1.0,,,,0.0,2.7,,2.5,,,,,,,0,,12.6,1.763,0.013,157.0,0,,,,,,,0.054,,,1.000,,,,,7.1,,0.005,,2.0,,0,4.1,2.088,2.7,0.019,,
2019-02-08,19383,2019,2,1雀瞒 窍摸何,陛碍,措没达,措没达5,29.0,,,,,,,0.9,,,,0.0,2.6,,2.4,,,,,,,0,,12.4,1.757,0.018,161.0,0,,,,,,,0.054,,,1.000,,,,,7.1,,0.001,,1.6,,0,3.8,2.302,2.5,0.022,,
2019-03-05,19652,2019,3,1雀瞒 惑摸何,陛碍,措没达,措没达5,1.0,0.00,,0.0000,0.00000,,0.0000,1.3,0.0000,0.00000,0.000,0.0,2.1,0.00,2.4,,,0.000,,0.0000,0.0000,0,0.000,13.8,1.680,0.007,157.0,0,,,0.000,0.000,0.0000000,,0.011,,,1.000,,0.00000,,0.000,6.3,0.000,0.007,,1.2,0.000,0,5.8,2.005,2.2,0.011,2.9,
2019-03-05,19773,2019,3,1雀瞒 吝摸何,陛碍,措没达,措没达5,14.0,0.00,,0.0000,0.00000,,0.0000,0.9,0.0000,0.00000,0.000,0.0,1.6,0.00,1.6,,,0.000,,0.0000,0.0000,0,0.000,13.3,1.398,0.009,159.0,0,,,0.000,0.000,0.0000000,,0.014,,,1.100,,0.00000,,0.000,6.0,0.000,0.002,,2.0,0.000,0,3.6,2.070,2.0,0.010,,
2019-03-05,19885,2019,3,1雀瞒 窍摸何,陛碍,措没达,措没达5,29.0,0.00,,0.0000,0.00000,,0.0000,1.3,0.0000,0.00000,0.000,0.0,0.9,0.00,2.6,,,0.000,,0.0000,0.0000,0,0.000,13.5,1.674,0.017,192.0,0,,,0.000,0.000,0.0000000,,0.020,,,0.700,,0.00000,,0.000,5.9,0.000,0.001,,2.8,0.000,0,2.6,2.282,1.6,0.027,,
2019-04-04,20166,2019,4,1雀瞒 惑摸何,陛碍,措没达,措没达5,1.0,,,,,,,1.5,,,,0.0,1.3,,2.9,,,,,,,0,,13.7,1.614,0.010,159.0,0,,,,,,,0.008,,,1.300,,,,,6.9,0.000,0.003,,2.0,,0,7.2,1.989,2.4,0.020,3.5,
2019-04-04,20298,2019,4,1雀瞒 吝摸何,陛碍,措没达,措没达5,13.0,,,,,,,1.2,,,,0.0,2.7,,2.1,,,,,,,0,,12.8,1.615,0.019,160.0,0,,,,,,,0.009,,,1.200,,,,,6.7,0.000,0.004,,1.6,,0,6.1,2.023,2.3,0.027,,
2019-04-04,20423,2019,4,1雀瞒 窍摸何,陛碍,措没达,措没达5,27.0,,,,,,,1.2,,,,0.0,2.7,,2.0,,,,,,,0,,12.6,1.665,0.019,182.0,0,,,,,,,0.016,,,1.100,,,,,6.6,0.000,0.000,,1.2,,0,3.9,2.183,2.0,0.035,,
2019-05-03,20686,2019,5,1雀瞒 惑摸何,陛碍,措没达,措没达5,1.0,,,,,,,1.6,,,,0.0,2.3,,3.7,,,,,,,0,,12.7,2.344,0.007,177.0,0,,,,,,,0.028,,,1.100,,,,,7.3,0.000,0.004,,1.2,,0,15.0,2.522,2.1,0.008,3.7,
2019-05-03,20795,2019,5,1雀瞒 吝摸何,陛碍,措没达,措没达5,14.0,,,,,,,1.8,,,,0.0,2.8,,3.6,,,,,,,0,,11.0,1.978,0.010,168.0,0,,,,,,,0.023,,,1.100,,,,,6.3,0.001,0.007,,1.6,,0,6.3,2.317,2.1,0.021,,
2019-05-03,20904,2019,5,1雀瞒 窍摸何,陛碍,措没达,措没达5,28.0,,,,,,,1.6,,,,0.0,2.8,,3.0,,,,,,,0,,10.1,1.980,0.008,178.0,0,,,,,,,0.050,,,0.900,,,,,6.2,0.000,0.005,,1.2,,0,4.1,2.409,2.0,0.011,,
2019-06-03,21161,2019,6,1雀瞒 惑摸何,陛碍,措没达,措没达5,1.0,0.00,,0.0000,0.00000,,,1.8,,0.00000,,0.0,2.3,0.00,3.6,,,0.000,,,,0,,11.2,1.497,0.003,181.0,0,,,,,0.0000000,,0.011,,,1.100,,0.00000,,,8.1,0.001,0.002,,1.6,,0,20.4,2.138,2.3,0.006,3.1,
2019-06-03,21288,2019,6,1雀瞒 吝摸何,陛碍,措没达,措没达5,13.0,0.00,,0.0000,0.00000,,,1.6,,0.00000,,0.0,2.8,0.00,3.2,,,0.000,,,,0,,8.2,1.775,0.004,189.0,0,,,,,0.0000000,,0.005,,,1.400,,0.00000,,,7.0,0.000,0.002,,1.2,,0,7.4,2.280,2.0,0.006,,
2019-06-03,21407,2019,6,1雀瞒 窍摸何,陛碍,措没达,措没达5,27.0,0.00,,0.0000,0.00000,,,1.6,,0.00000,,0.0,2.8,0.00,3.3,,,0.000,,,,0,,6.7,1.737,0.006,179.0,0,,,,,0.0000000,,0.006,,,1.400,,0.00000,,,6.9,0.000,0.002,,1.6,,0,4.4,2.230,2.1,0.006,,
2019-07-04,21749,2019,7,1雀瞒 惑摸何,陛碍,措没达,措没达5,1.0,,,,,,,1.2,,,,0.0,2.7,,2.3,,,,,,,0,,11.3,1.462,0.009,175.0,0,,,,,,,0.004,,,1.500,0.0000,,0.0000,,8.5,0.000,0.008,,1.6,,200,24.7,1.767,2.3,0.010,3.0,
2019-07-04,21881,2019,7,1雀瞒 吝摸何,陛碍,措没达,措没达5,12.0,,,,,,,1.3,,,,0.0,3.5,,2.7,,,,,,,0,,4.4,2.437,0.009,196.0,0,,,,,,,0.006,,,1.200,0.0000,,0.0000,,6.9,0.002,0.009,,1.2,,0,9.6,2.653,1.8,0.011,,
2019-07-04,22010,2019,7,1雀瞒 窍摸何,陛碍,措没达,措没达5,23.0,,,,,,,1.3,,,,0.0,2.4,,2.4,,,,,,,0,,4.1,2.217,0.009,183.0,0,,,,,,,0.005,,,1.200,0.0000,,0.0000,,7.1,0.001,0.005,,1.6,,0,5.1,2.294,1.9,0.013,,
2019-08-01,22243,2019,8,1雀瞒 惑摸何,陛碍,措没达,措没达5,1.0,,,,,,,1.1,,,,0.0,3.5,,2.4,,,,,,,0,,9.6,1.701,0.006,177.0,0,,,,,,,0.014,,,0.900,,,,,8.2,0.000,0.003,,3.6,,0,27.1,1.935,2.4,0.028,3.3,
2019-08-01,22380,2019,8,1雀瞒 吝摸何,陛碍,措没达,措没达5,13.0,,,,,,,0.8,,,,0.0,4.2,,1.7,,,,,,,0,,0.7,2.297,0.006,175.0,0,,,,,,,0.013,,,1.200,,,,,6.8,0.000,0.000,,1.2,,100,17.6,2.636,3.2,0.029,,
2019-08-01,22509,2019,8,1雀瞒 窍摸何,陛碍,措没达,措没达5,26.0,,,,,,,0.8,,,,0.0,3.5,,1.9,,,,,,,0,,1.2,2.326,0.007,187.0,0,,,,,,,0.016,,,1.200,,,,,6.2,0.002,0.000,,0.8,,0,5.3,2.574,1.9,0.030,,
2019-09-04,22835,2019,9,1雀瞒 惑摸何,陛碍,措没达,措没达5,1.0,0.00,,0.0000,0.00000,,0.0000,0.7,0.0000,0.00000,0.000,0.0,3.2,0.00,1.8,,,0.000,,0.0000,0.0000,0,0.000,8.9,1.529,0.007,179.0,0,,,0.000,0.000,0.0000000,,0.045,,,0.900,,0.00000,,0.000,7.8,0.003,0.003,,1.6,0.000,100,24.7,1.702,2.6,0.033,2.5,
2019-09-04,22973,2019,9,1雀瞒 吝摸何,陛碍,措没达,措没达5,13.0,0.00,,0.0000,0.00000,,0.0000,1.0,0.0000,0.00000,0.000,0.0,3.9,0.00,2.1,,,0.000,,0.0000,0.0000,0,0.000,0.9,1.978,0.009,164.0,100,,,0.000,0.000,0.0000000,,0.041,,,0.900,,0.00000,,0.000,7.1,0.000,0.003,,2.4,0.000,200,21.1,2.415,2.8,0.018,,
2019-09-04,23105,2019,9,1雀瞒 窍摸何,陛碍,措没达,措没达5,27.0,0.00,,0.0000,0.00000,,0.0000,0.9,0.0000,0.00000,0.000,0.0,3.5,0.00,1.9,,,0.000,,0.0000,0.0000,0,0.000,2.3,1.901,0.012,199.0,0,,,0.000,0.000,0.0000000,,0.040,,,0.900,,0.00000,,0.000,6.1,0.001,0.004,,1.2,0.000,200,5.7,2.302,1.9,0.016,,
2019-10-02,23365,2019,10,1雀瞒 惑摸何,陛碍,措没达,措没达5,1.0,,,,,,,0.8,,,,0.0,4.0,,1.6,,,,,,,0,,9.2,1.161,0.016,171.0,0,,,,,,,0.097,,,0.900,,,,,7.5,0.000,0.009,,2.0,,0,22.0,1.599,2.4,0.019,2.8,
2019-10-02,23503,2019,10,1雀瞒 吝摸何,陛碍,措没达,措没达5,15.0,,,,,,,0.9,,,,0.0,3.6,,1.8,,,,,,,0,,7.0,1.441,0.019,139.0,100,,,,,,,0.062,,,1.200,,,,,7.1,0.000,0.010,,2.4,,200,17.5,1.971,2.5,0.023,,
2019-10-02,23633,2019,10,1雀瞒 窍摸何,陛碍,措没达,措没达5,30.0,,,,,,,1.6,,,,0.0,3.4,,2.2,,,,,,,0,,2.4,1.591,0.008,200.0,0,,,,,,,0.067,,,1.300,,,,,6.7,0.000,0.005,,2.0,,100,6.7,2.038,1.9,0.013,,
2019-11-05,23932,2019,11,1雀瞒 惑摸何,陛碍,措没达,措没达5,1.0,,,,,,,0.6,,,,0.0,2.0,,1.2,,,,,,,0,,9.1,1.527,0.011,154.0,0,,,,,,,0.009,,,1.300,,,,,7.8,0.000,0.005,,1.2,,0,16.3,1.845,2.5,0.011,3.0,
2019-11-05,24070,2019,11,1雀瞒 吝摸何,陛碍,措没达,措没达5,15.0,,,,,,,0.8,,,,0.0,2.0,,1.9,,,,,,,0,,8.5,1.464,0.014,154.0,0,,,,,,,0.008,,,1.300,,,,,7.7,0.000,0.006,,1.6,,0,16.3,1.919,2.5,0.015,,
2019-11-05,24202,2019,11,1雀瞒 窍摸何,陛碍,措没达,措没达5,30.0,,,,,,,0.8,,,,0.0,1.9,,1.7,,,,,,,0,,1.8,2.122,0.015,153.0,0,,,,,,,0.007,,,1.000,,,,,6.8,0.000,0.007,,1.6,,0,12.7,2.468,2.5,0.018,,
2019-12-04,24492,2019,12,1雀瞒 惑摸何,陛碍,措没达,措没达5,1.0,0.00,,0.0000,0.00000,,,1.2,,0.00000,,0.0,1.4,0.00,2.3,,,0.000,,,,0,,9.3,1.760,0.011,157.0,0,,,,,0.0000000,,0.013,,,1.100,,0.00000,,,7.5,0.000,0.011,,0.8,,0,11.1,2.168,2.1,0.040,4.1,
2019-12-04,24628,2019,12,1雀瞒 吝摸何,陛碍,措没达,措没达5,15.0,0.00,,0.0000,0.00000,,,1.0,,0.00000,,0.0,1.6,0.00,2.0,,,0.000,,,,0,,9.2,1.330,0.015,158.0,0,,,,,0.0000000,,0.023,,,1.100,,0.00000,,,7.5,0.000,0.014,,1.6,,100,11.0,1.803,2.1,0.043,,
2019-12-04,24761,2019,12,1雀瞒 窍摸何,陛碍,措没达,措没达5,30.0,0.00,,0.0000,0.00000,,,1.3,,0.00000,,0.0,1.0,0.00,2.3,,,0.000,,,,0,,9.2,1.602,0.018,180.0,0,,,,,0.0000000,,0.010,,,1.100,,0.00000,,,7.4,0.000,0.006,,1.2,,100,9.4,2.004,2.1,0.037,,
2020-01-02,24989,2020,1,1雀瞒 惑摸何,陛碍,措没达,措没达5,1.0,,,,,,,1.0,,,,0.0,1.2,,2.0,,,,,,,0,,10.5,1.455,0.010,161.0,0,,,,,,,0.045,,,1.000,,,,,7.5,0.000,0.005,,1.2,,0,6.4,1.724,2.3,0.013,4.1,
2020-01-02,25131,2020,1,1雀瞒 吝摸何,陛碍,措没达,措没达5,15.0,,,,,,,1.2,,,,0.0,1.4,,2.3,,,,,,,0,,10.5,1.306,0.005,161.0,0,,,,,,,0.039,,,0.900,,,,,7.5,0.000,0.003,,1.2,,100,6.4,1.648,2.4,0.015,,
2020-01-02,25265,2020,1,1雀瞒 窍摸何,陛碍,措没达,措没达5,30.0,,,,,,,1.1,,,,0.0,1.2,,2.0,,,,,,,0,,10.2,1.465,0.006,167.0,0,,,,,,,0.039,,,0.900,,,,,7.5,0.000,0.005,,8.0,,0,5.7,1.711,2.4,0.017,,
2020-02-04,25569,2020,2,1雀瞒 惑摸何,陛碍,措没达,措没达5,1.0,,,,,,,1.2,,,,0.0,1.7,,2.1,,,,,,,0,,11.8,1.488,0.016,167.0,0,,,,,,,0.010,,,1.300,,,,,7.5,0.000,0.009,,1.2,,0,4.0,1.686,2.4,0.018,5.4,
2020-02-04,25712,2020,2,1雀瞒 吝摸何,陛碍,措没达,措没达5,13.0,,,,,,,1.2,,,,0.0,1.9,,2.4,,,,,,,0,,11.7,1.450,0.007,167.0,0,,,,,,,0.013,,,1.300,,,,,7.5,0.000,0.003,,1.6,,100,4.0,1.740,2.2,0.019,,
2020-02-04,25847,2020,2,1雀瞒 窍摸何,陛碍,措没达,措没达5,26.0,,,,,,,1.3,,,,0.0,1.8,,2.5,,,,,,,0,,11.8,1.368,0.009,181.0,0,,,,,,,0.010,,,1.000,,,,,7.5,0.000,0.004,,1.6,,0,2.6,1.722,2.2,0.009,,
2020-03-03,26117,2020,3,1雀瞒 惑摸何,陛碍,措没达,措没达5,1.0,0.00,,0.0000,0.00000,,0.0000,0.7,0.0000,0.00000,0.000,0.0,1.7,0.00,1.5,,,0.000,,0.0000,0.0000,0,0.000,12.8,1.650,0.007,166.0,0,,,0.000,0.000,0.0000000,,0.003,,,1.400,,0.00000,,0.000,7.7,0.000,0.005,,1.2,0.000,0,4.0,1.959,2.2,0.015,4.1,
2020-03-03,26257,2020,3,1雀瞒 吝摸何,陛碍,措没达,措没达5,14.0,0.00,,0.0000,0.00000,,0.0000,1.1,0.0000,0.00000,0.000,0.0,1.8,0.00,2.0,,,0.000,,0.0000,0.0000,0,0.000,12.4,1.434,0.007,167.0,0,,,0.000,0.000,0.0000000,,0.008,,,1.400,,0.00000,,0.000,7.6,0.000,0.005,,1.6,0.000,100,3.6,1.843,2.2,0.015,,
2020-03-03,26391,2020,3,1雀瞒 窍摸何,陛碍,措没达,措没达5,28.0,0.00,,0.0000,0.00000,,0.0000,0.9,0.0000,0.00000,0.000,0.0,1.9,0.00,1.9,,,0.000,,0.0000,0.0000,0,0.000,12.3,1.617,0.008,174.0,0,,,0.000,0.000,0.0000000,,0.007,,,1.400,,0.00000,,0.000,7.6,0.000,0.006,,1.2,0.000,0,2.5,2.077,2.1,0.009,,
2020-04-02,26667,2020,4,1雀瞒 惑摸何,陛碍,措没达,措没达5,1.0,,,,,,,1.1,,,,0.0,1.7,,2.3,,,,,,,0,,12.7,1.657,0.013,168.0,0,,,,,,,0.008,,,1.200,,,,,8.1,0.000,0.002,,1.6,,0,7.9,1.980,2.1,0.015,2.1,
2020-04-02,26810,2020,4,1雀瞒 吝摸何,陛碍,措没达,措没达5,15.0,,,,,,,0.9,,,,0.0,1.9,,1.9,,,,,,,0,,11.8,2.023,0.013,174.0,0,,,,,,,0.009,,,1.200,,,,,7.6,0.000,0.002,,1.2,,0,4.2,2.304,1.8,0.013,,
2020-04-02,26945,2020,4,1雀瞒 窍摸何,陛碍,措没达,措没达5,30.0,,,,,,,0.9,,,,0.0,1.7,,1.8,,,,,,,0,,11.3,1.842,0.012,179.0,0,,,,,,,0.007,,,1.100,,,,,7.6,0.000,0.001,,0.8,,0,3.1,2.189,1.9,0.016,,
2020-05-07,27247,2020,5,1雀瞒 惑摸何,陛碍,措没达,措没达5,1.0,,,,,,,1.1,,,,0.0,1.7,,2.2,,,,,,,0,,10.2,1.995,0.012,172.0,0,,,,,,,0.010,,,1.200,,,,,8.0,0.000,0.003,,2.0,,0,14.6,2.215,2.0,0.013,4.8,
2020-05-07,27388,2020,5,1雀瞒 吝摸何,陛碍,措没达,措没达5,15.0,,,,,,,1.1,,,,0.0,1.5,,2.1,,,,,,,0,,8.2,1.849,0.010,175.0,0,,,,,,,0.011,,,1.100,,,,,7.3,0.000,0.002,,1.6,,100,4.7,2.094,1.9,0.010,,
2020-05-07,27521,2020,5,1雀瞒 窍摸何,陛碍,措没达,措没达5,30.0,,,,,,,0.8,,,,0.0,2.0,,1.7,,,,,,,0,,7.6,2.104,0.011,178.0,0,,,,,,,0.008,,,1.100,,,,,7.4,0.000,0.002,,1.2,,0,3.1,2.400,1.8,0.014,,
2020-06-03,27794,2020,6,1雀瞒 惑摸何,陛碍,措没达,措没达5,1.0,0.00,,0.0000,0.00000,,,1.2,,0.00000,,0.0,2.0,0.00,2.4,,,0.000,,,,0,,10.5,1.689,0.010,169.0,0,,,,,0.0000000,,0.019,,,0.900,,0.00000,,,8.8,0.000,0.003,,1.6,,100,18.7,1.991,2.1,0.018,4.3,
2020-06-03,27934,2020,6,1雀瞒 吝摸何,陛碍,措没达,措没达5,13.0,0.00,,0.0000,0.00000,,,1.2,,0.00000,,0.0,2.0,0.00,2.4,,,0.000,,,,0,,7.3,1.877,0.012,173.0,100,,,,,0.0000000,,0.020,,,1.200,,0.00000,,,7.3,0.000,0.004,,1.2,,200,7.1,2.263,2.0,0.019,,
2020-06-03,28066,2020,6,1雀瞒 窍摸何,陛碍,措没达,措没达5,25.0,0.00,,0.0000,0.00000,,,1.0,,0.00000,,0.0,2.0,0.00,2.0,,,0.000,,,,0,,5.8,2.228,0.009,179.0,0,,,,,0.0000000,,0.019,,,1.200,,0.00000,,,7.3,0.000,0.005,,1.2,,0,3.8,2.590,1.9,0.017,,
2020-07-02,28319,2020,7,1雀瞒 惑摸何,陛碍,措没达,措没达5,1.0,,,,,,,1.0,,,,0.0,1.6,,2.0,,,,,,,0,,8.6,1.486,0.013,167.0,100,,,,,,,0.017,,,1.000,0.0000,,0.0000,,9.5,0.000,0.005,,1.2,,400,20.7,1.737,3.1,0.020,2.4,
2020-07-02,28461,2020,7,1雀瞒 吝摸何,陛碍,措没达,措没达5,14.0,,,,,,,1.4,,,,0.0,2.0,,2.8,,,,,,,0,,2.9,1.777,0.012,184.0,100,,,,,,,0.021,,,1.100,0.0000,,0.0000,,7.3,0.000,0.008,,1.2,,300,10.9,2.303,2.0,0.017,,
2020-07-02,28594,2020,7,1雀瞒 窍摸何,陛碍,措没达,措没达5,28.0,,,,,,,1.3,,,,0.0,1.8,,2.5,,,,,,,0,,2.8,1.887,0.011,183.0,0,,,,,,,0.020,,,1.100,0.0000,,0.0000,,7.5,0.000,0.006,,0.8,,100,3.8,2.293,1.9,0.021,,
2020-08-18,28962,2020,8,1雀瞒 惑摸何,陛碍,措没达,措没达5,1.0,,,,,,,2.0,,,,0.0,4.4,,2.9,,,,,,,0,,7.8,1.429,0.013,93.0,200,,,,,,,0.039,,,1.000,,,,,8.1,0.000,0.009,,2.4,,400,21.2,1.719,2.8,0.016,0.7,
2020-08-18,29100,2020,8,1雀瞒 吝摸何,陛碍,措没达,措没达5,12.0,,,,,,,1.2,,,,0.0,5.7,,2.4,,,,,,,0,,8.3,1.873,0.016,106.0,100,,,,,,,0.036,,,1.000,,,,,7.2,0.000,0.008,,1.6,,300,15.7,2.339,2.4,0.018,,
2020-08-18,29233,2020,8,1雀瞒 窍摸何,陛碍,措没达,措没达5,25.0,,,,,,,1.2,,,,0.0,4.0,,2.3,,,,,,,0,,7.7,1.663,0.012,90.0,100,,,,,,,0.044,,,1.000,,,,,7.4,0.000,0.008,,1.6,,300,14.8,1.981,2.4,0.015,,
2020-09-01,29424,2020,9,1雀瞒 惑摸何,陛碍,措没达,措没达5,1.0,0.00,,0.0000,0.00000,,0.0000,1.3,0.0000,0.00000,0.000,0.0,3.0,0.00,2.7,,,0.000,,0.0000,0.0006,0,0.000,5.6,1.200,0.017,149.0,300,,,0.000,0.000,0.0000000,,0.024,,,0.900,,0.00000,,0.000,7.2,0.000,0.011,,1.6,0.000,400,23.7,1.633,2.0,0.024,1.7,
2020-09-01,29565,2020,9,1雀瞒 吝摸何,陛碍,措没达,措没达5,13.0,0.00,,0.0000,0.00000,,0.0000,1.2,0.0000,0.00000,0.000,0.0,4.2,0.00,2.2,,,0.000,,0.0000,0.0003,0,0.000,6.7,2.064,0.019,94.0,100,,,0.000,0.000,0.0000000,,0.040,,,1.100,,0.00000,,0.000,6.9,0.000,0.010,,2.0,0.000,200,15.9,2.326,2.1,0.021,,
2020-09-01,29698,2020,9,1雀瞒 窍摸何,陛碍,措没达,措没达5,26.0,0.00,,0.0000,0.00000,,0.0000,1.3,0.0000,0.00000,0.000,0.0,3.7,0.00,2.5,,,0.000,,0.0000,0.0011,0,0.000,4.9,1.829,0.016,98.0,100,,,0.000,0.000,0.0000000,,0.024,,,1.300,,0.00000,,0.000,7.0,0.000,0.009,,1.6,0.000,100,14.6,2.040,2.0,0.019,,
2020-10-06,30003,2020,10,1雀瞒 惑摸何,陛碍,措没达,措没达5,1.0,,,,,,,1.1,,,,0.0,2.3,,2.1,,,,,,,0,,8.6,1.229,0.012,118.0,0,,,,,,,0.030,,,0.900,,,,,7.9,0.000,0.009,,1.6,,100,17.2,1.647,2.1,0.014,1.9,
2020-10-06,30142,2020,10,1雀瞒 吝摸何,陛碍,措没达,措没达5,14.0,,,,,,,1.3,,,,0.0,2.0,,2.6,,,,,,,0,,4.8,1.238,0.009,127.0,0,,,,,,,0.030,,,1.000,,,,,7.4,0.000,0.005,,1.2,,0,17.1,1.805,2.1,0.012,,
2020-10-06,30275,2020,10,1雀瞒 窍摸何,陛碍,措没达,措没达5,28.0,,,,,,,1.2,,,,0.0,1.9,,2.3,,,,,,,0,,1.3,1.729,0.009,116.0,0,,,,,,,0.028,,,1.000,,,,,7.3,0.000,0.006,,1.2,,0,15.6,1.962,1.7,0.012,,
2020-11-05,30571,2020,11,1雀瞒 惑摸何,陛碍,措没达,措没达5,1.0,,,,,,,1.2,,,,0.0,1.0,,2.5,,,,,,,0,,8.1,2.238,0.015,125.0,0,,,,,,,0.025,,,1.000,,,,,7.6,0.000,0.011,,1.6,,0,12.9,2.388,1.9,0.021,1.9,
2020-11-05,30710,2020,11,1雀瞒 吝摸何,陛碍,措没达,措没达5,12.0,,,,,,,1.0,,,,0.0,1.0,,2.0,,,,,,,0,,8.0,2.357,0.013,126.0,0,,,,,,,0.037,,,1.100,,,,,7.6,0.000,0.009,,1.6,,0,12.8,2.402,2.0,0.025,,
2020-11-05,30843,2020,11,1雀瞒 窍摸何,陛碍,措没达,措没达5,24.0,,,,,,,1.1,,,,0.0,1.1,,2.1,,,,,,,0,,8.4,2.220,0.020,129.0,0,,,,,,,0.040,,,1.100,,,,,7.6,0.000,0.013,,1.2,,0,12.7,2.399,2.0,0.024,,
2020-12-01,31083,2020,12,1雀瞒 惑摸何,陛碍,措没达,措没达5,1.0,0.00,,0.0000,0.00000,,,1.4,,0.00000,,0.0,2.9,0.00,2.4,,,0.000,,,,0,,9.4,1.128,0.009,123.0,0,,,,,0.0000160,,0.026,,,0.900,,0.00000,,,7.5,0.000,0.002,,2.0,,0,9.0,1.733,1.9,0.027,2.4,
2020-12-01,31224,2020,12,1雀瞒 吝摸何,陛碍,措没达,措没达5,13.0,0.00,,0.0000,0.00000,,,1.4,,0.00000,,0.0,3.3,0.00,2.6,,,0.000,,,,0,,9.3,1.033,0.007,123.0,0,,,,,0.0000160,,0.017,,,0.800,,0.00000,,,7.5,0.000,0.002,,2.0,,0,9.0,1.693,2.0,0.019,,
2020-12-01,31357,2020,12,1雀瞒 窍摸何,陛碍,措没达,措没达5,27.0,0.00,,0.0000,0.00000,,,1.4,,0.00000,,0.0,3.1,0.00,2.5,,,0.000,,,,0,,9.0,1.101,0.016,137.0,0,,,,,0.0000160,,0.038,,,0.900,,0.00000,,,7.5,0.000,0.000,,4.4,,0,8.5,1.882,1.9,0.020,,
2021-01-07,31705,2021,1,1雀瞒 惑摸何,陛碍,措没达,措没达5,1.0,,,,,,,1.9,,,,0.0,1.7,,2.8,,,,,,,0,,12.4,1.479,0.006,133.0,0,,,,,,,0.017,,,0.700,,,,,7.8,0.000,0.001,,1.6,,0,2.1,1.677,2.0,0.012,2.1,
2021-01-07,31838,2021,1,1雀瞒 吝摸何,陛碍,措没达,措没达5,12.0,,,,,,,1.5,,,,0.0,1.5,,2.9,,,,,,,0,,12.3,1.416,0.004,134.0,0,,,,,,,0.018,,,0.600,,,,,7.8,0.000,0.001,,2.0,,0,2.1,1.764,2.1,0.012,,
2021-01-07,31965,2021,1,1雀瞒 窍摸何,陛碍,措没达,措没达5,25.0,,,,,,,1.9,,,,0.0,1.4,,2.4,,,,,,,0,,12.4,1.701,0.005,135.0,0,,,,,,,0.016,,,0.500,,,,,7.9,0.000,0.001,,2.8,,0,1.9,2.224,2.0,0.011,,
2021-02-05,32242,2021,2,1雀瞒 惑摸何,陛碍,措没达,措没达5,1.0,,,,,,,1.7,,,,0.0,3.4,,2.8,,,,,,,0,,13.9,1.765,0.012,138.0,0,,,,,,,0.005,,,0.700,,,,,7.9,0.000,0.000,,6.0,,0,-0.1,1.875,2.0,0.015,3.5,
2021-02-05,32378,2021,2,1雀瞒 吝摸何,陛碍,措没达,措没达5,12.0,,,,,,,1.4,,,,0.0,4.0,,2.7,,,,,,,0,,13.8,1.581,0.008,139.0,0,,,,,,,0.003,,,1.400,,,,,7.9,0.000,0.001,,2.0,,0,-0.2,1.827,2.0,0.012,,
2021-02-05,32508,2021,2,1雀瞒 窍摸何,陛碍,措没达,措没达5,25.0,,,,,,,1.5,,,,0.0,3.9,,2.5,,,,,,,0,,13.7,1.561,0.006,140.0,0,,,,,,,0.000,,,1.300,,,,,8.0,0.000,0.000,,0.4,,0,-0.2,1.802,2.0,0.013,,
2021-03-04,32750,2021,3,1雀瞒 惑摸何,陛碍,措没达,措没达5,1.0,0.00,,0.0000,0.00000,,0.0000,2.0,0.0000,0.00000,0.000,0.0,2.8,0.00,2.3,,,0.000,,0.0000,0.0000,0,0.000,13.2,1.595,0.006,124.0,0,,,0.000,0.000,0.0000000,,0.023,,,1.100,,0.00000,,0.000,7.9,0.000,0.003,,2.4,0.000,0,5.8,2.035,2.1,0.017,2.8,
2021-03-04,32888,2021,3,1雀瞒 吝摸何,陛碍,措没达,措没达5,13.0,0.00,,0.0000,0.00000,,0.0000,1.8,0.0000,0.00000,0.000,0.0,2.8,0.00,2.6,,,0.000,,0.0000,0.0000,0,0.000,12.9,1.589,0.006,126.0,0,,,0.000,0.000,0.0000000,,0.024,,,1.200,,0.00000,,0.000,7.7,0.000,0.002,,2.0,0.000,0,5.3,2.012,2.2,0.015,,
2021-03-04,33021,2021,3,1雀瞒 窍摸何,陛碍,措没达,措没达5,26.0,0.00,,0.0000,0.00000,,0.0000,1.6,0.0000,0.00000,0.000,0.0,2.4,0.00,1.7,,,0.000,,0.0000,0.0000,0,0.000,12.3,1.656,0.005,149.0,0,,,0.000,0.000,0.0000000,,0.016,,,1.300,,0.00000,,0.000,7.2,0.000,0.002,,0.4,0.000,0,4.5,2.108,2.1,0.011,,
2021-04-05,33283,2021,4,1雀瞒 惑摸何,陛碍,措没达,措没达5,1.0,,,,,,,1.7,,,,0.0,1.5,,2.6,,,,,,,0,,13.1,1.720,0.007,171.0,0,,,,,,,0.020,,,1.100,,,,,8.0,0.000,0.001,,0.8,,0,6.5,2.064,1.7,0.013,2.6,
2021-04-05,33427,2021,4,1雀瞒 吝摸何,陛碍,措没达,措没达5,13.0,,,,,,,1.7,,,,0.0,1.0,,3.0,,,,,,,0,,12.8,1.953,0.008,138.0,0,,,,,,,0.022,,,1.100,,,,,7.5,0.000,0.003,,1.2,,0,2.0,2.554,1.8,0.011,,
2021-04-05,33562,2021,4,1雀瞒 窍摸何,陛碍,措没达,措没达5,26.0,,,,,,,1.6,,,,0.0,0.8,,2.9,,,,,,,0,,12.1,1.982,0.007,157.0,0,,,,,,,0.018,,,1.200,,,,,7.5,0.000,0.001,,0.8,,0,0.5,2.467,1.7,0.010,,
2021-05-06,33880,2021,5,1雀瞒 惑摸何,陛碍,措没达,措没达5,1.0,,,,,,,1.1,,,,0.0,1.4,,3.5,,,,,,,0,,9.3,1.409,0.009,138.0,0,,,,,,,0.012,,,0.900,,,,,8.3,0.000,0.002,,2.8,,0,17.0,2.233,1.8,0.014,3.3,
2021-05-06,34022,2021,5,1雀瞒 吝摸何,陛碍,措没达,措没达5,12.0,,,,,,,0.9,,,,0.0,1.1,,3.6,,,,,,,0,,8.2,1.322,0.011,136.0,0,,,,,,,0.011,,,0.700,,,,,7.4,0.000,0.003,,2.4,,0,8.8,2.087,1.6,0.017,,
2021-05-06,34156,2021,5,1雀瞒 窍摸何,陛碍,措没达,措没达5,24.0,,,,,,,1.2,,,,0.0,0.9,,3.3,,,,,,,0,,8.0,1.371,0.009,130.0,0,,,,,,,0.011,,,1.000,,,,,7.6,0.000,0.003,,1.2,,0,6.3,2.415,1.7,0.015,,
2021-06-08,34503,2021,6,1雀瞒 惑摸何,陛碍,措没达,措没达5,1.0,0.00,,0.0000,0.00000,,,1.6,,0.00000,,0.0,1.0,0.00,2.6,,,0.000,,,,0,,9.4,1.715,0.006,142.0,0,,,,,0.0000000,,0.013,,,1.000,,0.00000,,,9.4,0.000,0.005,,1.2,,0,24.1,2.200,1.9,0.009,2.2,
2021-06-08,34640,2021,6,1雀瞒 吝摸何,陛碍,措没达,措没达5,12.0,0.00,,0.0000,0.00000,,,1.1,,0.00000,,0.0,2.6,0.00,3.1,,,0.000,,,,0,,4.3,1.894,0.006,149.0,0,,,,,0.0000000,,0.006,,,1.200,,0.00000,,,7.1,0.000,0.004,,0.8,,0,15.4,2.207,1.7,0.008,,
2021-06-08,34774,2021,6,1雀瞒 窍摸何,陛碍,措没达,措没达5,24.0,0.00,,0.0000,0.00000,,,1.2,,0.00000,,0.0,0.5,0.00,2.9,,,0.000,,,,0,,5.5,2.062,0.004,137.0,0,,,,,0.0000000,,0.008,,,1.000,,0.00000,,,7.2,0.000,0.003,,0.4,,0,6.9,2.350,1.6,0.010,,
2021-07-06,35021,2021,7,1雀瞒 惑摸何,陛碍,措没达,措没达5,1.0,,,,,,,1.6,,,,0.0,1.0,,3.4,,,,,,,0,,7.8,2.243,0.008,138.0,0,,,,,,,0.039,,,0.900,0.0000,,0.0000,,9.5,0.000,0.005,,1.6,,0,26.2,2.637,2.2,0.010,2.6,
2021-07-06,35158,2021,7,1雀瞒 吝摸何,陛碍,措没达,措没达5,12.0,,,,,,,1.2,,,,0.0,0.7,,2.8,,,,,,,0,,0.6,2.209,0.011,161.0,0,,,,,,,0.033,,,1.200,0.0000,,0.0000,,7.1,0.000,0.004,,1.6,,0,17.8,2.378,1.7,0.012,,
2021-07-06,35292,2021,7,1雀瞒 窍摸何,陛碍,措没达,措没达5,24.0,,,,,,,2.3,,,,0.0,0.2,,2.7,,,,,,,0,,1.7,2.291,0.009,143.0,0,,,,,,,0.035,,,1.100,0.0000,,0.0000,,6.9,0.000,0.004,,1.2,,0,7.3,2.506,1.6,0.016,,
2021-08-11,35606,2021,8,1雀瞒 惑摸何,陛碍,措没达,措没达5,1.0,,,,,,,2.3,,,,0.0,1.7,,3.4,,,,,,,0,,6.4,1.935,0.011,135.0,0,,,,,,,0.049,,,0.700,,,,,9.6,0.000,0.005,,0.4,,0,30.8,2.475,2.9,0.014,1.5,
2021-08-11,35743,2021,8,1雀瞒 吝摸何,陛碍,措没达,措没达5,13.0,,,,,,,1.9,,,,0.0,0.8,,3.3,,,,,,,0,,2.6,1.794,0.011,89.0,0,,,,,,,0.040,,,1.300,,,,,7.4,0.000,0.008,,3.6,,0,21.7,2.480,2.9,0.013,,
2021-08-11,35876,2021,8,1雀瞒 窍摸何,陛碍,措没达,措没达5,26.0,,,,,,,1.8,,,,0.0,1.2,,2.5,,,,,,,0,,1.7,1.564,0.005,158.0,100,,,,,,,0.044,,,0.900,,,,,7.0,0.000,0.002,,5.6,,400,10.2,2.457,1.8,0.011,,
2021-09-02,36096,2021,9,1雀瞒 惑摸何,陛碍,措没达,措没达5,1.0,0.00,,0.0000,0.00000,,0.0000,2.0,0.0000,0.00000,0.000,0.0,3.0,0.00,2.8,,,0.000,,0.0000,0.0000,0,0.000,7.7,1.750,0.014,144.0,0,,,0.000,0.000,0.0000000,,0.017,,,0.800,,0.00000,,0.000,8.2,0.000,0.008,,1.2,0.000,0,26.3,2.633,2.3,0.024,2.5,
2021-09-02,36240,2021,9,1雀瞒 吝摸何,陛碍,措没达,措没达5,13.0,0.00,,0.0000,0.00000,,0.0000,2.0,0.0000,0.00000,0.000,0.0,0.8,0.00,3.2,,,0.000,,0.0000,0.0000,0,0.000,6.9,2.313,0.014,115.0,0,,,0.000,0.000,0.0000000,,0.016,,,1.100,,0.00000,,0.000,7.2,0.000,0.007,,1.2,0.000,0,23.0,2.591,2.6,0.024,,
2021-09-02,36374,2021,9,1雀瞒 窍摸何,陛碍,措没达,措没达5,26.0,0.00,,0.0000,0.00000,,0.0000,1.5,0.0000,0.00000,0.000,0.0,0.6,0.00,3.0,,,0.000,,0.0000,0.0000,0,0.000,1.9,2.013,0.016,116.0,0,,,0.000,0.000,0.0000000,,0.008,,,1.100,,0.00000,,0.000,6.7,0.000,0.007,,0.8,0.000,0,20.5,2.623,2.5,0.021,,
2021-10-07,36690,2021,10,1雀瞒 惑摸何,陛碍,措没达,措没达5,1.0,,,,,,,2.2,,,,0.0,2.2,,3.4,,,,,,,0,,8.6,1.669,0.010,146.0,0,,,,,,,0.037,,,1.000,,,,,8.2,0.000,0.007,,1.2,,0,24.4,2.163,2.4,0.037,2.6,
2021-10-07,36835,2021,10,1雀瞒 吝摸何,陛碍,措没达,措没达5,15.0,,,,,,,1.3,,,,0.0,0.3,,2.9,,,,,,,0,,2.0,2.023,0.017,161.0,0,,,,,,,0.021,,,1.500,,,,,6.6,0.000,0.009,,2.0,,0,22.7,2.295,2.0,0.036,,
2021-10-07,36968,2021,10,1雀瞒 窍摸何,陛碍,措没达,措没达5,30.0,,,,,,,3.4,,,,0.0,0.4,,3.2,,,,,,,0,,1.0,1.842,0.037,136.0,0,,,,,,,0.063,,,1.200,,,,,6.9,0.000,0.014,,3.6,,300,19.6,2.204,2.4,0.040,,
2021-11-03,37217,2021,11,1雀瞒 惑摸何,陛碍,措没达,措没达5,1.0,,,,,,,1.6,,,,0.0,0.5,,3.8,,,,,,,0,,6.7,2.028,0.012,147.0,0,,,,,,,0.031,,,0.900,,,,,7.0,0.000,0.009,,0.8,,0,19.6,2.181,2.2,0.033,3.3,
2021-11-03,37365,2021,11,1雀瞒 吝摸何,陛碍,措没达,措没达5,15.0,,,,,,,1.3,,,,0.0,0.6,,4.1,,,,,,,0,,6.6,1.847,0.015,148.0,0,,,,,,,0.046,,,1.000,,,,,7.0,0.000,0.010,,1.2,,0,19.5,2.453,2.2,0.017,,
2021-11-03,37499,2021,11,1雀瞒 窍摸何,陛碍,措没达,措没达5,30.0,,,,,,,1.4,,,,0.0,0.6,,3.5,,,,,,,0,,7.2,2.114,0.016,169.0,0,,,,,,,0.040,,,1.000,,,,,7.0,0.000,0.009,,2.0,,0,17.3,2.266,2.0,0.019,,
2021-12-10,37851,2021,12,1雀瞒 惑摸何,陛碍,措没达,措没达5,1.0,0.00,,0.0000,0.00000,,,2.2,,0.00000,,0.0,0.5,0.00,3.5,,,0.000,,,,0,,9.0,2.322,0.010,149.0,0,,,,,0.0000000,,0.024,,,0.800,,0.00000,,,7.4,0.000,0.007,,0.8,,0,12.9,2.565,2.1,0.020,3.4,
2021-12-10,37990,2021,12,1雀瞒 吝摸何,陛碍,措没达,措没达5,13.0,0.00,,0.0000,0.00000,,,2.4,,0.00000,,0.0,0.4,0.00,4.0,,,0.000,,,,0,,9.0,2.265,0.009,149.0,0,,,,,0.0000000,,0.005,,,1.000,,0.00000,,,7.4,0.000,0.006,,0.4,,100,12.9,2.761,2.2,0.019,,
2021-12-10,38124,2021,12,1雀瞒 窍摸何,陛碍,措没达,措没达5,26.0,0.00,,0.0000,0.00000,,,2.5,,0.00000,,0.0,0.4,0.00,2.9,,,0.000,,,,0,,9.4,1.844,0.014,157.0,0,,,,,0.0000000,,0.017,,,0.900,,0.00000,,,7.5,0.000,0.008,,0.8,,0,11.9,2.185,2.2,0.020,,
