,¼ö¿Â(¡É),DO(mg/L),T-N(mg/L),Tem_d,Rain_d,Q_d
0,26.4,8.8,2.71,25.897608,47.914307,1223.1134
1,22.6,8.2,2.393,21.736624,24.142387,3903.591
2,26.0,8.0,2.386,21.439247,-0.39474642,439.13782
3,24.2,8.9,2.554,19.485044,-0.39474642,223.9059
4,22.7,8.3,2.442,17.205297,-0.39474642,183.20717
5,21.5,9.7,2.935,15.942285,-0.39474642,151.2491
6,18.1,9.4,2.755,14.210293,8.654409,150.26492
7,18.1,10.0,2.837,12.381123,-0.39474642,145.5462
8,15.1,10.1,2.858,12.1483,1.8675425,156.57133
9,13.7,10.7,2.825,8.962277,6.7401648,176.49646
10,12.4,11.2,3.097,6.157238,-0.39474642,132.26039
11,9.4,12.0,3.106,4.7171865,2.215587,172.93721
12,7.8,12.5,2.786,2.8280706,1.0861717,121.84135
13,5.3,13.9,3.058,1.9339074,8.317893,138.17438
14,5.2,13.3,3.612,0.38121548,8.971341,215.10374
15,3.1,14.1,4.246,-2.5032542,-0.39474642,125.58988
16,3.0,13.7,3.273,0.67210436,-0.39474642,101.58779
17,2.7,14.0,3.654,3.6790028,3.1095514,218.71066
18,4.4,14.8,4.194,6.4148626,16.15927,380.99405
19,5.7,13.5,4.172,2.8204813,0.87930214,304.30304
20,3.3,15.0,3.467,2.1203904,-0.046701968,160.61523
21,3.8,15.2,3.545,1.7862651,1.5194981,123.72219
22,6.7,15.5,3.148,6.4645233,4.3972054,152.56949
23,7.6,15.1,3.353,10.76203,0.040885568,147.77461
24,11.5,14.5,3.388,11.04881,3.4013343,105.13995
25,13.0,14.0,3.671,11.627701,11.438765,436.1758
26,12.3,13.4,3.746,11.332474,-0.39474642,190.90393
27,14.6,12.5,3.464,13.321515,13.109845,130.51732
28,15.4,11.6,2.924,8.870344,0.3013425,346.49506
29,14.4,12.5,3.575,14.957721,0.91214955,135.8874
30,13.9,11.1,3.063,14.694463,10.130993,225.15445
31,15.7,10.8,3.124,15.163508,1.5194981,198.951
32,19.5,10.7,3.298,20.184778,4.467112,141.88069
33,23.2,9.7,3.142,21.465683,-0.39474642,112.28637
34,23.6,7.9,2.967,24.246698,8.480387,181.21297
35,23.2,8.5,2.874,23.132767,21.706076,549.79333
36,26.2,8.2,2.695,24.836231,-0.39474642,222.48347
37,25.3,8.8,2.133,26.267393,3.6358871,194.04514
38,26.9,10.1,2.363,27.271667,25.641869,1327.2673
39,26.9,8.5,2.138,26.872791,5.5600095,332.18442
40,29.0,9.0,2.234,27.665567,35.4381,1728.8063
41,26.7,7.3,2.928,30.791803,19.965855,870.1759
42,31.0,10.1,2.69,30.805403,0.3013425,336.0736
43,31.6,10.0,2.583,30.616697,-0.046701968,312.4829
44,31.0,9.8,2.303,30.580397,18.74408,539.7105
45,32.0,9.9,3.021,32.628403,9.878518,740.70874
46,34.3,10.0,2.056,32.318073,-0.39474642,200.94954
47,33.6,8.5,1.812,31.60726,27.20596,563.0551
48,29.1,7.2,2.588,28.197224,4.878455,335.68445
49,30.7,9.4,2.09,25.001116,1.600402,155.88351
50,28.4,12.1,1.987,26.317114,7.151379,342.54633
51,28.8,9.9,2.733,25.05613,-0.39474642,447.22705
52,29.5,9.8,2.192,24.749748,-0.39474642,162.585
53,26.0,9.6,1.774,22.516098,8.176611,576.4009
54,25.1,11.5,2.053,24.043007,19.684053,696.87994
55,22.8,10.8,2.704,16.058422,-0.39474642,283.0787
56,21.5,12.1,2.001,18.829775,-0.39474642,107.68226
57,17.7,12.6,2.434,15.275748,-0.39474642,93.26775
58,17.1,11.5,2.19,14.123166,7.533064,90.064255
59,14.2,9.8,2.35,7.6140323,0.69433355,104.27904
60,11.2,11.0,2.612,4.3712063,0.12732026,107.090454
61,10.5,11.7,2.968,5.537761,9.3738,135.03154
62,8.2,11.6,3.419,3.9299045,-0.39474642,100.927864
63,7.2,12.2,3.743,3.2689834,0.8933158,134.79832
64,5.0,12.5,4.168,3.7081113,-0.17693043,92.826744
65,5.1,13.4,3.968,1.7984941,-0.39474642,74.467
66,5.1,13.8,3.302,2.5233312,1.1299655,111.97881
67,3.0,14.1,3.645,-0.87350345,-0.39474642,103.07974
68,3.2,15.1,4.01,2.780228,-0.17693043,72.802444
69,3.6,14.4,3.738,6.66374,0.47651756,54.220577
70,5.9,13.9,3.854,3.3678007,-0.22049363,72.69736
71,4.8,13.8,3.859,2.6561303,-0.359942,67.714226
72,5.7,14.4,3.808,4.1849494,-0.2207242,72.38832
73,6.2,14.5,3.851,9.488886,5.0506535,69.07302
74,8.3,14.2,4.07,6.8150187,-0.39474642,58.712616
75,7.8,13.5,4.025,5.9362783,16.529348,202.6753
76,10.6,13.3,5.483,13.005536,2.1056428,196.98747
77,12.5,13.1,5.044,16.268692,12.056489,177.40637
78,14.7,10.6,4.528,15.346194,2.0415647,267.15723
79,14.7,11.3,4.134,14.255869,-0.21745242,114.10737
80,14.9,9.7,3.593,17.484869,6.3575497,106.46791
81,15.7,9.4,3.403,17.599987,-0.39474642,72.673805
82,16.3,8.6,3.314,18.898571,10.566578,592.3627
83,17.8,10.5,2.771,17.300943,-0.2207242,184.86111
84,19.4,12.1,2.432,22.26141,14.614728,108.21629
85,21.2,13.4,2.356,22.33607,-0.359942,71.29726
86,22.7,9.7,2.257,25.460077,4.508304,66.40196
87,23.3,9.0,2.285,23.418839,3.214573,106.3228
88,23.0,8.7,2.38,23.93718,0.32860813,121.31851
89,24.1,10.6,2.467,26.244598,1.1299655,101.40089
90,23.9,7.5,2.356,26.625824,17.1815,260.1567
91,25.0,7.4,2.449,26.32949,15.495751,291.876
92,24.8,6.5,2.313,28.207243,9.372403,163.19635
93,25.7,8.4,1.923,27.500296,12.4020815,146.16893
94,26.2,7.7,2.001,31.03326,1.0343568,104.958664
95,28.1,9.9,1.413,30.51139,11.921063,90.10198
96,23.9,7.1,2.593,29.237406,21.250164,695.51953
97,25.2,7.4,2.174,26.795408,20.76821,585.6027
98,23.0,8.0,2.565,25.437971,39.66856,1414.072
99,23.7,9.1,2.76,24.905376,6.2714505,363.43817
100,25.2,11.2,2.772,25.911667,-0.39474642,200.80254
101,25.0,10.1,2.717,23.217709,-0.359942,117.131004
102,23.8,10.4,2.688,21.783398,17.091356,1071.1423
103,22.8,8.2,2.595,21.237177,-0.25552863,322.35535
104,21.2,10.0,2.377,19.651594,-0.39474642,185.6939
105,19.7,9.2,2.333,17.511532,11.09072,148.22977
106,18.4,11.5,2.427,15.9816475,12.959692,913.5963
107,17.4,10.8,2.866,14.977548,2.4368615,365.36868
108,15.8,10.9,2.837,11.806944,-0.17693043,413.38257
109,14.4,11.1,2.597,10.481508,-0.39474642,161.16588
110,12.0,14.4,2.682,7.2164693,-0.39474642,117.62114
111,10.8,14.4,2.827,11.06779,12.172656,310.71072
112,10.1,11.9,2.894,4.2934723,1.0352328,231.49158
113,6.3,11.6,2.579,3.2599356,0.76589787,188.00467
114,5.7,12.2,2.839,-1.3905672,2.6085782,156.93915
115,3.7,13.6,3.444,0.4861053,-0.39474642,147.78522
116,3.1,13.6,3.102,-0.07699812,-0.30762002,131.26547
117,3.0,13.4,3.432,0.9516022,2.5636315,138.00647
118,2.6,14.5,3.488,2.1832378,0.040885568,110.46489
119,3.0,15.3,3.475,4.023089,1.7277262,104.699715
120,4.1,13.5,3.751,3.5063307,1.128121,112.46531
121,4.0,13.8,4.435,2.5599387,-0.39474642,96.57785
122,3.8,14.3,3.708,0.7940477,-0.39474642,89.95617
123,4.4,14.5,3.954,4.9694242,2.9192362,127.64418
124,5.8,14.2,4.043,7.082837,1.7834135,126.49848
125,6.2,13.6,4.334,4.26557,2.033801,120.93775
126,7.3,13.8,4.41,5.6414704,-0.35118324,96.488556
127,7.9,12.9,3.333,13.442049,17.901796,354.556
128,10.4,13.1,4.178,10.184827,-0.39474642,217.44894
129,11.9,14.1,3.232,15.760278,10.827487,134.55428
130,13.6,9.9,2.97,11.465482,2.5636315,180.87422
131,13.8,11.3,2.77,13.480784,4.9932637,241.84917
132,14.9,11.2,2.732,16.659676,7.21592,351.16486
133,17.1,12.5,2.484,19.578062,10.192139,177.11934
134,18.8,9.3,2.55,19.26438,5.347987,142.35321
135,20.3,10.7,1.701,22.044716,11.823933,128.1533
136,21.3,10.7,1.747,21.68901,2.7376537,89.135765
137,22.1,10.1,1.636,24.948212,0.040885568,57.652752
138,22.9,9.3,1.411,24.576408,1.7834135,70.91312
139,22.0,7.5,1.999,25.951231,0.17088346,78.027115
140,22.6,8.4,1.62,25.102182,1.4642925,81.81103
141,22.9,10.4,1.783,25.168148,6.4539213,305.95984
142,23.4,8.3,2.129,25.386782,3.7893472,136.28091
143,24.0,10.2,1.763,25.67224,30.458624,938.05396
144,22.4,7.4,2.314,27.585978,16.666992,553.9744
145,24.4,8.6,2.281,29.059193,13.415801,120.474625
146,26.1,10.7,2.085,31.269882,8.45614,61.303677
147,28.7,8.2,1.881,31.243244,4.092263,54.518036
148,30.0,8.1,1.249,27.488363,5.8652434,120.54884
149,28.2,6.5,1.462,27.586586,24.183035,153.16675
150,25.7,7.5,1.675,25.963045,13.864016,287.1775
151,25.8,7.0,2.246,25.621178,7.8053265,228.36502
152,24.5,7.7,2.135,22.993088,7.6450806,124.19601
153,23.5,8.5,1.878,21.25406,12.001572,49.255962
154,23.3,10.0,1.745,22.289684,5.224906,42.13731
155,23.2,10.9,1.574,21.603525,15.026627,85.65563
156,21.8,9.8,1.637,18.202562,0.38939115,63.068016
157,20.3,10.6,1.531,16.6965,-0.359942,73.760666
158,19.5,11.4,1.671,17.723202,-0.39474642,29.164276
159,19.2,9.9,1.361,13.46026,2.3548048,35.591717
160,16.3,10.7,1.751,14.038443,12.794793,38.570442
161,15.5,10.8,2.169,14.860347,6.880308,102.90793
162,15.5,9.3,2.734,15.262812,2.948564,150.4741
163,14.8,9.4,3.192,11.779096,-0.10421324,106.97567
164,12.0,10.7,3.235,7.3829784,0.23781921,81.17832
165,9.3,11.6,3.501,9.823504,8.187204,94.49607
166,9.6,11.8,2.24,6.3582335,0.24229087,91.200165
167,7.3,12.9,2.388,7.1515927,0.7159469,69.370056
168,7.1,13.4,2.327,0.77599436,-0.39474642,53.496002
169,5.5,14.5,2.525,2.5601935,-0.39474642,43.28733
170,4.8,13.9,2.877,-0.36945647,-0.39474642,51.97927
171,4.0,12.9,3.2,-1.2613094,0.26653802,40.634956
172,2.4,13.7,3.012,0.21150018,-0.39474642,40.390617
173,4.0,12.0,2.735,9.9689865,9.613814,55.68596
174,5.7,12.4,3.312,5.083138,-0.39474642,79.62441
175,5.8,12.5,3.596,4.6349382,-0.39474642,41.313442
176,6.0,13.2,3.054,9.630337,18.872637,53.16062
177,9.0,11.2,4.324,10.675215,3.6958134,370.9766
178,8.1,12.2,3.98,11.876921,9.406973,83.98918
179,11.3,12.3,4.118,11.517974,-0.0026776418,67.30897
180,12.3,11.6,3.348,15.329316,-0.39474642,45.013798
181,14.4,11.0,2.601,15.923707,17.182703,400.8269
182,14.6,9.8,3.274,15.543936,16.222652,216.16133
183,15.2,8.8,2.423,16.988598,10.931685,455.70895
184,16.8,9.9,2.9,16.592764,9.828427,434.91995
185,17.6,9.7,2.335,20.44034,18.538872,297.30795
186,18.7,11.1,1.964,19.689844,6.886943,183.13348
187,19.7,10.5,1.973,22.053457,3.0856981,130.82211
188,22.3,11.5,1.672,23.916653,6.6009474,100.58424
189,22.9,9.5,1.841,24.278643,4.0487,60.015175
190,23.3,7.9,1.792,25.639336,10.039538,94.602936
191,23.4,8.8,1.85,26.492777,0.108928114,125.80508
192,24.6,8.7,1.736,26.474905,25.46594,127.46354
193,24.3,8.6,2.045,26.38885,22.275036,473.16104
194,23.9,6.7,2.15,29.188715,22.424929,2631.831
195,25.0,7.9,2.789,29.292595,0.5648194,435.35873
196,26.1,8.6,2.65,28.714518,-0.39474642,215.19579
197,27.5,8.0,2.6,32.062637,24.784782,129.688
198,29.4,7.0,2.548,30.660604,1.1269071,168.22159
199,30.3,8.9,2.298,33.068275,-0.011897514,145.78525
200,30.8,8.8,2.466,31.48245,1.0122317,122.26835
201,30.8,13.2,1.885,30.30323,0.066931255,78.52825
202,27.6,8.5,1.656,26.123709,96.22439,609.32367
203,23.9,7.5,2.625,26.47012,9.306759,588.7003
204,24.5,7.9,3.267,24.990269,56.758156,828.02277
205,21.4,7.3,2.069,21.970343,2.3548048,1386.0541
206,22.3,9.5,2.328,24.653122,11.266561,234.79236
207,21.9,9.2,2.425,23.738863,30.234594,1064.6312
208,20.0,9.4,2.583,17.247864,-0.39474642,701.8466
209,18.9,10.1,2.378,19.270994,16.380997,278.88235
210,18.6,10.2,2.297,16.540535,1.9041915,131.8934
211,16.8,11.5,2.304,8.733865,-0.08150642,116.02439
212,14.0,13.1,2.461,10.459644,-0.39474642,97.352036
213,13.4,13.9,2.507,11.668093,4.963527,90.70425
214,13.2,11.1,2.522,10.216395,0.43295434,86.39637
215,10.3,10.5,2.617,6.2811384,0.86858636,97.06323
216,8.3,12.2,3.115,4.4173527,-0.39474642,81.708046
217,7.1,12.0,3.107,3.741039,-0.39474642,76.31002
218,5.7,12.2,3.383,10.172759,25.724026,150.87724
219,7.2,11.0,3.376,3.100547,5.2843723,142.34956
220,5.4,12.9,3.411,4.5326104,-0.39474642,112.19573
221,5.9,14.2,3.707,3.278136,-0.11631086,97.28677
222,4.1,13.5,3.337,-0.39608523,-0.39474642,100.38442
223,2.7,14.4,3.555,-0.12661017,-0.39474642,76.72462
224,3.2,13.9,3.452,3.0046241,0.33158362,67.40235
225,4.2,13.6,3.518,4.346002,0.579778,69.55204
226,4.0,12.9,3.598,6.8563833,0.91317683,84.08098
227,5.6,13.8,3.508,5.4619656,8.548299,130.85905
228,6.2,14.0,3.808,6.741545,0.95571274,91.94818
229,7.7,13.6,4.052,5.155054,-0.39474642,73.564545
230,8.6,13.5,3.743,8.332964,-0.39474642,138.89156
231,10.4,13.8,3.886,10.347201,2.5675511,72.21884
232,10.6,12.1,3.562,10.666475,4.2485824,54.490234
233,12.5,12.1,3.506,17.046667,18.084309,128.78745
234,14.8,10.9,3.723,16.88782,5.0695515,187.96051
235,16.1,10.6,3.121,17.384918,6.322511,189.3955
236,17.1,11.6,2.688,16.951857,0.95571274,131.07701
237,18.8,9.3,2.829,19.98191,0.999276,66.545555
238,19.9,8.8,2.354,19.406132,12.394756,82.55894
239,20.1,9.2,2.105,22.384207,-0.39474642,48.2414
240,22.1,10.2,2.199,23.764936,-0.39474642,48.271893
241,23.3,9.8,2.111,26.47647,-0.39474642,149.34866
242,23.5,9.0,1.92,24.553438,1.2262155,97.12562
243,24.1,9.4,1.894,25.237291,-0.39474642,61.296566
244,25.9,11.0,1.704,26.843042,1.3530362,45.278812
245,25.4,6.4,1.655,27.922083,9.699235,199.11751
246,25.8,7.8,1.84,29.519444,3.5161185,587.4636
247,26.8,8.3,1.423,31.291643,-0.046240825,284.82385
248,28.1,6.8,1.677,32.843796,1.7343187,558.0844
249,29.7,10.0,1.875,30.312962,5.3774137,897.95667
250,27.1,6.9,2.438,32.41833,0.962627,902.1627
251,29.6,12.9,1.955,32.207806,6.755701,311.9912
252,26.7,7.7,2.722,28.0666,19.446709,944.32135
253,26.9,7.9,3.024,30.765291,5.0558615,634.87616
254,27.5,10.8,2.511,25.864973,-0.39474642,231.65663
255,26.2,11.4,2.053,23.98839,9.195239,128.63763
256,25.3,9.0,2.111,23.927492,11.2299385,292.78397
257,23.9,12.2,2.359,23.418108,-0.046701968,106.75125
258,23.9,13.6,2.042,22.777815,4.310079,234.66515
259,22.6,12.8,2.27,22.98192,6.4011126,163.15602
260,20.4,10.4,1.942,17.952229,0.5449736,121.72662
261,18.5,8.8,2.044,15.273582,-0.2903331,85.78607
262,17.2,10.0,2.511,12.591398,-0.39474642,79.64969
263,15.5,11.6,2.607,13.229648,-0.39474642,54.584152
264,13.7,10.6,2.27,6.963844,-0.39474642,56.31448
265,10.4,11.9,2.453,4.329399,-0.39474642,60.77291
266,8.4,11.8,2.978,8.539876,-0.39474642,58.92246
267,7.6,12.9,3.147,1.4928586,-0.39474642,57.706284
268,4.4,11.6,4.289,-1.6757553,-0.2903331,55.31883
269,2.9,12.7,3.895,-0.6388141,-0.39474642,76.17673
270,2.8,14.2,3.769,1.1187179,3.8165915,93.211754
271,2.8,14.6,3.842,1.454564,-0.39474642,96.58123
272,2.8,14.8,4.165,-1.2307005,1.0322359,79.811935
273,2.8,14.7,3.774,3.9515162,6.2300634,88.89021
274,3.2,15.1,4.439,-3.256021,-0.39474642,43.785618
275,2.3,15.3,4.641,-2.156909,-0.39474642,58.42903
276,2.3,15.7,4.211,-0.18804044,-0.39474642,64.08696
277,3.7,14.5,3.618,3.8590298,-0.39474642,46.69065
278,5.0,14.4,3.384,6.5927954,10.469777,80.213455
279,7.3,12.9,4.135,8.279478,16.630482,323.6243
280,7.9,13.6,4.97,12.93558,9.450537,229.56886
281,10.2,12.0,3.959,7.1192403,10.477041,492.08508
282,10.2,12.9,3.613,15.19321,-0.39474642,192.17741
283,14.3,14.9,3.407,15.921688,7.924269,473.09103
284,12.6,13.5,3.328,16.794046,10.512879,308.66772
285,14.6,15.9,3.246,18.597178,-0.39474642,224.43604
286,16.7,12.2,3.137,16.925812,12.420035,279.84357
287,17.6,12.9,2.879,18.56899,2.5675511,209.61201
288,18.0,9.6,2.589,17.653551,6.7401648,299.48404
289,19.3,10.4,2.475,24.596247,4.1745477,215.28204
290,21.2,8.7,2.496,22.312626,12.156591,224.46289
291,22.7,9.5,2.71,25.584484,-0.26405683,127.05471
292,25.1,9.7,2.26,25.90761,-0.08150642,94.09243
293,25.1,8.5,2.208,22.281538,7.436254,113.19657
294,24.4,10.7,2.065,26.242306,1.1790138,82.054794
295,26.9,11.7,1.941,27.75725,33.00459,424.21194
296,21.9,7.8,2.8,31.331171,2.1807826,390.79004
297,27.4,11.5,2.64,32.583645,-0.39474642,152.24034
298,29.9,7.3,2.319,33.63953,0.91214955,65.59833
299,30.7,6.4,1.671,32.983967,0.4753647,55.880653
300,31.8,10.8,1.157,32.233463,12.46929,145.59286
301,30.6,11.1,1.236,31.090122,5.8297358,152.93695
302,28.1,12.6,1.385,30.562326,3.58171,151.9754
303,25.3,6.5,2.306,28.199982,74.14264,1358.6587
304,23.8,7.8,2.262,24.68791,11.713514,1456.659
305,23.2,8.4,2.542,23.713625,4.449933,246.46712
306,23.2,8.7,2.005,24.492733,12.788084,357.30652
307,22.1,10.4,2.619,20.35426,-0.35118324,302.49545
308,20.7,9.7,2.638,19.847878,57.134785,1668.7749
309,17.7,11.6,2.232,14.86495,-0.39474642,169.20323
310,16.8,10.8,2.234,14.002985,1.1299655,125.809135
311,15.5,11.5,2.573,9.370143,-0.39474642,108.605644
312,13.7,12.4,2.658,13.891117,8.666399,162.67831
313,14.0,10.7,3.069,10.368235,0.4268703,123.26896
314,12.8,8.1,2.782,6.710703,-0.35118324,88.54144
315,10.1,13.3,3.101,5.8432174,-0.39474642,103.914474
316,9.2,13.2,2.916,9.954341,4.121604,130.10947
317,6.9,12.9,3.327,-0.03352046,0.37095138,98.17436
318,4.8,14.3,3.302,4.8144693,0.23173358,163.58368
319,5.0,14.9,3.285,4.6182637,0.8234092,105.557755
320,2.6,11.0,3.833,1.6361605,0.8250231,71.589
321,3.1,12.2,3.556,1.3831326,-0.39474642,125.783966
322,3.5,14.6,3.56,2.1882453,-0.39474642,118.23608
323,3.6,14.9,3.616,1.691743,3.9615736,153.7846
324,4.6,15.9,3.967,5.6764965,2.6332402,84.05753
325,4.3,15.2,3.752,2.580572,-0.39474642,141.33797
326,5.0,14.2,3.383,5.003206,8.445582,119.71351
327,6.5,14.1,3.775,8.687388,-0.39474642,29.92816
328,8.5,16.1,3.376,10.140143,0.47651756,26.322346
329,10.2,15.1,3.217,6.8857937,6.5661426,59.277885
330,9.8,15.2,3.401,13.12801,5.0506535,68.82053
331,10.9,14.2,3.272,12.715074,0.8250231,77.58708
332,12.1,11.0,3.317,12.224557,-0.39474642,60.491722
333,13.7,10.3,3.379,11.846577,5.2209597,177.90465
334,13.7,12.0,3.171,16.075024,-0.359942,109.33017
335,15.7,11.6,3.005,18.905579,4.694381,136.26299
336,16.7,9.1,3.193,18.788795,13.701054,265.29343
337,18.6,10.9,2.298,19.141468,-0.32513753,135.10953
338,20.7,10.8,2.112,23.110289,6.389975,89.90907
339,21.5,7.6,1.96,23.783525,2.0823631,115.101585
340,22.1,8.8,1.823,22.595844,7.8539076,133.78935
341,23.1,12.9,1.651,25.523373,7.8661094,210.39937
342,24.2,9.3,1.962,22.640888,3.9180102,141.6921
343,24.8,9.3,1.688,25.921177,1.8617811,142.43832
344,26.2,12.5,1.562,25.768911,48.386658,411.39844
345,24.0,7.4,2.247,27.268616,-0.39474642,351.13437
346,26.2,11.2,2.85,25.772623,4.6585846,141.40361
347,25.6,8.2,2.165,26.953306,53.711884,352.67163
348,23.7,10.3,1.969,29.731655,14.026391,690.78436
349,25.8,10.5,1.52,31.719208,-0.39474642,223.16377
350,30.5,10.6,1.352,30.946625,6.9323044,220.0856
351,29.9,9.2,1.272,31.895302,1.3862896,141.09932
352,29.7,7.9,1.417,28.775019,22.285337,421.9826
353,27.6,8.6,1.848,25.298416,1.5921038,256.3468
354,25.8,9.1,1.845,27.549322,28.499702,347.9974
355,25.3,7.5,1.397,27.976568,0.040885568,290.36746
356,25.7,11.2,1.426,24.623978,19.557198,185.53485
357,20.3,8.0,2.422,22.761389,23.411495,1192.9127
358,22.4,9.7,2.24,24.600773,57.151978,4354.067
359,20.5,8.0,2.203,18.767391,1.4498893,472.7147
360,18.9,9.7,2.193,16.043362,4.6150217,173.6245
361,18.2,9.8,2.682,19.382128,-0.39474642,162.88312
362,17.5,10.4,2.98,12.84104,-0.39474642,171.34082
363,16.1,10.9,2.66,12.869519,-0.39474642,98.550446
364,14.5,14.1,2.447,10.037386,1.9099072,95.818886
365,12.7,12.2,2.509,7.9614506,4.234245,129.71712
366,11.5,11.4,2.833,10.356504,-0.359942,79.3219
367,10.4,11.6,3.113,4.1408153,8.105099,99.21797
368,7.5,11.1,2.997,4.2539506,-0.39474642,87.864716
369,7.0,14.0,3.031,6.81671,-0.39474642,73.732544
370,5.9,14.1,3.182,3.7691324,-0.17693043,73.47609
371,4.7,14.7,3.259,6.2117043,11.473569,207.44583
372,5.4,13.5,3.036,1.2577145,-0.39474642,140.27196
373,4.7,15.9,3.459,5.988745,2.6982408,103.191246
374,5.5,13.8,3.688,7.909184,6.6387486,176.60847
375,6.5,15.0,3.54,1.0635228,-0.39474642,115.42914
376,5.5,15.5,3.422,10.958708,5.399159,95.102486
377,7.0,15.2,3.346,6.8794994,0.5873383,95.36851
378,8.1,13.8,2.975,8.023634,14.741777,339.37225
379,8.7,14.1,3.016,7.7904406,0.47651756,185.61176
380,9.0,14.0,3.209,9.0792885,3.990614,133.90916
381,10.0,13.4,2.883,11.534805,-0.39474642,97.21938
382,12.1,13.6,2.777,13.345715,5.224906,79.61927
383,13.2,12.8,2.781,12.709413,-0.35118324,94.37865
384,14.1,12.8,2.632,12.686045,-0.17693043,58.54146
385,14.2,10.6,2.592,13.515432,7.5337563,61.0125
386,14.9,9.7,2.89,11.538806,7.1653786,111.519226
387,15.4,11.2,2.671,19.485191,-0.39474642,56.5854
388,18.3,11.0,2.213,20.41692,10.713869,87.73913
389,19.9,9.9,2.318,20.302141,4.092263,150.322
390,20.9,9.6,2.494,18.65665,0.4405603,272.94876
391,21.5,11.7,2.291,22.253107,-0.39474642,114.43593
392,22.8,9.9,2.1,25.929564,-0.39474642,89.62516
393,25.1,9.9,1.854,27.940044,17.348705,307.88144
394,25.3,7.6,2.097,25.478428,8.753526,373.92685
395,25.6,10.0,1.736,26.447727,6.880308,188.63197
396,26.5,9.5,1.972,25.727295,24.074074,489.83896
397,25.2,7.7,1.824,26.874922,14.748026,315.33252
398,20.5,7.8,2.359,23.239864,27.838917,1483.2542
399,22.3,8.5,1.906,26.408731,33.166172,2318.1384
400,25.9,9.4,1.857,31.4124,-0.39474642,489.38788
401,26.6,9.2,1.848,30.856152,3.1774359,470.75763
402,27.6,7.2,1.987,28.69301,45.24908,2018.1382
403,22.6,8.4,2.268,23.13967,2.0600393,425.34558
404,22.4,8.8,2.103,21.388927,-0.39474642,255.36131
405,21.6,10.4,2.055,20.756718,-0.39474642,157.5121
406,21.7,10.7,2.09,19.52473,-0.11631086,118.850395
407,20.3,9.8,2.008,15.63138,-0.39474642,90.74417
408,18.4,11.9,2.455,15.269211,4.135826,84.24424
409,16.2,12.9,2.273,13.112679,-0.39474642,79.469795
410,15.6,12.9,2.599,10.630527,0.64938694,75.03962
411,12.8,11.5,2.64,9.203049,-0.39474642,78.9951
412,12.4,10.6,2.94,17.41828,27.22231,110.366554
413,13.2,10.2,3.039,7.7000227,-0.046701968,92.10846
414,10.9,10.0,3.158,3.9027488,-0.39474642,93.86414
415,8.0,11.3,3.032,3.6610947,-0.39474642,84.91691
416,7.0,11.3,3.095,-1.5618962,-0.39474642,100.061356
417,4.6,12.9,3.321,0.8747832,-0.39474642,83.61323
418,3.9,14.1,3.316,0.10229094,1.184742,136.24043
419,3.2,14.0,3.787,-2.593001,-0.39474642,70.4456
420,3.6,14.8,3.809,6.5728717,4.582289,87.26625
421,4.3,14.3,3.948,2.678937,4.721507,79.36224
422,5.0,14.6,3.759,5.3547783,-0.39474642,43.48291
423,6.3,15.3,4.059,1.8469459,1.5845436,69.203636
424,6.3,14.2,3.344,7.8740287,0.34582797,71.19479
425,7.5,13.6,3.739,7.776406,17.213085,215.3062
426,9.1,12.7,3.819,10.543087,7.31594,124.29371
427,10.6,14.0,3.155,13.047409,1.3913447,113.523026
428,11.9,12.8,3.181,12.746,17.466166,81.372604
429,13.4,11.7,3.253,15.716366,11.890076,153.88574
430,14.3,10.5,3.205,13.158121,6.6009474,439.8411
431,15.5,12.9,2.981,13.993291,5.647537,165.08607
432,15.3,11.2,2.744,19.054516,-0.35118324,111.79094
433,17.9,10.8,2.562,17.261164,2.741804,77.25181
434,17.8,9.2,2.28,18.073023,7.337835,98.952995
435,19.1,10.8,2.147,21.608185,1.5655975,112.31533
436,19.8,8.0,3.026,22.505194,10.275991,427.87326
437,21.3,9.8,2.579,21.129915,7.359503,240.50824
438,21.5,9.4,2.208,23.584915,6.1823745,320.93018
439,23.8,8.8,2.11,26.477701,10.237715,255.24188
440,24.5,8.7,2.236,24.577745,3.0954022,257.98322
441,25.1,11.0,1.976,24.517452,6.767865,262.33057
442,25.9,11.1,1.625,27.229204,13.763293,248.94208
443,25.8,7.5,1.564,27.153461,60.491154,1534.1184
444,25.1,7.9,2.699,30.164146,7.665513,782.19324
445,26.9,9.3,2.293,30.629719,-0.2207242,371.18024
446,29.1,10.7,1.902,30.645,-0.30762002,120.41551
447,30.6,10.3,1.454,32.101063,4.0602226,285.19107
448,28.6,6.5,1.645,28.79616,5.0533285,357.09445
449,27.2,8.9,1.836,26.770596,53.371933,215.21552
450,26.1,7.8,1.873,27.823631,25.310188,2284.033
451,24.4,8.3,2.016,27.471008,5.1358066,1829.63
452,22.6,9.3,2.51,25.248238,0.4753647,548.1644
453,23.9,9.4,2.25,25.56208,4.684928,357.97858
454,23.3,9.2,2.405,24.119423,2.2503915,293.67154
455,22.8,10.3,2.239,24.139595,7.9258246,243.92801
456,24.0,11.1,2.077,24.585327,1.0428392,166.56784
457,23.4,9.5,2.129,21.902756,14.367926,211.901
458,18.8,9.8,2.407,12.201804,-0.39474642,242.86282
459,16.9,13.3,2.312,13.59922,-0.39474642,110.535286
460,16.3,14.0,2.059,12.730339,-0.39474642,139.24776
461,15.4,12.2,2.3,11.243035,6.7053604,156.23306
462,12.6,10.5,2.393,9.5908785,-0.39474642,92.96875
463,10.1,13.0,2.44,4.952189,9.698543,150.53949
464,8.2,11.0,2.44,7.6726108,-0.39474642,100.22597
465,7.5,12.7,2.611,3.8975594,0.91214955,166.2846
