,rawcyano,¼ö¿Â(¡É),DO(mg/L),T-N(mg/L),Tem_d,Rain_d,Q_d
0,0,26.4,8.8,2.71,-24.772367,4.974584,-555.7518
1,79,22.6,8.2,2.393,-20.151506,0.43268633,-1217.3527
2,0,26.0,8.0,2.386,-19.97804,0.43268633,-148.1201
3,0,24.2,8.9,2.554,-18.39377,0.43268633,-168.75848
4,0,22.7,8.3,2.442,-15.627925,0.43268633,-119.57914
5,63,21.5,9.7,2.935,-12.82289,0.43268633,-121.91394
6,0,18.1,9.4,2.755,-12.2001,1.2525282,-131.16441
7,0,18.1,10.0,2.837,-7.4930134,0.43268633,-112.21203
8,0,15.1,10.1,2.858,-10.237251,0.6218806,-80.100136
9,135,13.7,10.7,2.825,-5.8262253,0.93720436,-115.35706
10,211,12.4,11.2,3.097,-4.397301,0.43268633,-112.58733
11,247,9.4,12.0,3.106,-3.191472,0.43268633,-95.34691
12,359,7.8,12.5,2.786,0.9899987,0.42419893,-92.33318
13,1171,5.3,13.9,3.058,3.6548474,1.6939814,-98.55053
14,43,5.2,13.3,3.612,1.6843874,1.7885785,-176.23985
15,0,3.1,14.1,4.246,4.336503,0.43268633,-86.306694
16,163,3.0,13.7,3.273,0.69521874,0.43268633,-78.76416
17,0,2.7,14.0,3.654,-1.8388426,0.20514596,-121.11707
18,0,4.4,14.8,4.194,1.9660958,2.8291469,-113.02057
19,0,5.7,13.5,4.172,1.9741813,0.23500466,-226.0106
20,0,3.3,15.0,3.467,0.85022295,0.43268633,-143.29382
21,0,3.8,15.2,3.545,-0.44839582,0.43268633,-81.92929
22,0,6.7,15.5,3.148,-3.632328,1.1263986,-79.10819
23,0,7.6,15.1,3.353,-4.0614467,0.49575108,-88.755104
24,0,11.5,14.5,3.388,-8.088511,0.79490626,-46.2203
25,0,13.0,14.0,3.671,-7.629256,0.43268633,-286.37338
26,0,12.3,13.4,3.746,-8.569409,0.43268633,-127.79464
27,79,14.6,12.5,3.464,-10.1078415,2.3876936,-106.35064
28,0,15.4,11.6,2.924,-6.793996,0.43268633,-214.95819
29,0,14.4,12.5,3.575,-13.264279,0.6218806,-106.89426
30,0,13.9,11.1,3.063,-10.834246,0.17528726,-178.02705
31,0,15.7,10.8,3.124,-13.59472,0.59034824,-167.19214
32,0,19.5,10.7,3.298,-18.682539,0.99602574,-100.176445
33,0,23.2,9.7,3.142,-18.834906,0.43268633,-76.43057
34,0,23.6,7.9,2.967,-20.048447,0.43268633,-115.77775
35,0,23.2,8.5,2.874,-21.88342,0.43268633,-293.84406
36,0,26.2,8.2,2.695,-22.969198,0.43268633,-167.2936
37,0,25.3,8.8,2.133,-22.995026,-1.4640875,-148.03264
38,127,26.9,10.1,2.363,-25.332825,3.967751,-203.46272
39,0,26.9,8.5,2.138,-23.648016,-2.334857,-279.96664
40,171,29.0,9.0,2.234,-26.507126,2.1176562,-150.37349
41,0,26.7,7.3,2.928,-27.952398,0.43268633,-427.83737
42,399,31.0,10.1,2.69,-28.88506,0.43268633,-236.5671
43,5015,31.6,10.0,2.583,-29.238867,0.43268633,-215.85132
44,17415,31.0,9.8,2.303,-29.048044,-5.726989,-174.70589
45,24299,32.0,9.9,3.021,-29.25797,0.43268633,-555.6772
46,14147,34.3,10.0,2.056,-30.877031,0.43268633,-163.68518
47,2295,33.6,8.5,1.812,-29.299412,-1.77967,-116.88185
48,6447,29.1,7.2,2.588,-27.038458,0.6218806,-202.03493
49,40391,30.7,9.4,2.09,-22.120113,0.6769414,-120.413414
50,202791,28.4,12.1,1.987,-23.95405,1.0948663,-141.46765
51,10975,28.8,9.9,2.733,-23.198826,0.43268633,-222.75105
52,7755,29.5,9.8,2.192,-20.898525,0.43268633,-140.00557
53,9287,26.0,9.6,1.774,-19.056255,-0.31378123,-442.14832
54,1939,25.1,11.5,2.053,-22.121622,0.2706197,-212.0974
55,3691,22.8,10.8,2.704,-13.233456,0.43268633,-143.0406
56,1255,21.5,12.1,2.001,-17.112604,0.43268633,-79.8795
57,703,17.7,12.6,2.434,-11.214628,0.43268633,-73.826385
58,279,17.1,11.5,2.19,-11.649419,0.91174215,-72.428406
59,204,14.2,9.8,2.35,-5.1215224,0.59034824,-74.89741
60,214,11.2,11.0,2.612,-2.81695,0.43268633,-46.80421
61,74,10.5,11.7,2.968,-0.7691591,0.40282762,-101.90244
62,1084,8.2,11.6,3.419,-3.2057304,0.43268633,-77.04639
63,0,7.2,12.2,3.743,-1.345874,0.3431102,-63.079025
64,0,5.0,12.5,4.168,-1.2015743,0.4642187,-58.980007
65,594,5.1,13.4,3.968,0.13377905,0.43268633,-49.45385
66,0,5.1,13.8,3.302,0.7276684,0.65341294,-70.3
67,57,3.0,14.1,3.645,2.6656134,0.43268633,-57.07424
68,0,3.2,15.1,4.01,2.073371,0.4642187,-59.967842
69,0,3.6,14.4,3.738,-1.717339,0.55881584,-46.316013
70,0,5.9,13.9,3.854,2.0448241,0.45791224,-50.368324
71,0,4.8,13.8,3.859,-1.1953003,0.43268633,-42.278893
72,0,5.7,14.4,3.808,-2.9250557,0.43268633,-40.311527
73,0,6.2,14.5,3.851,-5.041253,1.2209958,-48.64744
74,0,8.3,14.2,4.07,-3.6279287,0.43268633,-52.052364
75,0,7.8,13.5,4.025,-4.194114,2.4192262,-76.890434
76,0,10.6,13.3,5.483,-8.535934,0.6609335,-85.93546
77,0,12.5,13.1,5.044,-12.035738,-5.2311454,-90.48038
78,0,14.7,10.6,4.528,-13.015414,0.55881584,-225.94058
79,0,14.7,11.3,4.134,-11.882591,0.44529927,-88.253494
80,0,14.9,9.7,3.593,-15.417489,1.41019,-65.81042
81,0,15.7,9.4,3.403,-16.413765,0.43268633,-59.370487
82,0,16.3,8.6,3.314,-15.483267,-0.75340366,-148.68147
83,0,17.8,10.5,2.771,-14.002007,0.43268633,-115.275276
84,0,19.4,12.1,2.432,-20.23297,0.40282762,-96.29253
85,378,21.2,13.4,2.356,-20.901804,0.43268633,-57.12102
86,464,22.7,9.7,2.257,-21.761967,-1.5505576,-59.69313
87,4604,23.3,9.0,2.285,-21.27609,0.39315,-53.44193
88,23212,23.0,8.7,2.38,-21.865513,0.45160577,-91.209335
89,23471,24.1,10.6,2.467,-24.939686,0.65341294,-50.821735
90,18826,23.9,7.5,2.356,-22.65424,0.43268633,-152.80486
91,28415,25.0,7.4,2.449,-24.66584,0.6844619,-131.45688
92,5974,24.8,6.5,2.313,-22.935581,-0.5855807,-92.00263
93,18141,25.7,8.4,1.923,-25.356928,-1.8047631,-87.716515
94,29524,26.2,7.7,2.001,-28.30747,0.49575108,-78.9422
95,31334,28.1,9.9,1.413,-26.38971,0.5007721,-42.453304
96,7874,23.9,7.1,2.593,-26.871557,-1.1829548,-485.60416
97,14149,25.2,7.4,2.174,-24.272545,3.4517906,-466.20975
98,0,23.0,8.0,2.565,-23.409395,0.23500466,-872.20624
99,179,23.7,9.1,2.76,-22.894049,0.6952609,-311.31656
100,3794,25.2,11.2,2.772,-23.913256,0.43268633,-140.079
101,3524,25.0,10.1,2.717,-21.08279,0.43268633,-100.670784
102,10454,23.8,10.4,2.688,-20.476004,1.0908419,-38.58038
103,4104,22.8,8.2,2.595,-19.078888,0.43268633,-228.57288
104,1019,21.2,10.0,2.377,-16.30337,0.43268633,-130.20139
105,3084,19.7,9.2,2.333,-13.387086,0.43268633,-118.09139
106,2149,18.4,11.5,2.427,-13.658219,-7.4745803,-60.99232
107,334,17.4,10.8,2.866,-12.084104,0.84260726,-129.72176
108,414,15.8,10.9,2.837,-8.507723,0.4642187,-248.2506
109,0,14.4,11.1,2.597,-6.061727,0.43268633,-124.64231
110,0,12.0,14.4,2.682,-4.926225,0.43268633,-106.95174
111,0,10.8,14.4,2.827,-8.8614645,0.43268633,-162.08763
112,0,10.1,11.9,2.894,-0.65702033,0.43268633,-191.52704
113,0,6.3,11.6,2.579,0.94541675,0.28339282,-168.8931
114,0,5.7,12.2,2.839,3.5468595,-0.4330277,-130.17929
115,0,3.7,13.6,3.444,1.1644279,0.43268633,-125.70678
116,0,3.1,13.6,3.102,3.0963843,0.44529927,-117.85933
117,0,3.0,13.4,3.432,1.6698478,0.43268633,-125.81301
118,0,2.6,14.5,3.488,0.80497855,0.49575108,-93.56567
119,0,3.0,15.3,3.475,-1.2590295,0.65341294,-98.90271
120,0,4.1,13.5,3.751,-1.5726068,0.30861992,-90.774445
121,0,4.0,13.8,4.435,-0.30526802,0.43268633,-86.70106
122,0,3.8,14.3,3.708,2.1520588,0.43268633,-77.13467
123,0,4.4,14.5,3.954,-3.4661107,0.59034824,-109.951195
124,0,5.8,14.2,4.043,-3.7683501,0.7480101,-118.271355
125,0,6.2,13.6,4.334,-2.0962603,0.23500466,-108.4862
126,0,7.3,13.8,4.41,-2.4836648,0.4389928,-86.04718
127,0,7.9,12.9,3.333,-9.913847,3.081406,-85.74963
128,0,10.4,13.1,4.178,-7.3186307,0.43268633,-156.0445
129,0,11.9,14.1,3.232,-12.520497,-0.2354711,-122.0659
130,0,13.6,9.9,2.97,-9.2405205,0.43268633,-142.67244
131,0,13.8,11.3,2.77,-11.834644,-0.13295534,-165.2651
132,0,14.9,11.2,2.732,-13.362088,0.43268633,-257.14426
133,475,17.1,12.5,2.484,-17.526701,1.2628436,-138.4743
134,14,18.8,9.3,2.55,-17.252579,0.45791224,-112.17528
135,641,20.3,10.7,1.701,-17.999876,0.029642433,-110.829956
136,70,21.3,10.7,1.747,-18.087454,0.43268633,-69.79416
137,441,22.1,10.1,1.636,-23.503855,0.49575108,-48.107365
138,3198,22.9,9.3,1.411,-21.250801,0.7480101,-59.807285
139,5791,22.0,7.5,1.999,-21.99097,0.40282762,-64.77152
140,22974,22.6,8.4,1.62,-23.988728,0.4676572,-66.86321
141,70173,22.9,10.4,1.783,-23.81049,1.2840605,-110.43583
142,44141,23.4,8.3,2.129,-23.135355,0.39315,-106.95773
143,78089,24.0,10.2,1.763,-21.423912,-3.272699,-45.767475
144,550,22.4,7.4,2.314,-24.86009,0.43268633,-304.35992
145,10125,24.4,8.6,2.281,-25.470535,1.7031465,-103.94801
146,33895,26.1,10.7,2.085,-29.304363,0.43268633,-51.070927
147,64617,28.7,8.2,1.881,-29.560453,1.0822533,-34.321526
148,46902,30.0,8.1,1.249,-25.558092,-1.6114321,-51.95103
149,556739,28.2,6.5,1.462,-25.16161,2.3984625,-80.24766
150,152380,25.7,7.5,1.675,-24.526709,-4.3476524,-151.36465
151,59418,25.8,7.0,2.246,-24.589134,-1.3774047,-116.21797
152,26839,24.5,7.7,2.135,-21.663887,0.4894446,-64.17877
153,10032,23.5,8.5,1.878,-19.308266,0.8047684,-37.851208
154,145807,23.3,10.0,1.745,-20.01967,1.2462217,-36.591263
155,39613,23.2,10.9,1.574,-18.67539,2.6651788,-33.74732
156,21749,21.8,9.8,1.637,-16.787159,0.5462029,-49.130688
157,8591,20.3,10.6,1.531,-14.26509,0.43268633,-57.4236
158,72418,19.5,11.4,1.671,-16.99507,0.43268633,-24.04081
159,20137,19.2,9.9,1.361,-10.982134,0.43268633,-26.691687
160,47359,16.3,10.7,1.751,-9.227905,1.3118029,-28.499071
161,27342,15.5,10.8,2.169,-13.687115,1.4858677,-64.08398
162,12585,15.5,9.3,2.734,-13.626755,-0.1943464,-140.20709
163,3756,14.8,9.4,3.192,-5.6213446,0.3149252,-97.948074
164,1278,12.0,10.7,3.235,-6.273557,0.43140087,-66.70286
165,759,9.3,11.6,3.501,-6.2698817,1.6750621,-62.317085
166,3474,9.6,11.8,2.24,-1.0334148,0.43268633,-75.22125
167,347,7.3,12.9,2.388,-4.371548,0.09456298,-55.363407
168,2089,7.1,13.4,2.327,1.0190557,0.43268633,-42.759777
169,241,5.5,14.5,2.525,-1.4845955,0.43268633,-37.819443
170,151,4.8,13.9,2.877,1.2595316,0.43268633,-37.254795
171,253,4.0,12.9,3.2,3.2152038,0.43268633,-32.192406
172,0,2.4,13.7,3.012,0.7650528,0.43268633,-27.688087
173,0,4.0,12.0,2.735,-1.3673569,1.5615454,-24.120934
174,0,5.7,12.4,3.312,-0.53209865,0.43268633,-49.157654
175,0,5.8,12.5,3.596,-1.8431742,0.43268633,-35.310184
176,0,6.0,13.2,3.054,-0.9141154,2.3813872,-28.57807
177,100,9.0,11.2,4.324,-4.6483736,-0.1047703,-210.4026
178,0,8.1,12.2,3.98,-6.192305,1.8516433,-67.0531
179,0,11.3,12.3,4.118,-9.279187,0.4894446,-54.91962
180,0,12.3,11.6,3.348,-9.743781,0.43268633,-38.91931
181,117,14.4,11.0,2.601,-13.325805,-7.395572,-52.788433
182,0,14.6,9.8,3.274,-12.496185,1.2966734,-154.24727
183,34,15.2,8.8,2.423,-15.232449,2.07237,-263.79727
184,175,16.8,9.9,2.9,-14.316093,1.6785005,-228.51274
185,0,17.6,9.7,2.335,-18.692194,0.43268633,-235.2437
186,161,18.7,11.1,1.964,-17.684862,0.39315,-132.43156
187,119,19.7,10.5,1.973,-18.612434,0.43268633,-111.424
188,9010,22.3,11.5,1.672,-21.296432,0.43268633,-81.344345
189,15771,22.9,9.5,1.841,-23.106703,1.0759468,-48.80618
190,11089,23.3,7.9,1.792,-22.132793,1.8503578,-63.18302
191,24228,23.4,8.8,1.85,-24.932098,0.41037196,-104.081985
192,23174,24.6,8.7,1.736,-24.394642,2.814498,-91.350044
193,11380,24.3,8.6,2.045,-23.776049,3.4668775,-91.629814
194,1159,23.9,6.7,2.15,-26.223303,-2.4691513,-1722.7047
195,905,25.0,7.9,2.789,-28.007439,0.31407732,-243.86128
196,1894,26.1,8.6,2.65,-27.169243,0.43268633,-116.14404
197,5977,27.5,8.0,2.6,-29.885206,4.077829,-112.7036
198,16715,29.4,7.0,2.548,-28.126371,0.43268633,-140.92235
199,12976,30.3,8.9,2.298,-29.82925,0.43268633,-102.4702
200,79466,30.8,8.8,2.466,-29.804577,0.04825878,-46.805744
201,204537,30.8,13.2,1.885,-27.318678,0.41037196,-52.9117
202,67066,27.6,8.5,1.656,-21.294367,7.2815185,-140.79355
203,1574,23.9,7.5,2.625,-25.071962,0.7401528,-266.62766
204,4490,24.5,7.9,3.267,-22.99555,8.097688,-58.135273
205,436,21.4,7.3,2.069,-20.55345,0.43268633,-352.34906
206,1527,22.3,9.5,2.328,-20.739304,0.8629588,-206.01456
207,1035,21.9,9.2,2.425,-21.225729,3.3071074,-140.57582
208,473,20.0,9.4,2.583,-15.233824,0.43268633,-287.49542
209,1110,18.9,10.1,2.378,-17.574928,0.43268633,-177.84271
210,263,18.6,10.2,2.297,-15.642189,-0.3436399,-119.65123
211,501,16.8,11.5,2.304,-6.1352224,0.43268633,-107.04619
212,61,14.0,13.1,2.461,-8.6056,0.43268633,-88.568695
213,243,13.4,13.9,2.507,-9.217908,1.2083828,-70.982544
214,1057,13.2,11.1,2.522,-4.4792857,0.55250937,-77.93382
215,1157,10.3,10.5,2.617,-4.3202257,0.6155741,-81.36709
216,4276,8.3,12.2,3.115,-2.109149,0.43268633,-75.081566
217,2807,7.1,12.0,3.107,-1.0243142,0.43268633,-71.91819
218,601,5.7,12.2,3.383,-5.3821487,0.444428,-67.7947
219,201,7.2,11.0,3.376,0.24885426,0.43268633,-133.52844
220,120,5.4,12.9,3.411,-2.9829423,0.43268633,-107.02904
221,126,5.9,14.2,3.707,0.02551262,0.43268633,-85.91413
222,0,4.1,13.5,3.337,2.8232105,0.43268633,-83.72441
223,0,2.7,14.4,3.555,4.378358,0.43268633,-66.41465
224,0,3.2,13.9,3.452,0.6393336,0.43268633,-59.036976
225,0,4.2,13.6,3.518,-0.27411115,0.43268633,-61.57191
226,0,4.0,12.9,3.598,-0.95502657,0.52728343,-61.523132
227,0,5.6,13.8,3.508,-3.1472785,0.42730296,-115.400475
228,0,6.2,14.0,3.808,-4.8125906,0.62818706,-49.705357
229,0,7.7,13.6,4.052,-2.7759035,0.43268633,-55.756413
230,0,8.6,13.5,3.743,-6.9254436,0.43268633,-103.90966
231,0,10.4,13.8,3.886,-8.159605,0.86152667,-57.36045
232,0,10.6,12.1,3.562,-6.855933,-0.3436399,-32.48924
233,0,12.5,12.1,3.506,-11.920316,1.4606417,-57.43697
234,89,14.8,10.9,3.723,-13.920205,0.43268633,-157.57153
235,36,16.1,10.6,3.121,-15.664293,0.44529927,-150.75232
236,185,17.1,11.6,2.688,-15.378278,0.62818706,-94.89455
237,0,18.8,9.3,2.829,-18.604935,0.6344935,-49.6913
238,0,19.9,8.8,2.354,-17.415613,-5.004839,-55.400597
239,79,20.1,9.2,2.105,-18.561338,0.43268633,-43.419407
240,185,22.1,10.2,2.199,-21.687098,0.43268633,-39.75435
241,958,23.3,9.8,2.111,-23.811186,0.43268633,-34.03551
242,12123,23.5,9.0,1.92,-20.71988,0.38636073,-47.722343
243,141079,24.1,9.4,1.894,-22.144945,0.43268633,-43.12839
244,114590,25.9,11.0,1.704,-24.922506,0.39315,-37.068226
245,36797,25.4,6.4,1.655,-24.48504,-0.055990998,-102.84021
246,14517,25.8,7.8,1.84,-28.105732,0.3303092,-311.19284
247,13146,26.8,8.3,1.423,-29.87076,0.48313814,-160.81032
248,23332,28.1,6.8,1.677,-29.601595,0.43268633,-199.09793
249,66067,29.7,10.0,1.875,-28.223516,0.43268633,-266.79926
250,7893,27.1,6.9,2.438,-29.418844,0.43268633,-437.189
251,44504,29.6,12.9,1.955,-28.802477,1.280505,-165.5455
252,6179,26.7,7.7,2.722,-25.146059,-3.728518,-548.71356
253,3270,26.9,7.9,3.024,-28.097612,0.1915899,-485.2327
254,7946,27.5,10.8,2.511,-23.926394,0.43268633,-181.94373
255,20872,26.2,11.4,2.053,-22.421358,1.6336673,-116.93539
256,7034,25.3,9.0,2.111,-21.963638,0.43268633,-200.83844
257,62710,23.9,12.2,2.359,-21.313583,0.43268633,-87.51341
258,45689,23.9,13.6,2.042,-19.669598,1.1137857,-91.47058
259,46134,22.6,12.8,2.27,-18.372032,1.4164965,-93.30349
260,11587,20.4,10.4,1.942,-17.129229,0.43268633,-99.911575
261,18212,18.5,8.8,2.044,-12.135913,0.43268633,-71.33295
262,46838,17.2,10.0,2.511,-9.32154,0.43268633,-55.044514
263,53331,15.5,11.6,2.607,-9.156537,0.43268633,-42.649067
264,24603,13.7,10.6,2.27,-5.066662,0.43268633,-37.02437
265,26651,10.4,11.9,2.453,-2.8222032,0.43268633,-50.995346
266,9819,8.4,11.8,2.978,-5.457817,0.43268633,-52.71179
267,2134,7.6,12.9,3.147,0.27486753,0.43268633,-50.738228
268,607,4.4,11.6,4.289,4.2760077,0.43268633,-49.448357
269,538,2.9,12.7,3.895,2.089544,0.43268633,-64.36668
270,139,2.8,14.2,3.769,1.8315215,0.43268633,-69.558876
271,84,2.8,14.6,3.842,-0.10846113,0.43268633,-83.369354
272,47,2.8,14.8,4.165,5.77921,0.43268633,-63.71941
273,77,2.8,14.7,3.774,-1.0825807,-1.8999574,-75.39995
274,79,3.2,15.1,4.439,7.7017903,0.43268633,-31.172062
275,0,2.3,15.3,4.641,3.4106169,0.43268633,-30.143526
276,0,2.3,15.7,4.211,7.2888384,0.43268633,-33.112846
277,0,3.7,14.5,3.618,-1.4844335,0.43268633,-35.843216
278,0,5.0,14.4,3.384,-5.17266,1.8717768,-51.97341
279,0,7.3,12.9,4.135,-4.501028,-1.4833491,-202.82889
280,0,7.9,13.6,4.97,-9.115718,1.8579499,-199.45015
281,0,10.2,12.0,3.959,-5.106406,-3.4190862,-367.50018
282,126,10.2,12.9,3.613,-12.888132,0.43268633,-107.35548
283,306,14.3,14.9,3.407,-11.282598,1.2020763,-93.39589
284,630,12.6,13.5,3.328,-11.942656,1.4322681,-208.85178
285,1333,14.6,15.9,3.246,-13.803475,0.43268633,-160.53038
286,855,16.7,12.2,3.137,-13.156446,0.43268633,-158.58238
287,835,17.6,12.9,2.879,-15.693605,0.86152667,-172.52315
288,242,18.0,9.6,2.589,-15.651091,0.7984619,-237.43198
289,441,19.3,10.4,2.475,-22.40562,-0.18173344,-166.87038
290,1131,21.2,8.7,2.496,-17.690945,-1.26263,-161.34114
291,2808,22.7,9.5,2.71,-23.221415,0.45160577,-107.286224
292,21709,25.1,9.7,2.26,-24.088303,0.43268633,-87.050896
293,22181,25.1,8.5,2.208,-19.674917,0.43268633,-90.20596
294,92542,24.4,10.7,2.065,-23.728876,0.39315,-71.438194
295,104854,26.9,11.7,1.941,-24.95336,1.4996217,-76.21587
296,414,21.9,7.8,2.8,-22.834833,0.43268633,-299.49905
297,1809,27.4,11.5,2.64,-31.28471,0.43268633,-95.95894
298,34268,29.9,7.3,2.319,-31.675417,0.6218806,-45.2226
299,109427,30.7,6.4,1.671,-30.905674,0.43268633,-26.68451
300,715992,31.8,10.8,1.157,-29.57213,-1.5643601,-44.072235
301,228837,30.6,11.1,1.236,-27.91844,0.8186395,-89.50004
302,350692,28.1,12.6,1.385,-27.335527,0.75431657,-71.19927
303,2069,25.3,6.5,2.306,-25.412878,-2.47359,-893.8234
304,199,23.8,7.8,2.262,-23.267647,-3.3481271,-1056.8488
305,808,23.2,8.4,2.542,-21.839527,0.7417036,-180.09941
306,847,23.2,8.7,2.005,-21.555666,0.62818706,-155.46935
307,1149,22.1,10.4,2.619,-18.672699,0.4389928,-197.3371
308,3425,20.7,9.7,2.638,-16.395376,2.2347283,9.195755
309,894,17.7,11.6,2.232,-13.754491,0.43268633,-142.13306
310,1308,16.8,10.8,2.234,-12.6051855,0.65341294,-105.924484
311,1344,15.5,11.5,2.573,-7.6401725,0.43268633,-89.051605
312,5563,13.7,12.4,2.658,-10.684855,1.7444332,-81.157906
313,718,14.0,10.7,3.069,-8.519877,0.45160577,-95.83076
314,282,12.8,8.1,2.782,-4.3095856,0.4389928,-75.877
315,923,10.1,13.3,3.101,-4.14107,0.43268633,-89.13834
316,128,9.2,13.2,2.916,-4.4954605,-0.5825096,-109.147804
317,1255,6.9,12.9,3.327,0.9270564,0.43268633,-77.98418
318,331,4.8,14.3,3.302,0.30676118,0.43268633,-111.28492
319,61,5.0,14.9,3.285,0.7610084,0.43268633,-95.34297
320,21,2.6,11.0,3.833,0.5709001,0.60926765,-56.642395
321,0,3.1,12.2,3.556,0.68483293,0.43268633,-60.35609
322,75,3.5,14.6,3.56,-0.5832872,0.43268633,-53.65387
323,406,3.6,14.9,3.616,0.5504434,1.0633339,-114.43524
324,0,4.6,15.9,3.967,-3.7248664,0.43268633,-69.12475
325,102,4.3,15.2,3.752,-0.98459077,0.43268633,-56.940998
326,64,5.0,14.2,3.383,-2.2739644,0.43268633,-77.36224
327,88,6.5,14.1,3.775,-6.8025026,0.43268633,-3.5169933
328,98,8.5,16.1,3.376,-8.10578,0.55881584,0.6523528
329,119,10.2,15.1,3.217,-5.01759,0.59665465,-33.897717
330,82,9.8,15.2,3.401,-9.303512,1.2209958,-60.3694
331,44,10.9,14.2,3.272,-7.4552603,0.60926765,-63.692368
332,0,12.1,11.0,3.317,-7.1790814,0.43268633,-43.308136
333,5,13.7,10.3,3.379,-10.020674,-2.8602698,-57.306633
334,0,13.7,12.0,3.171,-12.85114,0.43268633,-83.22513
335,0,15.7,11.6,3.005,-15.227454,-0.75477517,-84.917114
336,61,16.7,9.1,3.193,-13.791844,0.43268633,-221.93251
337,0,18.6,10.9,2.298,-15.795335,0.43268633,-95.022285
338,489,20.7,10.8,2.112,-20.721521,1.0870671,-27.136951
339,281,21.5,7.6,1.96,-19.384697,0.43268633,-73.05916
340,74,22.1,8.8,1.823,-20.646856,0.4894446,-105.973465
341,3011,23.1,12.9,1.651,-23.472996,0.8173813,-90.25098
342,3460,24.2,9.3,1.962,-20.88192,1.0570273,-109.65097
343,37867,24.8,9.3,1.688,-23.07742,0.7147802,-128.66
344,50431,26.2,12.5,1.562,-22.19738,5.4526405,-118.25918
345,40468,24.0,7.4,2.247,-25.668056,0.43268633,-152.65376
346,59525,26.2,11.2,2.85,-23.26536,1.1642375,-82.00651
347,223561,25.6,8.2,2.165,-25.171263,-0.11633816,-172.15344
348,17803,23.7,10.3,1.969,-28.522926,0.43268633,-413.72473
349,11539,25.8,10.5,1.52,-29.653883,0.43268633,-140.9893
350,113641,30.5,10.6,1.352,-28.905354,0.15593201,-134.29373
351,66144,29.9,9.2,1.272,-29.65698,0.50205755,-118.68047
352,194923,29.7,7.9,1.417,-26.717903,0.9392662,-84.728195
353,29215,27.6,8.6,1.848,-24.129284,0.23500466,-218.82228
354,24273,25.8,9.1,1.845,-22.416195,-7.3850746,-188.5785
355,7572,25.3,7.5,1.397,-24.352858,0.49575108,-252.61107
356,67489,25.7,11.2,1.426,-21.603594,3.321052,-128.46704
357,776,20.3,8.0,2.422,-19.264118,0.55881584,-421.70584
358,1737,22.4,9.7,2.24,-23.241804,6.3616514,-165.88472
359,267,20.5,8.0,2.203,-15.678791,0.43268633,-251.62808
360,1713,18.9,9.7,2.193,-14.200765,1.157931,-140.80069
361,378,18.2,9.8,2.682,-16.565786,0.43268633,-126.63721
362,148,17.5,10.4,2.98,-11.322001,0.43268633,-159.11494
363,632,16.1,10.9,2.66,-10.325385,0.43268633,-79.90776
364,579,14.5,14.1,2.447,-6.4705753,0.43268633,-56.837112
365,624,12.7,12.2,2.509,-4.367305,0.43268633,-97.793915
366,454,11.5,11.4,2.833,-6.083492,0.43268633,-63.84108
367,1009,10.4,11.6,3.113,-0.30926645,0.43268633,-75.22265
368,877,7.5,11.1,2.997,-1.7093812,0.43268633,-60.381557
369,261,7.0,14.0,3.031,-5.0453176,0.43268633,-63.159386
370,142,5.9,14.1,3.182,-1.60896,0.4642187,-67.23456
371,219,4.7,14.7,3.259,-4.25309,0.43268633,-90.29913
372,126,5.4,13.5,3.036,0.22429463,0.43268633,-122.34001
373,148,4.7,15.9,3.459,-0.6646539,0.8804461,-97.71706
374,511,5.5,13.8,3.688,-6.3095613,0.43268633,-127.33014
375,506,6.5,15.0,3.54,0.9510115,0.43268633,-80.31887
376,1314,5.5,15.5,3.422,-2.8485498,1.2714475,-62.66089
377,1491,7.0,15.2,3.346,-0.37612996,0.53358996,-90.065186
378,941,8.1,13.8,2.975,-6.191935,-0.5946115,-100.86112
379,62,8.7,14.1,3.016,-4.9558315,0.55881584,-132.38997
380,803,9.0,14.0,3.209,-7.465334,0.43268633,-122.36406
381,1240,10.0,13.4,2.883,-7.288421,0.43268633,-82.75077
382,1081,12.1,13.6,2.777,-10.778424,1.2462217,-72.42815
383,1236,13.2,12.8,2.781,-11.230589,0.4389928,-68.63585
384,677,14.1,12.8,2.632,-11.570403,0.4642187,-47.677876
385,46,14.2,10.6,2.592,-10.353863,1.580465,-37.806118
386,0,14.9,9.7,2.89,-9.307782,0.43268633,-93.50352
387,0,15.4,11.2,2.671,-13.712641,0.43268633,-30.692877
388,241,18.3,11.0,2.213,-18.470343,2.0408375,-38.36324
389,677,19.9,9.9,2.318,-17.753008,1.0822533,-79.62958
390,572,20.9,9.6,2.494,-16.00446,0.43268633,-234.30276
391,144,21.5,11.7,2.291,-21.008207,0.43268633,-80.57326
392,1367,22.8,9.9,2.1,-23.048662,0.43268633,-67.30818
393,7172,25.1,9.9,1.854,-25.938728,2.192193,-47.45169
394,3125,25.3,7.6,2.097,-22.51624,1.7570462,-220.65614
395,16168,25.6,10.0,1.736,-24.576612,1.4858677,-134.95819
396,39444,26.5,9.5,1.972,-23.018003,-0.63285005,-359.3386
397,47792,25.2,7.7,1.824,-25.17793,2.4843538,-269.24905
398,1443,20.5,7.8,2.359,-19.99256,-1.8112069,-759.7352
399,3266,22.3,8.5,1.906,-23.424856,2.0191302,-320.26404
400,1010,25.9,9.4,1.857,-30.300135,0.43268633,-245.69377
401,2252,26.6,9.2,1.848,-29.40951,0.9498173,-414.6219
402,2789,27.6,7.2,1.987,-26.398354,3.2230814,-512.46216
403,5037,22.6,8.4,2.268,-21.28297,0.76692957,-351.38943
404,1247,22.4,8.8,2.103,-18.428856,0.43268633,-208.32338
405,4642,21.6,10.4,2.055,-18.309326,0.43268633,-139.08772
406,2604,21.7,10.7,2.09,-16.574636,0.43268633,-92.24945
407,5987,20.3,9.8,2.008,-14.136093,0.43268633,-82.02684
408,3916,18.4,11.9,2.455,-13.681385,1.0885597,-67.21984
409,1311,16.2,12.9,2.273,-11.961024,0.43268633,-74.02025
410,1032,15.6,12.9,2.599,-6.295684,0.43268633,-63.094032
411,851,12.8,11.5,2.64,-7.3778896,0.43268633,-54.760544
412,720,12.4,10.6,2.94,-12.417224,3.8218973,-64.10887
413,255,13.2,10.2,3.039,-6.1565275,0.43268633,-78.267525
414,154,10.9,10.0,3.158,-2.7797084,0.43268633,-54.547142
415,2005,8.0,11.3,3.032,-1.8839502,0.43268633,-77.80189
416,1397,7.0,11.3,3.095,3.9214656,0.43268633,-77.30271
417,5679,4.6,12.9,3.321,1.0682703,0.43268633,-55.662773
418,3799,3.9,14.1,3.316,4.1288257,0.43268633,-47.787117
419,136,3.2,14.0,3.787,7.5052986,0.43268633,-14.853119
420,54,3.6,14.8,3.809,-0.7174304,0.43268633,-39.252155
421,71,4.3,14.3,3.948,0.6219491,0.43268633,-39.351917
422,38,5.0,14.6,3.759,-1.1350279,0.43268633,-31.840485
423,134,6.3,15.3,4.059,2.8493948,0.43268633,-53.192368
424,0,6.3,14.2,3.344,-5.0220175,0.5398964,-48.51865
425,121,7.5,13.6,3.739,-4.447938,-0.1047703,-102.980194
426,110,9.1,12.7,3.819,-7.253384,1.5489326,-85.8039
427,172,10.6,14.0,3.155,-11.508282,0.6912518,-72.383896
428,287,11.9,12.8,3.181,-8.651534,3.0183413,-63.766407
429,383,13.4,11.7,3.253,-13.828313,2.2111125,-118.86028
430,371,14.3,10.5,3.205,-11.298402,0.43268633,-198.52931
431,1756,15.5,12.9,2.981,-11.550707,0.43268633,-138.41176
432,1164,15.3,11.2,2.744,-13.80845,0.4389928,-83.74191
433,63,17.9,10.8,2.562,-14.435967,0.88675255,-52.48061
434,0,17.8,9.2,2.28,-14.526411,0.037322998,-71.75659
435,18,19.1,10.8,2.147,-17.146082,0.71647775,-68.48876
436,811,19.8,8.0,3.026,-19.452976,-0.9997608,-315.3045
437,523,21.3,9.8,2.579,-18.105988,1.5552388,-183.98618
438,1653,21.5,9.4,2.208,-21.985937,0.49333385,-179.67346
439,282,23.8,8.8,2.11,-24.685776,1.8782445,-175.509
440,2224,24.5,8.7,2.236,-22.33474,-1.4628271,-214.05687
441,2025,25.1,11.0,1.976,-22.674145,0.9076179,-238.39719
442,24938,25.9,11.1,1.625,-25.85072,2.4822907,-187.83214
443,30472,25.8,7.5,1.564,-24.430046,-30.762192,-432.34747
444,247,25.1,7.9,2.699,-28.34717,0.7984619,-438.16074
445,1029,26.9,9.3,2.293,-28.934635,0.43268633,-233.72823
446,16748,29.1,10.7,1.902,-29.20229,0.44529927,-98.50883
447,43365,30.6,10.3,1.454,-29.543692,0.5398964,-205.79352
448,2316,28.6,6.5,1.645,-27.491657,0.41579798,-298.53918
449,40232,27.2,8.9,1.836,-25.561766,4.9661965,-139.41681
450,12442,26.1,7.8,1.873,-25.738142,-5.989219,-1274.8779
451,753,24.4,8.3,2.016,-24.336025,-1.3892127,-795.7748
452,1908,22.6,9.3,2.51,-23.819757,0.43268633,-472.38342
453,1586,23.9,9.4,2.25,-23.605452,1.0275581,-204.66602
454,1323,23.3,9.2,2.405,-22.372717,0.5146705,-262.76266
455,4627,22.8,10.3,2.239,-23.038042,1.6372231,-149.34972
456,3816,24.0,11.1,2.077,-23.298906,0.6408,-128.3115
457,1658,23.4,9.5,2.129,-19.571257,0.7388357,-156.41388
458,1932,18.8,9.8,2.407,-10.119418,0.43268633,-154.21158
459,2105,16.9,13.3,2.312,-12.070394,0.43268633,-97.61572
460,795,16.3,14.0,2.059,-11.395913,0.43268633,-93.1413
461,697,15.4,12.2,2.3,-7.6655374,0.43268633,-120.73599
462,897,12.6,10.5,2.393,-8.60567,0.43268633,-71.60491
463,930,10.1,13.0,2.44,-3.0330427,0.43268633,-122.83691
464,1132,8.2,11.0,2.44,-5.574074,0.43268633,-87.62681
465,501,7.5,12.7,2.611,-1.4631728,0.6218806,-108.488556
466,81,5.9,13.1,3.037,-1.825489,0.43268633,-32.497643
